"dimension","correlation","scheme","metric","replications","mean","ci_lower","ci_upper"
"n=100, p=20","independent","quantile_2","delta_mean_entry_tau",100,-0.000865927524842434,-0.00176719701561126,3.53419659263931e-05
"n=100, p=20","independent","quantile_2","delta_mean_jaccard_s",100,0,-0.00619071709714069,0.00619071709714069
"n=100, p=20","independent","quantile_2","delta_mean_jaccard_2s",100,0.00525252525252525,-0.00382432447739094,0.0143293749824414
"n=100, p=20","independent","quantile_4","delta_mean_entry_tau",100,-0.00274201357245029,-0.00389756204284686,-0.00158646510205372
"n=100, p=20","independent","quantile_4","delta_mean_jaccard_s",100,-0.0193650793650794,-0.0298253763348049,-0.0089047823953538
"n=100, p=20","independent","quantile_4","delta_mean_jaccard_2s",100,-0.00606948606948607,-0.0161971967410704,0.00405822460209827
"n=100, p=20","independent","quantile_8","delta_mean_entry_tau",100,-0.00102709132575245,-0.00237164554699667,0.000317462895491774
"n=100, p=20","independent","quantile_8","delta_mean_jaccard_s",100,-0.0271031746031746,-0.0388754526639194,-0.0153308965424298
"n=100, p=20","independent","quantile_8","delta_mean_jaccard_2s",100,0.00757575757575758,-0.00080670980070675,0.0159582249522219
"n=100, p=20","independent","equal_width_4","delta_mean_entry_tau",100,-0.00408813569758979,-0.00524210308992321,-0.00293416830525636
"n=100, p=20","independent","equal_width_4","delta_mean_jaccard_s",100,-0.0223809523809524,-0.0334895770185625,-0.0112723277433422
"n=100, p=20","independent","equal_width_4","delta_mean_jaccard_2s",100,0.000909090909090916,-0.00903218435099097,0.0108503661691728
"n=100, p=20","ar1_rho_0.5","quantile_2","delta_mean_entry_tau",100,-0.00249354784909435,-0.00450388247846525,-0.000483213219723451
"n=100, p=20","ar1_rho_0.5","quantile_2","delta_mean_jaccard_s",100,-0.00936507936507936,-0.0193325595971806,0.000602400867021867
"n=100, p=20","ar1_rho_0.5","quantile_2","delta_mean_jaccard_2s",100,-0.00295260295260296,-0.0140178759379892,0.00811267003278329
"n=100, p=20","ar1_rho_0.5","quantile_4","delta_mean_entry_tau",100,-0.00288761434829684,-0.00431211041771851,-0.00146311827887518
"n=100, p=20","ar1_rho_0.5","quantile_4","delta_mean_jaccard_s",100,-0.013015873015873,-0.0253131623352338,-0.000718583696512211
"n=100, p=20","ar1_rho_0.5","quantile_4","delta_mean_jaccard_2s",100,0.000833333333333335,-0.00935515705566016,0.0110218237223268
"n=100, p=20","ar1_rho_0.5","quantile_8","delta_mean_entry_tau",100,-0.00038480282312794,-0.0023795139450801,0.00160990829882422
"n=100, p=20","ar1_rho_0.5","quantile_8","delta_mean_jaccard_s",100,-0.00361111111111111,-0.0147623255512164,0.00754010332899419
"n=100, p=20","ar1_rho_0.5","quantile_8","delta_mean_jaccard_2s",100,0.00333527583527584,-0.00724774221522559,0.0139182938857773
"n=100, p=20","ar1_rho_0.5","equal_width_4","delta_mean_entry_tau",100,-0.00444385904249917,-0.00636098548579435,-0.00252673259920399
"n=100, p=20","ar1_rho_0.5","equal_width_4","delta_mean_jaccard_s",100,-0.0266137566137566,-0.0411333637558837,-0.0120941494716295
"n=100, p=20","ar1_rho_0.5","equal_width_4","delta_mean_jaccard_2s",100,-0.00141219891219891,-0.0121081881521886,0.00928379032779073
"n=100, p=20","ar1_rho_0.9","quantile_2","delta_mean_entry_tau",100,-0.00508436227067245,-0.0108462145805956,0.000677490039250728
"n=100, p=20","ar1_rho_0.9","quantile_2","delta_mean_jaccard_s",100,-0.00373015873015873,-0.0226096386604748,0.0151493212001573
"n=100, p=20","ar1_rho_0.9","quantile_2","delta_mean_jaccard_2s",100,-0.0135908535908536,-0.0350364127344016,0.00785470555269437
"n=100, p=20","ar1_rho_0.9","quantile_4","delta_mean_entry_tau",100,-0.00306438986466623,-0.00815383029848468,0.00202505056915223
"n=100, p=20","ar1_rho_0.9","quantile_4","delta_mean_jaccard_s",100,0.00396164021164021,-0.0144584924213261,0.0223817728446065
"n=100, p=20","ar1_rho_0.9","quantile_4","delta_mean_jaccard_2s",100,0.0306021756021756,0.0133107317403407,0.0478936194640105
"n=100, p=20","ar1_rho_0.9","quantile_8","delta_mean_entry_tau",100,0.00411896438432568,-0.00064702515019005,0.00888495391884141
"n=100, p=20","ar1_rho_0.9","quantile_8","delta_mean_jaccard_s",100,0.00325396825396826,-0.014710890683079,0.0212188271910156
"n=100, p=20","ar1_rho_0.9","quantile_8","delta_mean_jaccard_2s",100,0.0330011655011655,0.0141833646722315,0.0518189663300995
"n=100, p=20","ar1_rho_0.9","equal_width_4","delta_mean_entry_tau",100,-0.00575978053066828,-0.0111429142244611,-0.000376646836875413
"n=100, p=20","ar1_rho_0.9","equal_width_4","delta_mean_jaccard_s",100,-0.0242063492063492,-0.0440944856780187,-0.00431821273467971
"n=100, p=20","ar1_rho_0.9","equal_width_4","delta_mean_jaccard_2s",100,0.0285567210567211,0.00952970534974539,0.0475837367636967
"n=100, p=20","block","quantile_2","delta_mean_entry_tau",100,-0.00280421740627192,-0.00792111879611842,0.00231268398357458
"n=100, p=20","block","quantile_2","delta_mean_jaccard_s",100,-0.00158730158730159,-0.0165015219599144,0.0133269187853112
"n=100, p=20","block","quantile_2","delta_mean_jaccard_2s",100,0.00313714063714064,-0.0140802600521775,0.0203545413264587
"n=100, p=20","block","quantile_4","delta_mean_entry_tau",100,-0.00393145763633484,-0.00813491592881613,0.000272000656146447
"n=100, p=20","block","quantile_4","delta_mean_jaccard_s",100,-0.0149206349206349,-0.0299153996053879,7.41297641180926e-05
"n=100, p=20","block","quantile_4","delta_mean_jaccard_2s",100,0.00789821289821289,-0.00731182511613097,0.0231082509125568
"n=100, p=20","block","quantile_8","delta_mean_entry_tau",100,0.00100235992999444,-0.00284629685252107,0.00485101671250996
"n=100, p=20","block","quantile_8","delta_mean_jaccard_s",100,0.00313492063492063,-0.00905617793738002,0.0153260192072213
"n=100, p=20","block","quantile_8","delta_mean_jaccard_2s",100,0.0211091686091686,0.0081158149808763,0.0341025222374609
"n=100, p=20","block","equal_width_4","delta_mean_entry_tau",100,-0.0106773914170031,-0.0156716152247852,-0.00568316760922092
"n=100, p=20","block","equal_width_4","delta_mean_jaccard_s",100,-0.0166269841269841,-0.0325366387622141,-0.000717329491754112
"n=100, p=20","block","equal_width_4","delta_mean_jaccard_2s",100,-0.0125679875679876,-0.0311476076877394,0.00601163255176428
"n=100, p=100","independent","quantile_2","delta_mean_entry_tau",100,-0.0127927337034342,-0.0177880081650428,-0.00779745924182557
"n=100, p=100","independent","quantile_2","delta_mean_jaccard_s",100,0.00139083139083139,-0.0096925336129831,0.0124741963946459
"n=100, p=100","independent","quantile_2","delta_mean_jaccard_2s",100,0.0134279488627315,0.00506595206922544,0.0217899456562375
"n=100, p=100","independent","quantile_4","delta_mean_entry_tau",100,-0.0106409473508277,-0.015837763075329,-0.00544413162632636
"n=100, p=100","independent","quantile_4","delta_mean_jaccard_s",100,-0.011033411033411,-0.0229180154349164,0.00085119336809439
"n=100, p=100","independent","quantile_4","delta_mean_jaccard_2s",100,0.00670701279396932,-0.00125461888642034,0.014668644474359
"n=100, p=100","independent","quantile_8","delta_mean_entry_tau",100,-0.00450917098056532,-0.0090184041489079,6.21877772524065e-08
"n=100, p=100","independent","quantile_8","delta_mean_jaccard_s",100,-0.0192096792096792,-0.0325465010192309,-0.00587285740012752
"n=100, p=100","independent","quantile_8","delta_mean_jaccard_2s",100,0.00537537341885168,-0.00308669670033033,0.0138374435380337
"n=100, p=100","independent","equal_width_4","delta_mean_entry_tau",100,-0.0116153822034792,-0.0166380547511414,-0.00659270965581706
"n=100, p=100","independent","equal_width_4","delta_mean_jaccard_s",100,-0.00695526695526695,-0.0179590109128649,0.00404847700233102
"n=100, p=100","independent","equal_width_4","delta_mean_jaccard_2s",100,0.00472636783506349,-0.00509200771755732,0.0145447433876843
"n=100, p=100","ar1_rho_0.5","quantile_2","delta_mean_entry_tau",100,-0.0106037292655845,-0.0172180803912335,-0.00398937813993544
"n=100, p=100","ar1_rho_0.5","quantile_2","delta_mean_jaccard_s",100,0.00827505827505827,-0.00406309131161901,0.0206132078617356
"n=100, p=100","ar1_rho_0.5","quantile_2","delta_mean_jaccard_2s",100,0.0151869627956585,0.00569616044817667,0.0246777651431402
"n=100, p=100","ar1_rho_0.5","quantile_4","delta_mean_entry_tau",100,-4.14456023190113e-05,-0.00577705049622153,0.0056941592915835
"n=100, p=100","ar1_rho_0.5","quantile_4","delta_mean_jaccard_s",100,0.00958818958818959,-0.000406908988354117,0.0195832881647333
"n=100, p=100","ar1_rho_0.5","quantile_4","delta_mean_jaccard_2s",100,0.0176206945228684,0.00941024111698121,0.0258311479287557
"n=100, p=100","ar1_rho_0.5","quantile_8","delta_mean_entry_tau",100,0.00847916363364719,0.00270787561004346,0.0142504516572509
"n=100, p=100","ar1_rho_0.5","quantile_8","delta_mean_jaccard_s",100,-0.00732156732156732,-0.0206126126855235,0.00596947804238883
"n=100, p=100","ar1_rho_0.5","quantile_8","delta_mean_jaccard_2s",100,0.00989177489177489,0.00100260784533843,0.0187809419382113
"n=100, p=100","ar1_rho_0.5","equal_width_4","delta_mean_entry_tau",100,-0.000871310943953666,-0.00652336144841047,0.00478073956050314
"n=100, p=100","ar1_rho_0.5","equal_width_4","delta_mean_jaccard_s",100,-0.000761460761460769,-0.0142063475946052,0.0126834260716836
"n=100, p=100","ar1_rho_0.5","equal_width_4","delta_mean_jaccard_2s",100,0.0193299454169019,0.0103502941600693,0.0283095966737346
"n=100, p=100","ar1_rho_0.9","quantile_2","delta_mean_entry_tau",100,-0.00500498432461237,-0.0129397379355911,0.00292976928636638
"n=100, p=100","ar1_rho_0.9","quantile_2","delta_mean_jaccard_s",100,0.0128477078477078,-0.00544629862171969,0.0311417143171354
"n=100, p=100","ar1_rho_0.9","quantile_2","delta_mean_jaccard_2s",100,0.0347597734257154,0.0173149954306019,0.052204551420829
"n=100, p=100","ar1_rho_0.9","quantile_4","delta_mean_entry_tau",100,0.0198585582398109,0.0116901175551962,0.0280269989244256
"n=100, p=100","ar1_rho_0.9","quantile_4","delta_mean_jaccard_s",100,0.0183702408702409,0.00169905523031072,0.035041426510171
"n=100, p=100","ar1_rho_0.9","quantile_4","delta_mean_jaccard_2s",100,0.0656218413095225,0.0488861674694302,0.0823575151496148
"n=100, p=100","ar1_rho_0.9","quantile_8","delta_mean_entry_tau",100,0.0411698903605816,0.0331462638589593,0.0491935168622039
"n=100, p=100","ar1_rho_0.9","quantile_8","delta_mean_jaccard_s",100,0.0123726273726274,-0.00356739852661624,0.028312653271871
"n=100, p=100","ar1_rho_0.9","quantile_8","delta_mean_jaccard_2s",100,0.0725178981512315,0.0543263556095035,0.0907094406929595
"n=100, p=100","ar1_rho_0.9","equal_width_4","delta_mean_entry_tau",100,0.0229549208943648,0.0139939744690728,0.0319158673196569
"n=100, p=100","ar1_rho_0.9","equal_width_4","delta_mean_jaccard_s",100,0.0191364191364191,0.00296955659693499,0.0353032816759033
"n=100, p=100","ar1_rho_0.9","equal_width_4","delta_mean_jaccard_2s",100,0.070196155883837,0.0514124668986558,0.0889798448690183
"n=100, p=100","block","quantile_2","delta_mean_entry_tau",100,-0.0179858478619053,-0.0258380909485113,-0.0101336047752994
"n=100, p=100","block","quantile_2","delta_mean_jaccard_s",100,0.0103671328671329,-0.00395752630718857,0.0246917920414543
"n=100, p=100","block","quantile_2","delta_mean_jaccard_2s",100,0.0332302810447738,0.0152523458637895,0.0512082162257581
"n=100, p=100","block","quantile_4","delta_mean_entry_tau",100,0.00114141563422234,-0.00648008957687982,0.00876292084532451
"n=100, p=100","block","quantile_4","delta_mean_jaccard_s",100,0.00939088689088689,-0.00591788727110646,0.0246996610528803
"n=100, p=100","block","quantile_4","delta_mean_jaccard_2s",100,0.0455719649647186,0.0282809676423185,0.0628629622871187
"n=100, p=100","block","quantile_8","delta_mean_entry_tau",100,0.0202520400686814,0.012618613865072,0.0278854662722908
"n=100, p=100","block","quantile_8","delta_mean_jaccard_s",100,0.000854423354423358,-0.0156667118280584,0.0173755585369051
"n=100, p=100","block","quantile_8","delta_mean_jaccard_2s",100,0.0521372294104178,0.036114130143537,0.0681603286772986
"n=100, p=100","block","equal_width_4","delta_mean_entry_tau",100,-0.00693725680086958,-0.014495117314255,0.000620603712515821
"n=100, p=100","block","equal_width_4","delta_mean_jaccard_s",100,0.0210644910644911,0.00780109022583547,0.0343278919031467
"n=100, p=100","block","equal_width_4","delta_mean_jaccard_2s",100,0.0540964778914054,0.0373977013397676,0.0707952544430433
"n=100, p=200","independent","quantile_2","delta_mean_entry_tau",100,0.000136698070034567,-0.00588232934884176,0.00615572548891089
"n=100, p=200","independent","quantile_2","delta_mean_jaccard_s",100,0.000757575757575758,-0.00609580602156767,0.00761095753671918
"n=100, p=200","independent","quantile_2","delta_mean_jaccard_2s",100,-0.0077700045590006,-0.0142499522833518,-0.00129005683464939
"n=100, p=200","independent","quantile_4","delta_mean_entry_tau",100,0.0110532024407786,0.00533643751492033,0.0167699673666369
"n=100, p=200","independent","quantile_4","delta_mean_jaccard_s",100,-0.00766246314072401,-0.01550454219324,0.000179615911792016
"n=100, p=200","independent","quantile_4","delta_mean_jaccard_2s",100,-0.00842704862415584,-0.0150330335178862,-0.00182106373042543
"n=100, p=200","independent","quantile_8","delta_mean_entry_tau",100,0.0131057407734117,0.00693387768685197,0.0192776038599715
"n=100, p=200","independent","quantile_8","delta_mean_jaccard_s",100,-0.00658259614781354,-0.0152787728320589,0.00211358053643184
"n=100, p=200","independent","quantile_8","delta_mean_jaccard_2s",100,-0.0146510472469066,-0.0228132478908617,-0.00648884660295144
"n=100, p=200","independent","equal_width_4","delta_mean_entry_tau",100,0.00848892813155209,0.00267907030896696,0.0142987859541372
"n=100, p=200","independent","equal_width_4","delta_mean_jaccard_s",100,-0.0118833207854947,-0.0210625183892897,-0.00270412318169971
"n=100, p=200","independent","equal_width_4","delta_mean_jaccard_2s",100,-0.0109878860451748,-0.0189199541933484,-0.00305581789700112
"n=100, p=200","ar1_rho_0.5","quantile_2","delta_mean_entry_tau",100,0.00702327393625179,0.00130007298495322,0.0127464748875504
"n=100, p=200","ar1_rho_0.5","quantile_2","delta_mean_jaccard_s",100,-0.00593763724198508,-0.0138554121368138,0.00198013765284368
"n=100, p=200","ar1_rho_0.5","quantile_2","delta_mean_jaccard_2s",100,-0.000972354714136267,-0.00974719426395618,0.00780248483568365
"n=100, p=200","ar1_rho_0.5","quantile_4","delta_mean_entry_tau",100,0.0261805408287998,0.0195698078197386,0.0327912738378609
"n=100, p=200","ar1_rho_0.5","quantile_4","delta_mean_jaccard_s",100,-0.00881719608893523,-0.0181422879113833,0.000507895733512891
"n=100, p=200","ar1_rho_0.5","quantile_4","delta_mean_jaccard_2s",100,0.00303035227623997,-0.00541036832407484,0.0114710728765548
"n=100, p=200","ar1_rho_0.5","quantile_8","delta_mean_entry_tau",100,0.0279543730796073,0.0218256192773704,0.0340831268818442
"n=100, p=200","ar1_rho_0.5","quantile_8","delta_mean_jaccard_s",100,-0.00963228558880734,-0.0183885252220142,-0.000876045955600461
"n=100, p=200","ar1_rho_0.5","quantile_8","delta_mean_jaccard_2s",100,0.00220797386368041,-0.0067107000393826,0.0111266477667434
"n=100, p=200","ar1_rho_0.5","equal_width_4","delta_mean_entry_tau",100,0.0227361032316806,0.0168932065497806,0.0285789999135806
"n=100, p=200","ar1_rho_0.5","equal_width_4","delta_mean_jaccard_s",100,-0.00623031557814167,-0.014387599423059,0.00192696826677568
"n=100, p=200","ar1_rho_0.5","equal_width_4","delta_mean_jaccard_2s",100,0.00351285428086336,-0.00488770510608475,0.0119134136678115
"n=100, p=200","ar1_rho_0.9","quantile_2","delta_mean_entry_tau",100,0.0231505469184067,0.0147300904962263,0.0315710033405872
"n=100, p=200","ar1_rho_0.9","quantile_2","delta_mean_jaccard_s",100,0.0343730655817612,0.0180177747467489,0.0507283564167736
"n=100, p=200","ar1_rho_0.9","quantile_2","delta_mean_jaccard_2s",100,0.0375498242039873,0.022167152334574,0.0529324960734006
"n=100, p=200","ar1_rho_0.9","quantile_4","delta_mean_entry_tau",100,0.0694413035412851,0.0602321245285414,0.0786504825540288
"n=100, p=200","ar1_rho_0.9","quantile_4","delta_mean_jaccard_s",100,0.051807139237574,0.0358583920904379,0.0677558863847101
"n=100, p=200","ar1_rho_0.9","quantile_4","delta_mean_jaccard_2s",100,0.0974723110580612,0.0819539881945159,0.112990633921607
"n=100, p=200","ar1_rho_0.9","quantile_8","delta_mean_entry_tau",100,0.0902206313272173,0.0824460231670501,0.0979952394873845
"n=100, p=200","ar1_rho_0.9","quantile_8","delta_mean_jaccard_s",100,0.0526980420545638,0.0356671679932388,0.0697289161158888
"n=100, p=200","ar1_rho_0.9","quantile_8","delta_mean_jaccard_2s",100,0.12104870411603,0.105484901317963,0.136612506914097
"n=100, p=200","ar1_rho_0.9","equal_width_4","delta_mean_entry_tau",100,0.0631859085444843,0.0553280420954421,0.0710437749935264
"n=100, p=200","ar1_rho_0.9","equal_width_4","delta_mean_jaccard_s",100,0.0538809895418591,0.0382648257892335,0.0694971532944847
"n=100, p=200","ar1_rho_0.9","equal_width_4","delta_mean_jaccard_2s",100,0.109136298668168,0.0928446061378875,0.125427991198449
"n=100, p=200","block","quantile_2","delta_mean_entry_tau",100,0.00537721395668533,-0.00230599942475779,0.0130604273381284
"n=100, p=200","block","quantile_2","delta_mean_jaccard_s",100,0.000987119643641379,-0.0141480875924915,0.0161223268797742
"n=100, p=200","block","quantile_2","delta_mean_jaccard_2s",100,0.00782123880609548,-0.0090387066594558,0.0246811842716468
"n=100, p=200","block","quantile_4","delta_mean_entry_tau",100,0.0445642878772466,0.036698055392796,0.0524305203616972
"n=100, p=200","block","quantile_4","delta_mean_jaccard_s",100,0.011132185930012,-0.00245111352685013,0.0247154853868741
"n=100, p=200","block","quantile_4","delta_mean_jaccard_2s",100,0.0580117319812565,0.0432507719298114,0.0727726920327016
"n=100, p=200","block","quantile_8","delta_mean_entry_tau",100,0.067752136070001,0.0599794996517047,0.0755247724882974
"n=100, p=200","block","quantile_8","delta_mean_jaccard_s",100,0.0223455831608005,0.00964786456628817,0.0350433017553129
"n=100, p=200","block","quantile_8","delta_mean_jaccard_2s",100,0.0851633575766176,0.0719324720840948,0.0983942430691404
"n=100, p=200","block","equal_width_4","delta_mean_entry_tau",100,0.0439533052442028,0.0356559821729507,0.0522506283154549
"n=100, p=200","block","equal_width_4","delta_mean_jaccard_s",100,0.0169667450906581,0.00324219522584186,0.0306912949554744
"n=100, p=200","block","equal_width_4","delta_mean_jaccard_2s",100,0.0670951510147954,0.0520209710155971,0.0821693310139937
"n=500, p=100","independent","quantile_2","delta_mean_entry_tau",100,-0.00316916385265785,-0.00346550121344454,-0.00287282649187116
"n=500, p=100","independent","quantile_2","delta_mean_jaccard_s",100,0,0,0
"n=500, p=100","independent","quantile_2","delta_mean_jaccard_2s",100,-0.000174887914018365,-0.0122957825348546,0.0119460067068179
"n=500, p=100","independent","quantile_4","delta_mean_entry_tau",100,-0.00550633756417857,-0.00588108443537997,-0.00513159069297717
"n=500, p=100","independent","quantile_4","delta_mean_jaccard_s",100,-0.00871017871017872,-0.0137385131447589,-0.0036818442755985
"n=500, p=100","independent","quantile_4","delta_mean_jaccard_2s",100,0.00103701129788086,-0.0103624340762352,0.0124364566719969
"n=500, p=100","independent","quantile_8","delta_mean_entry_tau",100,-0.000144571571507495,-0.000595226152930442,0.000306083009915453
"n=500, p=100","independent","quantile_8","delta_mean_jaccard_s",100,-0.0141647241647242,-0.0199327622839345,-0.00839668604551382
"n=500, p=100","independent","quantile_8","delta_mean_jaccard_2s",100,0.0164568668046929,0.00566969692069863,0.0272440366886871
"n=500, p=100","independent","equal_width_4","delta_mean_entry_tau",100,-0.00560892071766323,-0.00601252406207119,-0.00520531737325526
"n=500, p=100","independent","equal_width_4","delta_mean_jaccard_s",100,-0.0192929292929293,-0.0260879054314583,-0.0124979531544002
"n=500, p=100","independent","equal_width_4","delta_mean_jaccard_2s",100,0.00127151324252773,-0.00913937878437952,0.011682405269435
"n=500, p=100","ar1_rho_0.5","quantile_2","delta_mean_entry_tau",100,-0.0030063566021852,-0.00360425213916561,-0.0024084610652048
"n=500, p=100","ar1_rho_0.5","quantile_2","delta_mean_jaccard_s",100,-0.00636363636363636,-0.0119609108702128,-0.000766361857059934
"n=500, p=100","ar1_rho_0.5","quantile_2","delta_mean_jaccard_2s",100,-0.00138728903946295,-0.0111396592222749,0.00836508114334904
"n=500, p=100","ar1_rho_0.5","quantile_4","delta_mean_entry_tau",100,-0.0066250283808667,-0.00778552571549406,-0.00546453104623934
"n=500, p=100","ar1_rho_0.5","quantile_4","delta_mean_jaccard_s",100,-0.012043512043512,-0.0198413275125311,-0.00424569657449304
"n=500, p=100","ar1_rho_0.5","quantile_4","delta_mean_jaccard_2s",100,-0.0196011310214209,-0.0303586073630519,-0.00884365467978982
"n=500, p=100","ar1_rho_0.5","quantile_8","delta_mean_entry_tau",100,-0.00182128306302677,-0.00294648985225269,-0.000696076273800839
"n=500, p=100","ar1_rho_0.5","quantile_8","delta_mean_jaccard_s",100,-0.016969696969697,-0.0247419403559561,-0.00919745358343789
"n=500, p=100","ar1_rho_0.5","quantile_8","delta_mean_jaccard_2s",100,0.00881623690319343,0.000283878369383811,0.017348595437003
"n=500, p=100","ar1_rho_0.5","equal_width_4","delta_mean_entry_tau",100,-0.00620183462942236,-0.00707973585963298,-0.00532393339921174
"n=500, p=100","ar1_rho_0.5","equal_width_4","delta_mean_jaccard_s",100,-0.0235209235209235,-0.0319987698306901,-0.0150430772111569
"n=500, p=100","ar1_rho_0.5","equal_width_4","delta_mean_jaccard_2s",100,-0.00418683677641698,-0.0148237360301909,0.00645006247735695
"n=500, p=100","ar1_rho_0.9","quantile_2","delta_mean_entry_tau",100,-0.00702125688609505,-0.0106344347800612,-0.00340807899212891
"n=500, p=100","ar1_rho_0.9","quantile_2","delta_mean_jaccard_s",100,-0.011046731046731,-0.0243468804813947,0.00225341838793261
"n=500, p=100","ar1_rho_0.9","quantile_2","delta_mean_jaccard_2s",100,0.0130484409310496,-0.00125636072985809,0.0273532425919573
"n=500, p=100","ar1_rho_0.9","quantile_4","delta_mean_entry_tau",100,-0.00666089787384322,-0.00987232499928226,-0.00344947074840418
"n=500, p=100","ar1_rho_0.9","quantile_4","delta_mean_jaccard_s",100,-0.0167679542679543,-0.0309920436427025,-0.00254386489320606
"n=500, p=100","ar1_rho_0.9","quantile_4","delta_mean_jaccard_2s",100,0.0120248365161409,-0.00252386604540356,0.0265735390776853
"n=500, p=100","ar1_rho_0.9","quantile_8","delta_mean_entry_tau",100,0.00211346675153029,-0.000919091063804515,0.00514602456686509
"n=500, p=100","ar1_rho_0.9","quantile_8","delta_mean_jaccard_s",100,0.0106721056721057,-0.0023250007948311,0.0236692121390425
"n=500, p=100","ar1_rho_0.9","quantile_8","delta_mean_jaccard_2s",100,0.038542904197252,0.0256613472611371,0.051424461133367
"n=500, p=100","ar1_rho_0.9","equal_width_4","delta_mean_entry_tau",100,-0.011104923898,-0.0146912223565083,-0.00751862543949177
"n=500, p=100","ar1_rho_0.9","equal_width_4","delta_mean_jaccard_s",100,-0.0168814518814519,-0.0321169286502329,-0.00164597511267084
"n=500, p=100","ar1_rho_0.9","equal_width_4","delta_mean_jaccard_2s",100,0.015695201175636,0.000476590480103884,0.030913811871168
"n=500, p=100","block","quantile_2","delta_mean_entry_tau",100,-0.00409290700777233,-0.00632844052414253,-0.00185737349140213
"n=500, p=100","block","quantile_2","delta_mean_jaccard_s",100,-0.016033411033411,-0.0269149090070602,-0.00515191305976189
"n=500, p=100","block","quantile_2","delta_mean_jaccard_2s",100,0.0070445918815484,-0.00326465730176857,0.0173538410648654
"n=500, p=100","block","quantile_4","delta_mean_entry_tau",100,-0.00862291624184037,-0.0110638773541938,-0.00618195512948696
"n=500, p=100","block","quantile_4","delta_mean_jaccard_s",100,-0.0204839604839605,-0.0346199818125429,-0.00634793915537806
"n=500, p=100","block","quantile_4","delta_mean_jaccard_2s",100,-0.00559319907145995,-0.0159508205743365,0.00476442243141657
"n=500, p=100","block","quantile_8","delta_mean_entry_tau",100,-0.00255354082647994,-0.0049628640932788,-0.000144217559681068
"n=500, p=100","block","quantile_8","delta_mean_jaccard_s",100,-0.0104778554778555,-0.0208544312228985,-0.000101279732812513
"n=500, p=100","block","quantile_8","delta_mean_jaccard_2s",100,0.00371610828784741,-0.00735291528839912,0.0147851318640939
"n=500, p=100","block","equal_width_4","delta_mean_entry_tau",100,-0.0138298547978283,-0.0166538984535677,-0.0110058111420889
"n=500, p=100","block","equal_width_4","delta_mean_jaccard_s",100,-0.0503502053502053,-0.0644436226663936,-0.0362567880340171
"n=500, p=100","block","equal_width_4","delta_mean_jaccard_2s",100,-0.0160026613483135,-0.0289663779578622,-0.00303894473876484
