"n","p","dimension","correlation","scheme","metric","replications","mean","sd","se","ci_lower","ci_upper"
100,20,"n=100, p=20","independent","quantile_2","delta_mean_entry_tau",100,-0.000865927524842434,0.00459831372841238,0.000459831372841238,-0.00176719701561126,3.53419659263931e-05
100,20,"n=100, p=20","independent","quantile_2","delta_mean_jaccard_s",100,0,0.0315852913119423,0.00315852913119423,-0.00619071709714069,0.00619071709714069
100,20,"n=100, p=20","independent","quantile_2","delta_mean_jaccard_2s",100,0.00525252525252525,0.0463104578056949,0.00463104578056949,-0.00382432447739094,0.0143293749824414
100,20,"n=100, p=20","independent","quantile_2","delta_mean_support_f1",100,-0.02,0.0639859507262738,0.00639859507262738,-0.0325412463423496,-0.00745875365765032
100,20,"n=100, p=20","independent","quantile_2","delta_mean_rmse",100,0.292289003151583,0.165337986730759,0.0165337986730759,0.259882757752355,0.324695248550812
100,20,"n=100, p=20","independent","quantile_4","delta_mean_entry_tau",100,-0.00274201357245029,0.00589565546120698,0.000589565546120698,-0.00389756204284686,-0.00158646510205372
100,20,"n=100, p=20","independent","quantile_4","delta_mean_jaccard_s",100,-0.0193650793650794,0.0533688620904365,0.00533688620904365,-0.0298253763348049,-0.0089047823953538
100,20,"n=100, p=20","independent","quantile_4","delta_mean_jaccard_2s",100,-0.00606948606948607,0.051671993222369,0.0051671993222369,-0.0161971967410704,0.00405822460209827
100,20,"n=100, p=20","independent","quantile_4","delta_mean_support_f1",100,-0.0968080808080807,0.105387226901602,0.0105387226901602,-0.117463977280795,-0.0761521843353668
100,20,"n=100, p=20","independent","quantile_4","delta_mean_rmse",100,0.45384245831452,0.166296763129393,0.0166296763129393,0.421248292741159,0.486436623887881
100,20,"n=100, p=20","independent","quantile_8","delta_mean_entry_tau",100,-0.00102709132575245,0.00685997051655215,0.000685997051655215,-0.00237164554699667,0.000317462895491774
100,20,"n=100, p=20","independent","quantile_8","delta_mean_jaccard_s",100,-0.0271031746031746,0.0600626431670654,0.00600626431670654,-0.0388754526639194,-0.0153308965424298
100,20,"n=100, p=20","independent","quantile_8","delta_mean_jaccard_2s",100,0.00757575757575758,0.0427676906962466,0.00427676906962466,-0.00080670980070675,0.0159582249522219
100,20,"n=100, p=20","independent","quantile_8","delta_mean_support_f1",100,-0.231607614607615,0.151481799113823,0.0151481799113823,-0.261298047233924,-0.201917181981305
100,20,"n=100, p=20","independent","quantile_8","delta_mean_rmse",100,0.730135797556854,0.201944294125867,0.0201944294125867,0.690554715908184,0.769716879205524
100,20,"n=100, p=20","independent","equal_width_4","delta_mean_entry_tau",100,-0.00408813569758979,0.00588758873639503,0.000588758873639503,-0.00524210308992321,-0.00293416830525636
100,20,"n=100, p=20","independent","equal_width_4","delta_mean_jaccard_s",100,-0.0223809523809524,0.0566766563143375,0.00566766563143375,-0.0334895770185625,-0.0112723277433422
100,20,"n=100, p=20","independent","equal_width_4","delta_mean_jaccard_2s",100,0.000909090909090916,0.050720792143275,0.0050720792143275,-0.00903218435099097,0.0108503661691728
100,20,"n=100, p=20","independent","equal_width_4","delta_mean_support_f1",100,-0.158888888888889,0.121543988433545,0.0121543988433545,-0.182711510621864,-0.135066267155914
100,20,"n=100, p=20","independent","equal_width_4","delta_mean_rmse",100,0.608311321366189,0.169389061662708,0.0169389061662708,0.575111065280298,0.64151157745208
100,20,"n=100, p=20","ar1_rho_0.5","quantile_2","delta_mean_entry_tau",100,-0.00249354784909435,0.010256809333525,0.0010256809333525,-0.00450388247846525,-0.000483213219723451
100,20,"n=100, p=20","ar1_rho_0.5","quantile_2","delta_mean_jaccard_s",100,-0.00936507936507936,0.0508544909801083,0.00508544909801083,-0.0193325595971806,0.000602400867021867
100,20,"n=100, p=20","ar1_rho_0.5","quantile_2","delta_mean_jaccard_2s",100,-0.00295260295260296,0.0564554744152359,0.00564554744152359,-0.0140178759379892,0.00811267003278329
100,20,"n=100, p=20","ar1_rho_0.5","quantile_2","delta_mean_support_f1",100,-0.0662828282828283,0.0966430512596513,0.00966430512596513,-0.0852248663297199,-0.0473407902359366
100,20,"n=100, p=20","ar1_rho_0.5","quantile_2","delta_mean_rmse",100,0.246686032594239,0.178701343499003,0.0178701343499003,0.211660569268435,0.281711495920044
100,20,"n=100, p=20","ar1_rho_0.5","quantile_4","delta_mean_entry_tau",100,-0.00288761434829684,0.00726783708888605,0.000726783708888605,-0.00431211041771851,-0.00146311827887518
100,20,"n=100, p=20","ar1_rho_0.5","quantile_4","delta_mean_jaccard_s",100,-0.013015873015873,0.0627412720375551,0.00627412720375551,-0.0253131623352338,-0.000718583696512211
100,20,"n=100, p=20","ar1_rho_0.5","quantile_4","delta_mean_jaccard_2s",100,0.000833333333333335,0.0519820938213954,0.00519820938213954,-0.00935515705566016,0.0110218237223268
100,20,"n=100, p=20","ar1_rho_0.5","quantile_4","delta_mean_support_f1",100,-0.136858585858586,0.139614054792723,0.0139614054792723,-0.16422294059796,-0.109494231119212
100,20,"n=100, p=20","ar1_rho_0.5","quantile_4","delta_mean_rmse",100,0.424323514034182,0.187534381742104,0.0187534381742104,0.38756677521273,0.461080252855634
100,20,"n=100, p=20","ar1_rho_0.5","quantile_8","delta_mean_entry_tau",100,-0.00038480282312794,0.0101770975609804,0.00101770975609804,-0.0023795139450801,0.00160990829882422
100,20,"n=100, p=20","ar1_rho_0.5","quantile_8","delta_mean_jaccard_s",100,-0.00361111111111111,0.0568939512250271,0.0056893951225027,-0.0147623255512164,0.00754010332899419
100,20,"n=100, p=20","ar1_rho_0.5","quantile_8","delta_mean_jaccard_2s",100,0.00333527583527584,0.0539949900535787,0.00539949900535787,-0.00724774221522559,0.0139182938857773
100,20,"n=100, p=20","ar1_rho_0.5","quantile_8","delta_mean_support_f1",100,-0.246130536130536,0.161163377767582,0.0161163377767582,-0.277718558172982,-0.21454251408809
100,20,"n=100, p=20","ar1_rho_0.5","quantile_8","delta_mean_rmse",100,0.65396723338371,0.20962385786209,0.020962385786209,0.61288095724274,0.695053509524679
100,20,"n=100, p=20","ar1_rho_0.5","equal_width_4","delta_mean_entry_tau",100,-0.00444385904249917,0.00978125736375091,0.000978125736375091,-0.00636098548579435,-0.00252673259920399
100,20,"n=100, p=20","ar1_rho_0.5","equal_width_4","delta_mean_jaccard_s",100,-0.0266137566137566,0.0740796282761585,0.00740796282761585,-0.0411333637558837,-0.0120941494716295
100,20,"n=100, p=20","ar1_rho_0.5","equal_width_4","delta_mean_jaccard_2s",100,-0.00141219891219891,0.0545713736734165,0.00545713736734165,-0.0121081881521886,0.00928379032779073
100,20,"n=100, p=20","ar1_rho_0.5","equal_width_4","delta_mean_support_f1",100,-0.197539682539683,0.14670812783842,0.014670812783842,-0.226294475596013,-0.168784889483352
100,20,"n=100, p=20","ar1_rho_0.5","equal_width_4","delta_mean_rmse",100,0.602839889844426,0.216067071598904,0.0216067071598904,0.56049074381104,0.645189035877811
100,20,"n=100, p=20","ar1_rho_0.9","quantile_2","delta_mean_entry_tau",100,-0.00508436227067245,0.0293972056628734,0.00293972056628734,-0.0108462145805956,0.000677490039250728
100,20,"n=100, p=20","ar1_rho_0.9","quantile_2","delta_mean_jaccard_s",100,-0.00373015873015873,0.0963238771954901,0.00963238771954901,-0.0226096386604748,0.0151493212001573
100,20,"n=100, p=20","ar1_rho_0.9","quantile_2","delta_mean_jaccard_2s",100,-0.0135908535908536,0.109416118079326,0.0109416118079326,-0.0350364127344016,0.00785470555269437
100,20,"n=100, p=20","ar1_rho_0.9","quantile_2","delta_mean_support_f1",100,-0.0851616161616162,0.150606991262815,0.0150606991262815,-0.114680586449128,-0.0556426458741043
100,20,"n=100, p=20","ar1_rho_0.9","quantile_2","delta_mean_rmse",100,0.212243393167927,0.161874259698703,0.0161874259698703,0.180516038266981,0.243970748068873
100,20,"n=100, p=20","ar1_rho_0.9","quantile_4","delta_mean_entry_tau",100,-0.00306438986466623,0.0259665328256044,0.00259665328256044,-0.00815383029848468,0.00202505056915223
100,20,"n=100, p=20","ar1_rho_0.9","quantile_4","delta_mean_jaccard_s",100,0.00396164021164021,0.0939802685355424,0.00939802685355423,-0.0144584924213261,0.0223817728446065
100,20,"n=100, p=20","ar1_rho_0.9","quantile_4","delta_mean_jaccard_2s",100,0.0306021756021756,0.0882216523563007,0.00882216523563007,0.0133107317403407,0.0478936194640105
100,20,"n=100, p=20","ar1_rho_0.9","quantile_4","delta_mean_support_f1",100,-0.167431235431235,0.170978467194828,0.0170978467194828,-0.200943015001422,-0.133919455861049
100,20,"n=100, p=20","ar1_rho_0.9","quantile_4","delta_mean_rmse",100,0.387233654859011,0.224615570520213,0.0224615570520213,0.343209003037049,0.431258306680972
100,20,"n=100, p=20","ar1_rho_0.9","quantile_8","delta_mean_entry_tau",100,0.00411896438432568,0.0243162731352843,0.00243162731352843,-0.00064702515019005,0.00888495391884141
100,20,"n=100, p=20","ar1_rho_0.9","quantile_8","delta_mean_jaccard_s",100,0.00325396825396826,0.0916574435563638,0.00916574435563638,-0.014710890683079,0.0212188271910156
100,20,"n=100, p=20","ar1_rho_0.9","quantile_8","delta_mean_jaccard_2s",100,0.0330011655011655,0.0960091879027244,0.00960091879027244,0.0141833646722315,0.0518189663300995
100,20,"n=100, p=20","ar1_rho_0.9","quantile_8","delta_mean_support_f1",100,-0.219181818181818,0.203314570632225,0.0203314570632225,-0.259031474025734,-0.179332162337902
100,20,"n=100, p=20","ar1_rho_0.9","quantile_8","delta_mean_rmse",100,0.584489722338024,0.283389463057617,0.0283389463057617,0.528945387578731,0.640034057097317
100,20,"n=100, p=20","ar1_rho_0.9","equal_width_4","delta_mean_entry_tau",100,-0.00575978053066828,0.0274649678254738,0.00274649678254738,-0.0111429142244611,-0.000376646836875413
100,20,"n=100, p=20","ar1_rho_0.9","equal_width_4","delta_mean_jaccard_s",100,-0.0242063492063492,0.10147008403913,0.010147008403913,-0.0440944856780187,-0.00431821273467971
100,20,"n=100, p=20","ar1_rho_0.9","equal_width_4","delta_mean_jaccard_2s",100,0.0285567210567211,0.0970766107498758,0.00970766107498758,0.00952970534974539,0.0475837367636967
100,20,"n=100, p=20","ar1_rho_0.9","equal_width_4","delta_mean_support_f1",100,-0.231989898989899,0.198679139746325,0.0198679139746325,-0.270931010380179,-0.193048787599619
100,20,"n=100, p=20","ar1_rho_0.9","equal_width_4","delta_mean_rmse",100,0.550810631110155,0.270786151977885,0.0270786151977885,0.497736545322489,0.60388471689782
100,20,"n=100, p=20","block","quantile_2","delta_mean_entry_tau",100,-0.00280421740627192,0.0261066397441148,0.00261066397441148,-0.00792111879611842,0.00231268398357458
100,20,"n=100, p=20","block","quantile_2","delta_mean_jaccard_s",100,-0.00158730158730159,0.0760929610847591,0.00760929610847591,-0.0165015219599144,0.0133269187853112
100,20,"n=100, p=20","block","quantile_2","delta_mean_jaccard_2s",100,0.00313714063714064,0.0878438810679495,0.00878438810679495,-0.0140802600521775,0.0203545413264587
100,20,"n=100, p=20","block","quantile_2","delta_mean_support_f1",100,-0.097038073038073,0.162734694963703,0.0162734694963703,-0.128934073250959,-0.0651420728251873
100,20,"n=100, p=20","block","quantile_2","delta_mean_rmse",100,0.251208984464858,0.241541382592153,0.0241541382592153,0.203866873476796,0.29855109545292
100,20,"n=100, p=20","block","quantile_4","delta_mean_entry_tau",100,-0.00393145763633484,0.0214462157779658,0.00214462157779658,-0.00813491592881613,0.000272000656146447
100,20,"n=100, p=20","block","quantile_4","delta_mean_jaccard_s",100,-0.0149206349206349,0.0765039014528215,0.00765039014528215,-0.0299153996053879,7.41297641180926e-05
100,20,"n=100, p=20","block","quantile_4","delta_mean_jaccard_2s",100,0.00789821289821289,0.0776022347670605,0.00776022347670605,-0.00731182511613097,0.0231082509125568
100,20,"n=100, p=20","block","quantile_4","delta_mean_support_f1",100,-0.208076146076146,0.201052093589683,0.0201052093589683,-0.247482356419724,-0.168669935732568
100,20,"n=100, p=20","block","quantile_4","delta_mean_rmse",100,0.395567746524006,0.277501442952593,0.0277501442952593,0.341177463705298,0.449958029342714
100,20,"n=100, p=20","block","quantile_8","delta_mean_entry_tau",100,0.00100235992999444,0.0196360039924261,0.00196360039924261,-0.00284629685252107,0.00485101671250996
100,20,"n=100, p=20","block","quantile_8","delta_mean_jaccard_s",100,0.00313492063492063,0.062199482511738,0.0062199482511738,-0.00905617793738002,0.0153260192072213
100,20,"n=100, p=20","block","quantile_8","delta_mean_jaccard_2s",100,0.0211091686091686,0.0662926205525118,0.00662926205525118,0.0081158149808763,0.0341025222374609
100,20,"n=100, p=20","block","quantile_8","delta_mean_support_f1",100,-0.267839160839161,0.199267075417226,0.0199267075417226,-0.306895507620937,-0.228782814057385
100,20,"n=100, p=20","block","quantile_8","delta_mean_rmse",100,0.632052408673743,0.294862646343109,0.0294862646343109,0.574259329990494,0.689845487356993
100,20,"n=100, p=20","block","equal_width_4","delta_mean_entry_tau",100,-0.0106773914170031,0.0254807337131742,0.00254807337131742,-0.0156716152247852,-0.00568316760922092
100,20,"n=100, p=20","block","equal_width_4","delta_mean_jaccard_s",100,-0.0166269841269841,0.0811717073226021,0.00811717073226021,-0.0325366387622141,-0.000717329491754112
100,20,"n=100, p=20","block","equal_width_4","delta_mean_jaccard_2s",100,-0.0125679875679876,0.0947939802028156,0.00947939802028156,-0.0311476076877394,0.00601163255176428
100,20,"n=100, p=20","block","equal_width_4","delta_mean_support_f1",100,-0.284948717948718,0.196103634531437,0.0196103634531437,-0.32338503031688,-0.246512405580556
100,20,"n=100, p=20","block","equal_width_4","delta_mean_rmse",100,0.598493397952542,0.327007283236514,0.0327007283236514,0.534399970438185,0.662586825466899
100,100,"n=100, p=100","independent","quantile_2","delta_mean_entry_tau",100,-0.0127927337034342,0.0254860941918806,0.00254860941918806,-0.0177880081650428,-0.00779745924182557
100,100,"n=100, p=100","independent","quantile_2","delta_mean_jaccard_s",100,0.00139083139083139,0.0565477806317066,0.00565477806317066,-0.0096925336129831,0.0124741963946459
100,100,"n=100, p=100","independent","quantile_2","delta_mean_jaccard_2s",100,0.0134279488627315,0.0426632489464594,0.00426632489464594,0.00506595206922544,0.0217899456562375
100,100,"n=100, p=100","independent","quantile_2","delta_mean_support_f1",100,-0.0768681849551415,0.0838372510592109,0.00838372510592109,-0.0933002861627468,-0.0604360837475362
100,100,"n=100, p=100","independent","quantile_2","delta_mean_rmse",100,0.32621876368363,0.179860763477253,0.0179860763477253,0.290966054042088,0.361471473325171
100,100,"n=100, p=100","independent","quantile_4","delta_mean_entry_tau",100,-0.0106409473508277,0.0265143659413334,0.00265143659413334,-0.015837763075329,-0.00544413162632636
100,100,"n=100, p=100","independent","quantile_4","delta_mean_jaccard_s",100,-0.011033411033411,0.0606357367423746,0.00606357367423746,-0.0229180154349164,0.00085119336809439
100,100,"n=100, p=100","independent","quantile_4","delta_mean_jaccard_2s",100,0.00670701279396932,0.0406205697979064,0.00406205697979064,-0.00125461888642034,0.014668644474359
100,100,"n=100, p=100","independent","quantile_4","delta_mean_support_f1",100,-0.225714473931865,0.126356942397642,0.0126356942397642,-0.250480434641803,-0.200948513221927
100,100,"n=100, p=100","independent","quantile_4","delta_mean_rmse",100,0.597599278342964,0.211387642438722,0.0211387642438722,0.556167300424974,0.639031256260953
100,100,"n=100, p=100","independent","quantile_8","delta_mean_entry_tau",100,-0.00450917098056532,0.0230062916752172,0.00230062916752172,-0.0090184041489079,6.21877772524065e-08
100,100,"n=100, p=100","independent","quantile_8","delta_mean_jaccard_s",100,-0.0192096792096792,0.0680450092324066,0.00680450092324066,-0.0325465010192309,-0.00587285740012752
100,100,"n=100, p=100","independent","quantile_8","delta_mean_jaccard_2s",100,0.00537537341885168,0.0431738271386837,0.00431738271386837,-0.00308669670033033,0.0138374435380337
100,100,"n=100, p=100","independent","quantile_8","delta_mean_support_f1",100,-0.377404071773637,0.137555818636688,0.0137555818636688,-0.404365012226428,-0.350443131320846
100,100,"n=100, p=100","independent","quantile_8","delta_mean_rmse",100,0.851005599853869,0.23295442624679,0.023295442624679,0.805346532309498,0.89666466739824
100,100,"n=100, p=100","independent","equal_width_4","delta_mean_entry_tau",100,-0.0116153822034792,0.0256258803452151,0.00256258803452151,-0.0166380547511414,-0.00659270965581706
100,100,"n=100, p=100","independent","equal_width_4","delta_mean_jaccard_s",100,-0.00695526695526695,0.0561415508040713,0.00561415508040713,-0.0179590109128649,0.00404847700233102
100,100,"n=100, p=100","independent","equal_width_4","delta_mean_jaccard_2s",100,0.00472636783506349,0.0500937528194939,0.00500937528194939,-0.00509200771755732,0.0145447433876843
100,100,"n=100, p=100","independent","equal_width_4","delta_mean_support_f1",100,-0.25867977915804,0.130689243265147,0.0130689243265147,-0.284294870838009,-0.233064687478071
100,100,"n=100, p=100","independent","equal_width_4","delta_mean_rmse",100,0.753028043406778,0.224843585990543,0.0224843585990543,0.708958700552631,0.797097386260924
100,100,"n=100, p=100","ar1_rho_0.5","quantile_2","delta_mean_entry_tau",100,-0.0106037292655845,0.0337466894165768,0.00337466894165768,-0.0172180803912335,-0.00398937813993544
100,100,"n=100, p=100","ar1_rho_0.5","quantile_2","delta_mean_jaccard_s",100,0.00827505827505827,0.0629497427891698,0.00629497427891698,-0.00406309131161901,0.0206132078617356
100,100,"n=100, p=100","ar1_rho_0.5","quantile_2","delta_mean_jaccard_2s",100,0.0151869627956585,0.0484224609565397,0.00484224609565397,0.00569616044817667,0.0246777651431402
100,100,"n=100, p=100","ar1_rho_0.5","quantile_2","delta_mean_support_f1",100,-0.076736369910283,0.0847918040126131,0.00847918040126131,-0.0933555634967552,-0.0601171763238108
100,100,"n=100, p=100","ar1_rho_0.5","quantile_2","delta_mean_rmse",100,0.298286245676586,0.139343774005678,0.0139343774005678,0.270974865971473,0.325597625381699
100,100,"n=100, p=100","ar1_rho_0.5","quantile_4","delta_mean_entry_tau",100,-4.14456023190113e-05,0.0292632902750128,0.00292632902750128,-0.00577705049622153,0.0056941592915835
100,100,"n=100, p=100","ar1_rho_0.5","quantile_4","delta_mean_jaccard_s",100,0.00958818958818959,0.0509954009007332,0.00509954009007332,-0.000406908988354117,0.0195832881647333
100,100,"n=100, p=100","ar1_rho_0.5","quantile_4","delta_mean_jaccard_2s",100,0.0176206945228684,0.0418900683973838,0.00418900683973838,0.00941024111698121,0.0258311479287557
100,100,"n=100, p=100","ar1_rho_0.5","quantile_4","delta_mean_support_f1",100,-0.207301650040781,0.111619081813197,0.0111619081813197,-0.229178990076167,-0.185424310005394
100,100,"n=100, p=100","ar1_rho_0.5","quantile_4","delta_mean_rmse",100,0.55305786892644,0.175454114351874,0.0175454114351874,0.518668862513473,0.587446875339408
100,100,"n=100, p=100","ar1_rho_0.5","quantile_8","delta_mean_entry_tau",100,0.00847916363364719,0.0294453470592027,0.00294453470592027,0.00270787561004346,0.0142504516572509
100,100,"n=100, p=100","ar1_rho_0.5","quantile_8","delta_mean_jaccard_s",100,-0.00732156732156732,0.0678114559385518,0.00678114559385518,-0.0206126126855235,0.00596947804238883
100,100,"n=100, p=100","ar1_rho_0.5","quantile_8","delta_mean_jaccard_2s",100,0.00989177489177489,0.0453528930940636,0.00453528930940636,0.00100260784533843,0.0187809419382113
100,100,"n=100, p=100","ar1_rho_0.5","quantile_8","delta_mean_support_f1",100,-0.369362350210176,0.143480279760582,0.0143480279760582,-0.39748448504325,-0.341240215377102
100,100,"n=100, p=100","ar1_rho_0.5","quantile_8","delta_mean_rmse",100,0.817691418242149,0.203942241658923,0.0203942241658923,0.777718738877,0.857664097607298
100,100,"n=100, p=100","ar1_rho_0.5","equal_width_4","delta_mean_entry_tau",100,-0.000871310943953666,0.0288369923696776,0.00288369923696776,-0.00652336144841047,0.00478073956050314
100,100,"n=100, p=100","ar1_rho_0.5","equal_width_4","delta_mean_jaccard_s",100,-0.000761460761460769,0.0685963613935938,0.00685963613935938,-0.0142063475946052,0.0126834260716836
100,100,"n=100, p=100","ar1_rho_0.5","equal_width_4","delta_mean_jaccard_2s",100,0.0193299454169019,0.0458145472287381,0.00458145472287381,0.0103502941600693,0.0283095966737346
100,100,"n=100, p=100","ar1_rho_0.5","equal_width_4","delta_mean_support_f1",100,-0.270481209611644,0.123817320928685,0.0123817320928685,-0.294749404513667,-0.246213014709622
100,100,"n=100, p=100","ar1_rho_0.5","equal_width_4","delta_mean_rmse",100,0.721730071169827,0.211151226605082,0.0211151226605082,0.680344430755231,0.763115711584423
100,100,"n=100, p=100","ar1_rho_0.9","quantile_2","delta_mean_entry_tau",100,-0.00500498432461237,0.0404834367907079,0.00404834367907079,-0.0129397379355911,0.00292976928636638
100,100,"n=100, p=100","ar1_rho_0.9","quantile_2","delta_mean_jaccard_s",100,0.0128477078477078,0.0933367677011609,0.00933367677011609,-0.00544629862171969,0.0311417143171354
100,100,"n=100, p=100","ar1_rho_0.9","quantile_2","delta_mean_jaccard_2s",100,0.0347597734257154,0.0890039693628242,0.00890039693628242,0.0173149954306019,0.052204551420829
100,100,"n=100, p=100","ar1_rho_0.9","quantile_2","delta_mean_support_f1",100,-0.0735324675324675,0.10867585947355,0.010867585947355,-0.0948329359892834,-0.0522319990756517
100,100,"n=100, p=100","ar1_rho_0.9","quantile_2","delta_mean_rmse",100,0.295071530129373,0.16315541113787,0.016315541113787,0.263093069546351,0.327049990712396
100,100,"n=100, p=100","ar1_rho_0.9","quantile_4","delta_mean_entry_tau",100,0.0198585582398109,0.0416757177786464,0.00416757177786464,0.0116901175551962,0.0280269989244256
100,100,"n=100, p=100","ar1_rho_0.9","quantile_4","delta_mean_jaccard_s",100,0.0183702408702409,0.0850570695914803,0.00850570695914803,0.00169905523031072,0.035041426510171
100,100,"n=100, p=100","ar1_rho_0.9","quantile_4","delta_mean_jaccard_2s",100,0.0656218413095225,0.0853860910208791,0.00853860910208791,0.0488861674694302,0.0823575151496148
100,100,"n=100, p=100","ar1_rho_0.9","quantile_4","delta_mean_support_f1",100,-0.135529769747161,0.114193012663492,0.0114193012663492,-0.157911600229205,-0.113147939265117
100,100,"n=100, p=100","ar1_rho_0.9","quantile_4","delta_mean_rmse",100,0.474283028803061,0.183388208872074,0.0183388208872074,0.438338939864134,0.510227117741987
100,100,"n=100, p=100","ar1_rho_0.9","quantile_8","delta_mean_entry_tau",100,0.0411698903605816,0.0409368699062361,0.00409368699062361,0.0331462638589593,0.0491935168622039
100,100,"n=100, p=100","ar1_rho_0.9","quantile_8","delta_mean_jaccard_s",100,0.0123726273726274,0.0813266627512429,0.00813266627512429,-0.00356739852661624,0.028312653271871
100,100,"n=100, p=100","ar1_rho_0.9","quantile_8","delta_mean_jaccard_2s",100,0.0725178981512315,0.0928139925598366,0.00928139925598366,0.0543263556095035,0.0907094406929595
100,100,"n=100, p=100","ar1_rho_0.9","quantile_8","delta_mean_support_f1",100,-0.202954074910597,0.13625313506008,0.013625313506008,-0.229659689382372,-0.176248460438821
100,100,"n=100, p=100","ar1_rho_0.9","quantile_8","delta_mean_rmse",100,0.700722441860654,0.240119631631649,0.0240119631631649,0.653658994060851,0.747785889660457
100,100,"n=100, p=100","ar1_rho_0.9","equal_width_4","delta_mean_entry_tau",100,0.0229549208943648,0.0457191144147552,0.00457191144147552,0.0139939744690728,0.0319158673196569
100,100,"n=100, p=100","ar1_rho_0.9","equal_width_4","delta_mean_jaccard_s",100,0.0191364191364191,0.0824839925483885,0.00824839925483885,0.00296955659693499,0.0353032816759033
100,100,"n=100, p=100","ar1_rho_0.9","equal_width_4","delta_mean_jaccard_2s",100,0.070196155883837,0.0958351478835777,0.00958351478835777,0.0514124668986558,0.0889798448690183
100,100,"n=100, p=100","ar1_rho_0.9","equal_width_4","delta_mean_support_f1",100,-0.189836595771378,0.132351118422426,0.0132351118422426,-0.215777414982174,-0.163895776560583
100,100,"n=100, p=100","ar1_rho_0.9","equal_width_4","delta_mean_rmse",100,0.635076859469815,0.22631393330714,0.022631393330714,0.590719328541615,0.679434390398014
100,100,"n=100, p=100","block","quantile_2","delta_mean_entry_tau",100,-0.0179858478619053,0.0400624647275812,0.00400624647275812,-0.0258380909485113,-0.0101336047752994
100,100,"n=100, p=100","block","quantile_2","delta_mean_jaccard_s",100,0.0103671328671329,0.0730849957873543,0.00730849957873543,-0.00395752630718857,0.0246917920414543
100,100,"n=100, p=100","block","quantile_2","delta_mean_jaccard_2s",100,0.0332302810447738,0.0917241590866545,0.00917241590866545,0.0152523458637895,0.0512082162257581
100,100,"n=100, p=100","block","quantile_2","delta_mean_support_f1",100,-0.0787519292301901,0.0941314578736662,0.00941314578736662,-0.0972016949734287,-0.0603021634869515
100,100,"n=100, p=100","block","quantile_2","delta_mean_rmse",100,0.280722931416487,0.15176824156247,0.015176824156247,0.250976356070243,0.310469506762732
100,100,"n=100, p=100","block","quantile_4","delta_mean_entry_tau",100,0.00114141563422234,0.0388852306688886,0.00388852306688886,-0.00648008957687982,0.00876292084532451
100,100,"n=100, p=100","block","quantile_4","delta_mean_jaccard_s",100,0.00939088689088689,0.0781059906224151,0.00781059906224151,-0.00591788727110646,0.0246996610528803
100,100,"n=100, p=100","block","quantile_4","delta_mean_jaccard_2s",100,0.0455719649647186,0.088219374093878,0.0088219374093878,0.0282809676423185,0.0628629622871187
100,100,"n=100, p=100","block","quantile_4","delta_mean_support_f1",100,-0.143680751615534,0.113012672784417,0.0113012672784417,-0.16583123548128,-0.121530267749789
100,100,"n=100, p=100","block","quantile_4","delta_mean_rmse",100,0.463921212316473,0.171686777817809,0.0171686777817809,0.430270603864182,0.497571820768763
100,100,"n=100, p=100","block","quantile_8","delta_mean_entry_tau",100,0.0202520400686814,0.0389460520592316,0.00389460520592316,0.012618613865072,0.0278854662722908
100,100,"n=100, p=100","block","quantile_8","delta_mean_jaccard_s",100,0.000854423354423358,0.0842915060330703,0.00842915060330703,-0.0156667118280584,0.0173755585369051
100,100,"n=100, p=100","block","quantile_8","delta_mean_jaccard_2s",100,0.0521372294104178,0.0817505064636776,0.00817505064636776,0.036114130143537,0.0681603286772986
100,100,"n=100, p=100","block","quantile_8","delta_mean_support_f1",100,-0.229641759206977,0.14477375255891,0.014477375255891,-0.258017414708523,-0.20126610370543
100,100,"n=100, p=100","block","quantile_8","delta_mean_rmse",100,0.698264910031443,0.210135802024607,0.0210135802024607,0.65707829283462,0.739451527228266
100,100,"n=100, p=100","block","equal_width_4","delta_mean_entry_tau",100,-0.00693725680086958,0.0385605128233949,0.00385605128233949,-0.014495117314255,0.000620603712515821
100,100,"n=100, p=100","block","equal_width_4","delta_mean_jaccard_s",100,0.0210644910644911,0.0676704124421204,0.00676704124421204,0.00780109022583547,0.0343278919031467
100,100,"n=100, p=100","block","equal_width_4","delta_mean_jaccard_2s",100,0.0540964778914054,0.0851978395491728,0.00851978395491728,0.0373977013397676,0.0707952544430433
100,100,"n=100, p=100","block","equal_width_4","delta_mean_support_f1",100,-0.219712968191229,0.128418615413482,0.0128418615413482,-0.244883016812272,-0.194542919570187
100,100,"n=100, p=100","block","equal_width_4","delta_mean_rmse",100,0.631046987751789,0.195034209565728,0.0195034209565728,0.592820282676906,0.669273692826671
100,200,"n=100, p=200","independent","quantile_2","delta_mean_entry_tau",100,0.000136698070034567,0.0307093235656955,0.00307093235656955,-0.00588232934884176,0.00615572548891089
100,200,"n=100, p=200","independent","quantile_2","delta_mean_jaccard_s",100,0.000757575757575758,0.0349662335670583,0.00349662335670583,-0.00609580602156767,0.00761095753671918
100,200,"n=100, p=200","independent","quantile_2","delta_mean_jaccard_2s",100,-0.0077700045590006,0.0330609577773021,0.00330609577773021,-0.0142499522833518,-0.00129005683464939
100,200,"n=100, p=200","independent","quantile_2","delta_mean_support_f1",100,-0.0528916124211076,0.0700364808323195,0.00700364808323195,-0.0666187626642422,-0.039164462177973
100,200,"n=100, p=200","independent","quantile_2","delta_mean_rmse",100,0.290017541311175,0.144274975528331,0.0144274975528331,0.261739646107622,0.318295436514728
100,200,"n=100, p=200","independent","quantile_4","delta_mean_entry_tau",100,0.0110532024407786,0.0291671679890728,0.00291671679890728,0.00533643751492033,0.0167699673666369
100,200,"n=100, p=200","independent","quantile_4","delta_mean_jaccard_s",100,-0.00766246314072401,0.0400106074107961,0.00400106074107961,-0.01550454219324,0.000179615911792016
100,200,"n=100, p=200","independent","quantile_4","delta_mean_jaccard_2s",100,-0.00842704862415584,0.033704004559849,0.0033704004559849,-0.0150330335178862,-0.00182106373042543
100,200,"n=100, p=200","independent","quantile_4","delta_mean_support_f1",100,-0.21132394018242,0.105209956503259,0.0105209956503259,-0.231945091657059,-0.190702788707781
100,200,"n=100, p=200","independent","quantile_4","delta_mean_rmse",100,0.585599697703858,0.2021740972263,0.02021740972263,0.545973574647503,0.625225820760213
100,200,"n=100, p=200","independent","quantile_8","delta_mean_entry_tau",100,0.0131057407734117,0.0314890973804069,0.00314890973804069,0.00693387768685197,0.0192776038599715
100,200,"n=100, p=200","independent","quantile_8","delta_mean_jaccard_s",100,-0.00658259614781354,0.044368248389007,0.0044368248389007,-0.0152787728320589,0.00211358053643184
100,200,"n=100, p=200","independent","quantile_8","delta_mean_jaccard_2s",100,-0.0146510472469066,0.0416438808365058,0.00416438808365058,-0.0228132478908617,-0.00648884660295144
100,200,"n=100, p=200","independent","quantile_8","delta_mean_support_f1",100,-0.317429413656867,0.117726395052821,0.0117726395052821,-0.34050378708722,-0.294355040226514
100,200,"n=100, p=200","independent","quantile_8","delta_mean_rmse",100,0.795010272594248,0.24000381679924,0.024000381679924,0.747969524501597,0.842051020686899
100,200,"n=100, p=200","independent","equal_width_4","delta_mean_entry_tau",100,0.00848892813155209,0.0296421317478833,0.00296421317478833,0.00267907030896696,0.0142987859541372
100,200,"n=100, p=200","independent","equal_width_4","delta_mean_jaccard_s",100,-0.0118833207854947,0.0468326408356887,0.00468326408356887,-0.0210625183892897,-0.00270412318169971
100,200,"n=100, p=200","independent","equal_width_4","delta_mean_jaccard_2s",100,-0.0109878860451748,0.0404697354498655,0.00404697354498655,-0.0189199541933484,-0.00305581789700112
100,200,"n=100, p=200","independent","equal_width_4","delta_mean_support_f1",100,-0.221984553554888,0.115189668813668,0.0115189668813668,-0.244561728642367,-0.199407378467409
100,200,"n=100, p=200","independent","equal_width_4","delta_mean_rmse",100,0.702754935143708,0.211205000405014,0.0211205000405014,0.661358755064325,0.744151115223091
100,200,"n=100, p=200","ar1_rho_0.5","quantile_2","delta_mean_entry_tau",100,0.00702327393625179,0.0292000048535642,0.00292000048535642,0.00130007298495322,0.0127464748875504
100,200,"n=100, p=200","ar1_rho_0.5","quantile_2","delta_mean_jaccard_s",100,-0.00593763724198508,0.0403968106879018,0.00403968106879018,-0.0138554121368138,0.00198013765284368
100,200,"n=100, p=200","ar1_rho_0.5","quantile_2","delta_mean_jaccard_2s",100,-0.000972354714136267,0.0447695895398975,0.00447695895398975,-0.00974719426395618,0.00780248483568365
100,200,"n=100, p=200","ar1_rho_0.5","quantile_2","delta_mean_support_f1",100,-0.084969636401287,0.0845251305646844,0.00845251305646844,-0.101536561991965,-0.0684027108106088
100,200,"n=100, p=200","ar1_rho_0.5","quantile_2","delta_mean_rmse",100,0.314611946647446,0.150430530244909,0.0150430530244909,0.285127562719444,0.344096330575449
100,200,"n=100, p=200","ar1_rho_0.5","quantile_4","delta_mean_entry_tau",100,0.0261805408287998,0.0337282296380671,0.00337282296380671,0.0195698078197386,0.0327912738378609
100,200,"n=100, p=200","ar1_rho_0.5","quantile_4","delta_mean_jaccard_s",100,-0.00881719608893523,0.0475769990941231,0.00475769990941231,-0.0181422879113833,0.000507895733512891
100,200,"n=100, p=200","ar1_rho_0.5","quantile_4","delta_mean_jaccard_2s",100,0.00303035227623997,0.0430649010220143,0.00430649010220143,-0.00541036832407484,0.0114710728765548
100,200,"n=100, p=200","ar1_rho_0.5","quantile_4","delta_mean_support_f1",100,-0.199992966229458,0.100322507713263,0.0100322507713263,-0.219656177741257,-0.180329754717658
100,200,"n=100, p=200","ar1_rho_0.5","quantile_4","delta_mean_rmse",100,0.618568894619734,0.191083072844243,0.0191083072844243,0.581116612342263,0.656021176897206
100,200,"n=100, p=200","ar1_rho_0.5","quantile_8","delta_mean_entry_tau",100,0.0279543730796073,0.031269152052229,0.0031269152052229,0.0218256192773704,0.0340831268818442
100,200,"n=100, p=200","ar1_rho_0.5","quantile_8","delta_mean_jaccard_s",100,-0.00963228558880734,0.0446746920061575,0.00446746920061575,-0.0183885252220142,-0.000876045955600461
100,200,"n=100, p=200","ar1_rho_0.5","quantile_8","delta_mean_jaccard_2s",100,0.00220797386368041,0.0455034382809337,0.00455034382809337,-0.0067107000393826,0.0111266477667434
100,200,"n=100, p=200","ar1_rho_0.5","quantile_8","delta_mean_support_f1",100,-0.290864353908313,0.11714796578755,0.011714796578755,-0.313825355202673,-0.267903352613953
100,200,"n=100, p=200","ar1_rho_0.5","quantile_8","delta_mean_rmse",100,0.819260263006693,0.234959423485753,0.0234959423485753,0.773208216003486,0.865312310009901
100,200,"n=100, p=200","ar1_rho_0.5","equal_width_4","delta_mean_entry_tau",100,0.0227361032316806,0.0298106973566327,0.00298106973566327,0.0168932065497806,0.0285789999135806
100,200,"n=100, p=200","ar1_rho_0.5","equal_width_4","delta_mean_jaccard_s",100,-0.00623031557814167,0.0416187951271293,0.00416187951271293,-0.014387599423059,0.00192696826677568
100,200,"n=100, p=200","ar1_rho_0.5","equal_width_4","delta_mean_jaccard_2s",100,0.00351285428086336,0.0428599968721843,0.00428599968721842,-0.00488770510608475,0.0119134136678115
100,200,"n=100, p=200","ar1_rho_0.5","equal_width_4","delta_mean_support_f1",100,-0.231004303631076,0.0970320377003362,0.00970320377003362,-0.250022583020342,-0.21198602424181
100,200,"n=100, p=200","ar1_rho_0.5","equal_width_4","delta_mean_rmse",100,0.723015816196427,0.211062798374498,0.0211062798374498,0.681647507715025,0.764384124677829
100,200,"n=100, p=200","ar1_rho_0.9","quantile_2","delta_mean_entry_tau",100,0.0231505469184067,0.0429615123580634,0.00429615123580634,0.0147300904962263,0.0315710033405872
100,200,"n=100, p=200","ar1_rho_0.9","quantile_2","delta_mean_jaccard_s",100,0.0343730655817612,0.0834453614031241,0.00834453614031241,0.0180177747467489,0.0507283564167736
100,200,"n=100, p=200","ar1_rho_0.9","quantile_2","delta_mean_jaccard_2s",100,0.0375498242039873,0.0784830197419047,0.00784830197419047,0.022167152334574,0.0529324960734006
100,200,"n=100, p=200","ar1_rho_0.9","quantile_2","delta_mean_support_f1",100,-0.0484570574065753,0.0773445547730392,0.00773445547730392,-0.063616590142091,-0.0332975246710596
100,200,"n=100, p=200","ar1_rho_0.9","quantile_2","delta_mean_rmse",100,0.397758532302666,0.161827737101539,0.0161827737101539,0.366040295830765,0.429476768774568
100,200,"n=100, p=200","ar1_rho_0.9","quantile_4","delta_mean_entry_tau",100,0.0694413035412851,0.0469856072078761,0.00469856072078761,0.0602321245285414,0.0786504825540288
100,200,"n=100, p=200","ar1_rho_0.9","quantile_4","delta_mean_jaccard_s",100,0.051807139237574,0.0813711589139595,0.00813711589139595,0.0358583920904379,0.0677558863847101
100,200,"n=100, p=200","ar1_rho_0.9","quantile_4","delta_mean_jaccard_2s",100,0.0974723110580612,0.0791751166507413,0.00791751166507413,0.0819539881945159,0.112990633921607
100,200,"n=100, p=200","ar1_rho_0.9","quantile_4","delta_mean_support_f1",100,-0.111672443992637,0.0922882693631426,0.00922882693631426,-0.129760944787813,-0.0935839431974609
100,200,"n=100, p=200","ar1_rho_0.9","quantile_4","delta_mean_rmse",100,0.711234797380416,0.212380904429829,0.0212380904429829,0.66960814011217,0.752861454648663
100,200,"n=100, p=200","ar1_rho_0.9","quantile_8","delta_mean_entry_tau",100,0.0902206313272173,0.0396663681641182,0.00396663681641182,0.0824460231670501,0.0979952394873845
100,200,"n=100, p=200","ar1_rho_0.9","quantile_8","delta_mean_jaccard_s",100,0.0526980420545638,0.0868922145985969,0.00868922145985969,0.0356671679932388,0.0697289161158888
100,200,"n=100, p=200","ar1_rho_0.9","quantile_8","delta_mean_jaccard_2s",100,0.12104870411603,0.079407157132995,0.0079407157132995,0.105484901317963,0.136612506914097
100,200,"n=100, p=200","ar1_rho_0.9","quantile_8","delta_mean_support_f1",100,-0.149950815177134,0.0927046401504901,0.00927046401504901,-0.16812092464663,-0.131780705707638
100,200,"n=100, p=200","ar1_rho_0.9","quantile_8","delta_mean_rmse",100,1.0753681836142,0.26847931237174,0.026847931237174,1.02274623838933,1.12799012883906
100,200,"n=100, p=200","ar1_rho_0.9","equal_width_4","delta_mean_entry_tau",100,0.0631859085444843,0.0400911553522558,0.00400911553522558,0.0553280420954421,0.0710437749935264
100,200,"n=100, p=200","ar1_rho_0.9","equal_width_4","delta_mean_jaccard_s",100,0.0538809895418591,0.0796743048603349,0.00796743048603349,0.0382648257892335,0.0694971532944847
100,200,"n=100, p=200","ar1_rho_0.9","equal_width_4","delta_mean_jaccard_2s",100,0.109136298668168,0.0831208802565348,0.00831208802565348,0.0928446061378875,0.125427991198449
100,200,"n=100, p=200","ar1_rho_0.9","equal_width_4","delta_mean_support_f1",100,-0.129164634350964,0.0970494140344796,0.00970494140344796,-0.148186319501722,-0.110142949200206
100,200,"n=100, p=200","ar1_rho_0.9","equal_width_4","delta_mean_rmse",100,0.93126582469903,0.263366771300048,0.0263366771300048,0.879645937524221,0.98288571187384
100,200,"n=100, p=200","block","quantile_2","delta_mean_entry_tau",100,0.00537721395668533,0.039200068272669,0.0039200068272669,-0.00230599942475779,0.0130604273381284
100,200,"n=100, p=200","block","quantile_2","delta_mean_jaccard_s",100,0.000987119643641379,0.0772204450823105,0.00772204450823105,-0.0141480875924915,0.0161223268797742
100,200,"n=100, p=200","block","quantile_2","delta_mean_jaccard_2s",100,0.00782123880609548,0.0860201299262821,0.00860201299262821,-0.0090387066594558,0.0246811842716468
100,200,"n=100, p=200","block","quantile_2","delta_mean_support_f1",100,-0.0634434593892904,0.0714381071752761,0.00714381071752761,-0.0774453283956445,-0.0494415903829363
100,200,"n=100, p=200","block","quantile_2","delta_mean_rmse",100,0.402493631516473,0.165231793402345,0.0165231793402345,0.370108200009613,0.434879063023332
100,200,"n=100, p=200","block","quantile_4","delta_mean_entry_tau",100,0.0445642878772466,0.0401338392063807,0.00401338392063807,0.036698055392796,0.0524305203616972
100,200,"n=100, p=200","block","quantile_4","delta_mean_jaccard_s",100,0.011132185930012,0.0693025482492966,0.00693025482492966,-0.00245111352685013,0.0247154853868741
100,200,"n=100, p=200","block","quantile_4","delta_mean_jaccard_2s",100,0.0580117319812565,0.0753110206706385,0.00753110206706385,0.0432507719298114,0.0727726920327016
100,200,"n=100, p=200","block","quantile_4","delta_mean_support_f1",100,-0.123297551246231,0.0777053582607238,0.00777053582607238,-0.138527801465333,-0.108067301027129
100,200,"n=100, p=200","block","quantile_4","delta_mean_rmse",100,0.728274431055825,0.211289597881877,0.0211289597881877,0.686861669870978,0.769687192240673
100,200,"n=100, p=200","block","quantile_8","delta_mean_entry_tau",100,0.067752136070001,0.039656308256614,0.0039656308256614,0.0599794996517047,0.0755247724882974
100,200,"n=100, p=200","block","quantile_8","delta_mean_jaccard_s",100,0.0223455831608005,0.0647842785434305,0.00647842785434305,0.00964786456628817,0.0350433017553129
100,200,"n=100, p=200","block","quantile_8","delta_mean_jaccard_2s",100,0.0851633575766176,0.0675045178189939,0.00675045178189939,0.0719324720840948,0.0983942430691404
100,200,"n=100, p=200","block","quantile_8","delta_mean_support_f1",100,-0.180804261724284,0.100460485215399,0.0100460485215399,-0.200494516826503,-0.161114006622066
100,200,"n=100, p=200","block","quantile_8","delta_mean_rmse",100,1.05688886788949,0.269158042968739,0.0269158042968739,1.00413389146761,1.10964384431136
100,200,"n=100, p=200","block","equal_width_4","delta_mean_entry_tau",100,0.0439533052442028,0.042333280975776,0.0042333280975776,0.0356559821729507,0.0522506283154549
100,200,"n=100, p=200","block","equal_width_4","delta_mean_jaccard_s",100,0.0169667450906581,0.0700232135960014,0.00700232135960014,0.00324219522584186,0.0306912949554744
100,200,"n=100, p=200","block","equal_width_4","delta_mean_jaccard_2s",100,0.0670951510147954,0.076909081628563,0.0076909081628563,0.0520209710155971,0.0821693310139937
100,200,"n=100, p=200","block","equal_width_4","delta_mean_support_f1",100,-0.151468865518213,0.0892865960902887,0.00892865960902887,-0.16896903835191,-0.133968692684517
100,200,"n=100, p=200","block","equal_width_4","delta_mean_rmse",100,0.916070484824328,0.263243607026612,0.0263243607026612,0.864474737847111,0.967666231801544
500,100,"n=500, p=100","independent","quantile_2","delta_mean_entry_tau",100,-0.00316916385265785,0.00151192531013617,0.000151192531013617,-0.00346550121344454,-0.00287282649187116
500,100,"n=500, p=100","independent","quantile_2","delta_mean_jaccard_s",100,0,0,0,0,0
500,100,"n=500, p=100","independent","quantile_2","delta_mean_jaccard_2s",100,-0.000174887914018365,0.0618412990858993,0.00618412990858993,-0.0122957825348546,0.0119460067068179
500,100,"n=500, p=100","independent","quantile_2","delta_mean_support_f1",100,-0.005,0.021904291355759,0.0021904291355759,-0.00929324110572877,-0.00070675889427123
500,100,"n=500, p=100","independent","quantile_2","delta_mean_rmse",100,0.366987953237115,0.166397167728581,0.0166397167728581,0.334374108362314,0.399601798111917
500,100,"n=500, p=100","independent","quantile_4","delta_mean_entry_tau",100,-0.00550633756417857,0.00191197383266018,0.000191197383266018,-0.00588108443537997,-0.00513159069297717
500,100,"n=500, p=100","independent","quantile_4","delta_mean_jaccard_s",100,-0.00871017871017872,0.0256547675233685,0.00256547675233685,-0.0137385131447589,-0.0036818442755985
500,100,"n=500, p=100","independent","quantile_4","delta_mean_jaccard_2s",100,0.00103701129788086,0.0581604355822248,0.00581604355822248,-0.0103624340762352,0.0124364566719969
500,100,"n=500, p=100","independent","quantile_4","delta_mean_support_f1",100,-0.0166122717861848,0.0383270577643899,0.00383270577643899,-0.0241243751080052,-0.00910016846436442
500,100,"n=500, p=100","independent","quantile_4","delta_mean_rmse",100,0.527759503823162,0.145580179687313,0.0145580179687313,0.499225788604449,0.556293219041875
500,100,"n=500, p=100","independent","quantile_8","delta_mean_entry_tau",100,-0.000144571571507495,0.00229925806848443,0.000229925806848443,-0.000595226152930442,0.000306083009915453
500,100,"n=500, p=100","independent","quantile_8","delta_mean_jaccard_s",100,-0.0141647241647242,0.0294287659143385,0.00294287659143385,-0.0199327622839345,-0.00839668604551382
500,100,"n=500, p=100","independent","quantile_8","delta_mean_jaccard_2s",100,0.0164568668046929,0.055036581040787,0.0055036581040787,0.00566969692069863,0.0272440366886871
500,100,"n=500, p=100","independent","quantile_8","delta_mean_support_f1",100,-0.0948979860718991,0.0701713437289071,0.00701713437289071,-0.108651569442765,-0.0811444027010333
500,100,"n=500, p=100","independent","quantile_8","delta_mean_rmse",100,0.892916428890611,0.154040976878868,0.0154040976878868,0.862724397422353,0.923108460358869
500,100,"n=500, p=100","independent","equal_width_4","delta_mean_entry_tau",100,-0.00560892071766323,0.00205920073677534,0.000205920073677534,-0.00601252406207119,-0.00520531737325526
500,100,"n=500, p=100","independent","equal_width_4","delta_mean_jaccard_s",100,-0.0192929292929293,0.0346682456047401,0.00346682456047401,-0.0260879054314583,-0.0124979531544002
500,100,"n=500, p=100","independent","equal_width_4","delta_mean_jaccard_2s",100,0.00127151324252773,0.0531167960556492,0.00531167960556492,-0.00913937878437952,0.011682405269435
500,100,"n=500, p=100","independent","equal_width_4","delta_mean_support_f1",100,-0.0529177489177489,0.0587318797920618,0.00587318797920618,-0.064429197356993,-0.0414063004785048
500,100,"n=500, p=100","independent","equal_width_4","delta_mean_rmse",100,0.739196209391211,0.193188293969239,0.0193188293969239,0.70133130377324,0.777061115009182
500,100,"n=500, p=100","ar1_rho_0.5","quantile_2","delta_mean_entry_tau",100,-0.0030063566021852,0.00305048743357349,0.000305048743357349,-0.00360425213916561,-0.0024084610652048
500,100,"n=500, p=100","ar1_rho_0.5","quantile_2","delta_mean_jaccard_s",100,-0.00636363636363636,0.0285575229927369,0.00285575229927369,-0.0119609108702128,-0.000766361857059934
500,100,"n=500, p=100","ar1_rho_0.5","quantile_2","delta_mean_jaccard_2s",100,-0.00138728903946295,0.0497569907286326,0.00497569907286326,-0.0111396592222749,0.00836508114334904
500,100,"n=500, p=100","ar1_rho_0.5","quantile_2","delta_mean_support_f1",100,-0.0252308802308802,0.0447667508498409,0.00447667508498409,-0.034005163397449,-0.0164565970643114
500,100,"n=500, p=100","ar1_rho_0.5","quantile_2","delta_mean_rmse",100,0.31392769955938,0.189876158897451,0.0189876158897451,0.27671197241548,0.35114342670328
500,100,"n=500, p=100","ar1_rho_0.5","quantile_4","delta_mean_entry_tau",100,-0.0066250283808667,0.00592090476850692,0.000592090476850692,-0.00778552571549406,-0.00546453104623934
500,100,"n=500, p=100","ar1_rho_0.5","quantile_4","delta_mean_jaccard_s",100,-0.012043512043512,0.0397847728011174,0.00397847728011174,-0.0198413275125311,-0.00424569657449304
500,100,"n=500, p=100","ar1_rho_0.5","quantile_4","delta_mean_jaccard_2s",100,-0.0196011310214209,0.0548850833756687,0.00548850833756687,-0.0303586073630519,-0.00884365467978982
500,100,"n=500, p=100","ar1_rho_0.5","quantile_4","delta_mean_support_f1",100,-0.0840004391743522,0.0679787886693373,0.00679787886693373,-0.0973242817535423,-0.0706765965951621
500,100,"n=500, p=100","ar1_rho_0.5","quantile_4","delta_mean_rmse",100,0.524334641538114,0.190118803990705,0.0190118803990705,0.487071355955936,0.561597927120292
500,100,"n=500, p=100","ar1_rho_0.5","quantile_8","delta_mean_entry_tau",100,-0.00182128306302677,0.00574085096543841,0.000574085096543841,-0.00294648985225269,-0.000696076273800839
500,100,"n=500, p=100","ar1_rho_0.5","quantile_8","delta_mean_jaccard_s",100,-0.016969696969697,0.0396543029911178,0.00396543029911178,-0.0247419403559561,-0.00919745358343789
500,100,"n=500, p=100","ar1_rho_0.5","quantile_8","delta_mean_jaccard_2s",100,0.00881623690319343,0.0435324414990287,0.00435324414990287,0.000283878369383811,0.017348595437003
500,100,"n=500, p=100","ar1_rho_0.5","quantile_8","delta_mean_support_f1",100,-0.174518037518037,0.0852097084453532,0.00852097084453532,-0.191219140373327,-0.157816934662748
500,100,"n=500, p=100","ar1_rho_0.5","quantile_8","delta_mean_rmse",100,0.908254857340718,0.215276004075718,0.0215276004075718,0.866060760541877,0.950448954139559
500,100,"n=500, p=100","ar1_rho_0.5","equal_width_4","delta_mean_entry_tau",100,-0.00620183462942236,0.00447908790923786,0.000447908790923786,-0.00707973585963298,-0.00532393339921174
500,100,"n=500, p=100","ar1_rho_0.5","equal_width_4","delta_mean_jaccard_s",100,-0.0235209235209235,0.0432543179069724,0.00432543179069724,-0.0319987698306901,-0.0150430772111569
500,100,"n=500, p=100","ar1_rho_0.5","equal_width_4","delta_mean_jaccard_2s",100,-0.00418683677641698,0.0542698941519078,0.00542698941519078,-0.0148237360301909,0.00645006247735695
500,100,"n=500, p=100","ar1_rho_0.5","equal_width_4","delta_mean_support_f1",100,-0.165643578643579,0.0848679915707268,0.00848679915707268,-0.182277704991441,-0.149009452295716
500,100,"n=500, p=100","ar1_rho_0.5","equal_width_4","delta_mean_rmse",100,0.862934879094465,0.245604484765387,0.0245604484765387,0.814796400080449,0.911073358108481
500,100,"n=500, p=100","ar1_rho_0.9","quantile_2","delta_mean_entry_tau",100,-0.00702125688609505,0.018434581091664,0.0018434581091664,-0.0106344347800612,-0.00340807899212891
500,100,"n=500, p=100","ar1_rho_0.9","quantile_2","delta_mean_jaccard_s",100,-0.011046731046731,0.0678579052788962,0.00678579052788962,-0.0243468804813947,0.00225341838793261
500,100,"n=500, p=100","ar1_rho_0.9","quantile_2","delta_mean_jaccard_2s",100,0.0130484409310496,0.0729836819434067,0.00729836819434067,-0.00125636072985809,0.0273532425919573
500,100,"n=500, p=100","ar1_rho_0.9","quantile_2","delta_mean_support_f1",100,-0.113403162055336,0.0916025195849048,0.00916025195849048,-0.131357255893977,-0.0954490682166946
500,100,"n=500, p=100","ar1_rho_0.9","quantile_2","delta_mean_rmse",100,0.30632606754958,0.210458620844623,0.0210458620844623,0.265076177864034,0.347575957235126
500,100,"n=500, p=100","ar1_rho_0.9","quantile_4","delta_mean_entry_tau",100,-0.00666089787384322,0.0163848322726482,0.00163848322726482,-0.00987232499928226,-0.00344947074840418
500,100,"n=500, p=100","ar1_rho_0.9","quantile_4","delta_mean_jaccard_s",100,-0.0167679542679543,0.0725718845650419,0.00725718845650419,-0.0309920436427025,-0.00254386489320606
500,100,"n=500, p=100","ar1_rho_0.9","quantile_4","delta_mean_jaccard_2s",100,0.0120248365161409,0.074228074293594,0.0074228074293594,-0.00252386604540356,0.0265735390776853
500,100,"n=500, p=100","ar1_rho_0.9","quantile_4","delta_mean_support_f1",100,-0.19155336209684,0.106181349962203,0.0106181349962203,-0.212364906689432,-0.170741817504249
500,100,"n=500, p=100","ar1_rho_0.9","quantile_4","delta_mean_rmse",100,0.526922427399873,0.231101422009674,0.0231101422009674,0.481626548685977,0.572218306113769
500,100,"n=500, p=100","ar1_rho_0.9","quantile_8","delta_mean_entry_tau",100,0.00211346675153029,0.0154722337517082,0.00154722337517082,-0.000919091063804515,0.00514602456686509
500,100,"n=500, p=100","ar1_rho_0.9","quantile_8","delta_mean_jaccard_s",100,0.0106721056721057,0.066311767688453,0.0066311767688453,-0.0023250007948311,0.0236692121390425
500,100,"n=500, p=100","ar1_rho_0.9","quantile_8","delta_mean_jaccard_2s",100,0.038542904197252,0.0657222292658927,0.00657222292658927,0.0256613472611371,0.051424461133367
500,100,"n=500, p=100","ar1_rho_0.9","quantile_8","delta_mean_support_f1",100,-0.294207541251019,0.115631313670129,0.0115631313670129,-0.316871278730365,-0.271543803771674
500,100,"n=500, p=100","ar1_rho_0.9","quantile_8","delta_mean_rmse",100,0.768939009580194,0.27312073127116,0.027312073127116,0.715407346251047,0.822470672909342
500,100,"n=500, p=100","ar1_rho_0.9","equal_width_4","delta_mean_entry_tau",100,-0.011104923898,0.018297441114838,0.0018297441114838,-0.0146912223565083,-0.00751862543949177
500,100,"n=500, p=100","ar1_rho_0.9","equal_width_4","delta_mean_jaccard_s",100,-0.0168814518814519,0.0777320243305155,0.00777320243305155,-0.0321169286502329,-0.00164597511267084
500,100,"n=500, p=100","ar1_rho_0.9","equal_width_4","delta_mean_jaccard_2s",100,0.015695201175636,0.0776459729363881,0.00776459729363881,0.000476590480103884,0.030913811871168
500,100,"n=500, p=100","ar1_rho_0.9","equal_width_4","delta_mean_support_f1",100,-0.307070794905577,0.127821062955357,0.0127821062955357,-0.332123723244827,-0.282017866566328
500,100,"n=500, p=100","ar1_rho_0.9","equal_width_4","delta_mean_rmse",100,0.766816478330186,0.280326077866879,0.0280326077866879,0.711872567068277,0.821760389592094
500,100,"n=500, p=100","block","quantile_2","delta_mean_entry_tau",100,-0.00409290700777233,0.0114057832467867,0.00114057832467867,-0.00632844052414253,-0.00185737349140213
500,100,"n=500, p=100","block","quantile_2","delta_mean_jaccard_s",100,-0.016033411033411,0.0555178468043324,0.00555178468043324,-0.0269149090070602,-0.00515191305976189
500,100,"n=500, p=100","block","quantile_2","delta_mean_jaccard_2s",100,0.0070445918815484,0.0525982101189642,0.00525982101189642,-0.00326465730176857,0.0173538410648654
500,100,"n=500, p=100","block","quantile_2","delta_mean_support_f1",100,-0.096206324110672,0.0774973906739804,0.00774973906739804,-0.111395812682772,-0.0810168355385718
500,100,"n=500, p=100","block","quantile_2","delta_mean_rmse",100,0.320880394114785,0.164875617739927,0.0164875617739927,0.28856477303776,0.353196015191811
500,100,"n=500, p=100","block","quantile_4","delta_mean_entry_tau",100,-0.00862291624184037,0.0124538832262929,0.00124538832262929,-0.0110638773541938,-0.00618195512948696
500,100,"n=500, p=100","block","quantile_4","delta_mean_jaccard_s",100,-0.0204839604839605,0.0721225577988899,0.00721225577988899,-0.0346199818125429,-0.00634793915537806
500,100,"n=500, p=100","block","quantile_4","delta_mean_jaccard_2s",100,-0.00559319907145995,0.0528450076677373,0.00528450076677373,-0.0159508205743365,0.00476442243141657
500,100,"n=500, p=100","block","quantile_4","delta_mean_support_f1",100,-0.211705872388481,0.103891504154989,0.0103891504154989,-0.232068607202859,-0.191343137574103
500,100,"n=500, p=100","block","quantile_4","delta_mean_rmse",100,0.624111788441216,0.21727156890013,0.021727156890013,0.581526560936791,0.666697015945642
500,100,"n=500, p=100","block","quantile_8","delta_mean_entry_tau",100,-0.00255354082647994,0.012292465646933,0.0012292465646933,-0.0049628640932788,-0.000144217559681068
500,100,"n=500, p=100","block","quantile_8","delta_mean_jaccard_s",100,-0.0104778554778555,0.0529417129849131,0.00529417129849131,-0.0208544312228985,-0.000101279732812513
500,100,"n=500, p=100","block","quantile_8","delta_mean_jaccard_2s",100,0.00371610828784741,0.0564746100828905,0.00564746100828905,-0.00735291528839912,0.0147851318640939
500,100,"n=500, p=100","block","quantile_8","delta_mean_support_f1",100,-0.318361503231068,0.111056399349847,0.0111056399349847,-0.340128557503638,-0.296594448958499
500,100,"n=500, p=100","block","quantile_8","delta_mean_rmse",100,0.908435244078759,0.244280711812616,0.0244280711812616,0.860556224563486,0.956314263594032
500,100,"n=500, p=100","block","equal_width_4","delta_mean_entry_tau",100,-0.0138298547978283,0.0144083859986705,0.00144083859986705,-0.0166538984535677,-0.0110058111420889
500,100,"n=500, p=100","block","equal_width_4","delta_mean_jaccard_s",100,-0.0503502053502053,0.0719051903887154,0.00719051903887154,-0.0644436226663936,-0.0362567880340171
500,100,"n=500, p=100","block","equal_width_4","delta_mean_jaccard_2s",100,-0.0160026613483135,0.0661414112732076,0.00661414112732076,-0.0289663779578622,-0.00303894473876484
500,100,"n=500, p=100","block","equal_width_4","delta_mean_support_f1",100,-0.347636972206537,0.103823368448695,0.0103823368448695,-0.367986352422482,-0.327287591990593
500,100,"n=500, p=100","block","equal_width_4","delta_mean_rmse",100,0.91408813276811,0.252151606552435,0.0252151606552435,0.864666417883833,0.963509847652388
