"scenario_id","replication","seed","n","p","dimension","correlation","active_s","snr","noise_sd","path_specification","method","group_weight_specification","scheme","delta_f1_s","delta_rmse_s","delta_f1_2s","delta_rmse_2s","entry_order_tau_original_vs_sparse","active_set_jaccard_s_original_vs_sparse","active_set_jaccard_2s_original_vs_sparse","original_parent_count_s","sparse_parent_count_s","original_component_count_s","original_target_reached_s","sparse_target_reached_s","original_target_exact_s","sparse_target_exact_s","df_definition","sparse_component_count_s","sparse_df_diagnostic_s"
1,1,20360712,100,20,"n=100, p=20","independent",5,3,1.46944737056992,"primary_controlled","component_lasso_glmnet","not_applicable","quantile_2",-0.2,0.0802566008365266,0,0.125929144598676,0.774538533796397,0.666666666666667,0.818181818181818,5,5,5,TRUE,TRUE,TRUE,TRUE,"active_coefficient_count_proxy_excluding_intercept",8,8
1,1,20360712,100,20,"n=100, p=20","independent",5,3,1.46944737056992,"primary_controlled","parent_group_lasso_grpreg","equal_parent","quantile_2",0,-0.00548540523880048,0,0.0860859464609913,0.735449735449735,1,0.818181818181818,5,5,5,TRUE,TRUE,TRUE,TRUE,"grpreg_approximate_df_excluding_intercept",10,2.80974614035124
1,1,20360712,100,20,"n=100, p=20","independent",5,3,1.46944737056992,"primary_controlled","parent_group_lasso_grpreg","sqrt_group_size","quantile_2",0,-0.00548540523880048,0,0.0860859464609915,0.735449735449735,1,0.818181818181818,5,5,5,TRUE,TRUE,TRUE,TRUE,"grpreg_approximate_df_excluding_intercept",10,2.80974614035125
1,1,20360712,100,20,"n=100, p=20","independent",5,3,1.46944737056992,"primary_controlled","component_lasso_glmnet","not_applicable","quantile_4",-0.2,0.18090626810609,0,0.310001693720248,0.564645764951329,0.666666666666667,0.818181818181818,5,5,5,TRUE,TRUE,TRUE,TRUE,"active_coefficient_count_proxy_excluding_intercept",8,8
1,1,20360712,100,20,"n=100, p=20","independent",5,3,1.46944737056992,"primary_controlled","parent_group_lasso_grpreg","equal_parent","quantile_4",-0.2,-0.183935088686745,0,0.234823942712,0.529100529100529,0.666666666666667,0.666666666666667,5,5,5,TRUE,TRUE,TRUE,TRUE,"grpreg_approximate_df_excluding_intercept",20,9.64594967825646
1,1,20360712,100,20,"n=100, p=20","independent",5,3,1.46944737056992,"primary_controlled","parent_group_lasso_grpreg","sqrt_group_size","quantile_4",0,-0.0293462358427763,0,0.242709298812559,0.588861488023288,1,0.666666666666667,5,5,5,TRUE,TRUE,TRUE,TRUE,"grpreg_approximate_df_excluding_intercept",20,6.63442828927957
1,1,20360712,100,20,"n=100, p=20","independent",5,3,1.46944737056992,"primary_controlled","component_lasso_glmnet","not_applicable","quantile_8",-0.4,0.599924026970225,0,0.94259271220086,0.338624338624339,0.428571428571429,0.538461538461538,5,5,5,TRUE,TRUE,TRUE,TRUE,"active_coefficient_count_proxy_excluding_intercept",6,6
1,1,20360712,100,20,"n=100, p=20","independent",5,3,1.46944737056992,"primary_controlled","parent_group_lasso_grpreg","equal_parent","quantile_8",-0.4,0.114822127679548,0,0.524494745226823,0.312998448588955,0.428571428571429,0.538461538461538,5,5,5,TRUE,TRUE,TRUE,TRUE,"grpreg_approximate_df_excluding_intercept",40,13.1779149200555
1,1,20360712,100,20,"n=100, p=20","independent",5,3,1.46944737056992,"primary_controlled","parent_group_lasso_grpreg","sqrt_group_size","quantile_8",-0.2,0.174020131650169,0,0.535297933865405,0.343009109549873,0.666666666666667,0.538461538461538,5,5,5,TRUE,TRUE,TRUE,TRUE,"grpreg_approximate_df_excluding_intercept",40,10.1084167857039
1,1,20360712,100,20,"n=100, p=20","independent",5,3,1.46944737056992,"primary_controlled","component_lasso_glmnet","not_applicable","equal_width_4",-0.2,0.226879627025697,0,0.467744152783553,0.566137566137566,0.666666666666667,0.666666666666667,5,5,5,TRUE,TRUE,TRUE,TRUE,"active_coefficient_count_proxy_excluding_intercept",9,9
1,1,20360712,100,20,"n=100, p=20","independent",5,3,1.46944737056992,"primary_controlled","parent_group_lasso_grpreg","equal_parent","equal_width_4",-0.0909090909090909,-0.00138700150486937,0,0.283386264770457,0.42021871069606,0.833333333333333,0.428571428571429,5,6,5,TRUE,TRUE,TRUE,FALSE,"grpreg_approximate_df_excluding_intercept",24,6.7066571789055
1,1,20360712,100,20,"n=100, p=20","independent",5,3,1.46944737056992,"primary_controlled","parent_group_lasso_grpreg","sqrt_group_size","equal_width_4",-0.2,0.0784861547001285,0,0.283386264770457,0.42440467605282,0.666666666666667,0.428571428571429,5,5,5,TRUE,TRUE,TRUE,TRUE,"grpreg_approximate_df_excluding_intercept",20,5.44738777298079
1,2,20360713,100,20,"n=100, p=20","independent",5,3,1.22580087702912,"primary_controlled","component_lasso_glmnet","not_applicable","quantile_2",0,0.147488607139122,0,0.167996844269641,0.783068783068783,1,0.818181818181818,5,5,5,TRUE,TRUE,TRUE,TRUE,"active_coefficient_count_proxy_excluding_intercept",9,9
1,2,20360713,100,20,"n=100, p=20","independent",5,3,1.22580087702912,"primary_controlled","parent_group_lasso_grpreg","equal_parent","quantile_2",0,0.0213783155928744,0,0.0527981799737118,0.793650793650794,1,0.818181818181818,5,5,5,TRUE,TRUE,TRUE,TRUE,"grpreg_approximate_df_excluding_intercept",10,4.04401844126053
1,2,20360713,100,20,"n=100, p=20","independent",5,3,1.22580087702912,"primary_controlled","parent_group_lasso_grpreg","sqrt_group_size","quantile_2",0,0.0213783155928746,0,0.0527981799737121,0.793650793650794,1,0.818181818181818,5,5,5,TRUE,TRUE,TRUE,TRUE,"grpreg_approximate_df_excluding_intercept",10,4.04401844126053
1,2,20360713,100,20,"n=100, p=20","independent",5,3,1.22580087702912,"primary_controlled","component_lasso_glmnet","not_applicable","quantile_4",0,0.219517637875018,0,0.328833022103568,0.567641254220647,1,0.666666666666667,5,5,5,TRUE,TRUE,TRUE,TRUE,"active_coefficient_count_proxy_excluding_intercept",9,9
1,2,20360713,100,20,"n=100, p=20","independent",5,3,1.22580087702912,"primary_controlled","parent_group_lasso_grpreg","equal_parent","quantile_4",-0.2,0.10301995895954,0,0.214267987005137,0.472150202108762,0.666666666666667,0.538461538461538,5,5,5,TRUE,TRUE,TRUE,TRUE,"grpreg_approximate_df_excluding_intercept",20,7.51245500959526
1,2,20360713,100,20,"n=100, p=20","independent",5,3,1.22580087702912,"primary_controlled","parent_group_lasso_grpreg","sqrt_group_size","quantile_4",-0.2,0.178649914152604,0,0.214267987168692,0.543537512055952,0.666666666666667,0.538461538461538,5,5,5,TRUE,TRUE,TRUE,TRUE,"grpreg_approximate_df_excluding_intercept",20,6.26897254829483
1,2,20360713,100,20,"n=100, p=20","independent",5,3,1.22580087702912,"primary_controlled","component_lasso_glmnet","not_applicable","quantile_8",-0.4,0.584615988768831,-0.133333333333333,0.928738483249416,0.279684350863742,0.428571428571429,0.333333333333333,5,5,5,TRUE,TRUE,TRUE,TRUE,"active_coefficient_count_proxy_excluding_intercept",6,6
1,2,20360713,100,20,"n=100, p=20","independent",5,3,1.22580087702912,"primary_controlled","parent_group_lasso_grpreg","equal_parent","quantile_8",-0.2,0.140141182379299,-0.133333333333333,0.455465076231437,0.297083273236974,0.666666666666667,0.333333333333333,5,5,5,TRUE,TRUE,TRUE,TRUE,"grpreg_approximate_df_excluding_intercept",40,15.0552557631586
1,2,20360713,100,20,"n=100, p=20","independent",5,3,1.22580087702912,"primary_controlled","parent_group_lasso_grpreg","sqrt_group_size","quantile_8",-0.2,0.193111794308094,0,0.432433333309478,0.317460317460317,0.666666666666667,0.428571428571429,5,5,5,TRUE,TRUE,TRUE,TRUE,"grpreg_approximate_df_excluding_intercept",40,13.0952776600078
1,2,20360713,100,20,"n=100, p=20","independent",5,3,1.22580087702912,"primary_controlled","component_lasso_glmnet","not_applicable","equal_width_4",-0.272727272727273,0.563064021283642,0,0.705991889637313,0.408489500700839,0.571428571428571,0.538461538461538,5,6,5,TRUE,TRUE,TRUE,FALSE,"active_coefficient_count_proxy_excluding_intercept",7,7
1,2,20360713,100,20,"n=100, p=20","independent",5,3,1.22580087702912,"primary_controlled","parent_group_lasso_grpreg","equal_parent","equal_width_4",-0.2,0.0282275357784751,0,0.15389024670952,0.507936507936508,0.666666666666667,0.538461538461538,5,5,5,TRUE,TRUE,TRUE,TRUE,"grpreg_approximate_df_excluding_intercept",20,7.98494451654607
1,2,20360713,100,20,"n=100, p=20","independent",5,3,1.22580087702912,"primary_controlled","parent_group_lasso_grpreg","sqrt_group_size","equal_width_4",0,0.0419236965656657,-0.0416666666666666,0.157712709664892,0.546421020418006,1,0.615384615384615,5,5,5,TRUE,TRUE,TRUE,TRUE,"grpreg_approximate_df_excluding_intercept",20,7.7988783603547
11,1,21360712,100,200,"n=100, p=200","ar1_rho_0.9",20,3,3.08479218639384,"primary_controlled","component_lasso_glmnet","not_applicable","quantile_2",-0.157317073170732,0.496600765464062,0.0174603174603175,0.348345144148889,0.446347816199409,0.464285714285714,0.456140350877193,20,21,20,TRUE,TRUE,TRUE,FALSE,"active_coefficient_count_proxy_excluding_intercept",23,23
11,1,21360712,100,200,"n=100, p=200","ar1_rho_0.9",20,3,3.08479218639384,"primary_controlled","parent_group_lasso_grpreg","equal_parent","quantile_2",-0.1,0.330318154071266,0.0174603174603175,0.334075823064195,0.401318217601762,0.428571428571429,0.383333333333333,20,20,20,TRUE,TRUE,TRUE,TRUE,"grpreg_approximate_df_excluding_intercept",40,10.6830902229752
11,1,21360712,100,200,"n=100, p=200","ar1_rho_0.9",20,3,3.08479218639384,"primary_controlled","parent_group_lasso_grpreg","sqrt_group_size","quantile_2",-0.1,0.330318154071266,0.0174603174603175,0.334075823064196,0.401318217601762,0.428571428571429,0.383333333333333,20,20,20,TRUE,TRUE,TRUE,TRUE,"grpreg_approximate_df_excluding_intercept",40,10.6830902229752
11,1,21360712,100,200,"n=100, p=200","ar1_rho_0.9",20,3,3.08479218639384,"primary_controlled","component_lasso_glmnet","not_applicable","quantile_4",-0.15,0.805811005526236,-0.0492063492063493,0.834639685383742,0.236701201127659,0.212121212121212,0.296875,20,20,20,TRUE,TRUE,TRUE,TRUE,"active_coefficient_count_proxy_excluding_intercept",22,22
11,1,21360712,100,200,"n=100, p=200","ar1_rho_0.9",20,3,3.08479218639384,"primary_controlled","parent_group_lasso_grpreg","equal_parent","quantile_4",-0.124418604651163,0.553078448209761,-0.0869112672391361,0.866097243952269,0.216162810371198,0.387096774193548,0.253731343283582,20,23,20,TRUE,TRUE,TRUE,FALSE,"grpreg_approximate_df_excluding_intercept",92,13.3248705242734
11,1,21360712,100,200,"n=100, p=200","ar1_rho_0.9",20,3,3.08479218639384,"primary_controlled","parent_group_lasso_grpreg","sqrt_group_size","quantile_4",-0.20609756097561,0.566878939693741,-0.0825396825396826,0.872389686905907,0.215491476201319,0.32258064516129,0.238805970149254,20,21,20,TRUE,TRUE,TRUE,FALSE,"grpreg_approximate_df_excluding_intercept",84,12.7039063799628
11,1,21360712,100,200,"n=100, p=200","ar1_rho_0.9",20,3,3.08479218639384,"primary_controlled","component_lasso_glmnet","not_applicable","quantile_8",-0.2,1.02884619057287,-0.115873015873016,1.34482428597968,0.181458729217229,0.25,0.202898550724638,20,20,20,TRUE,TRUE,TRUE,TRUE,"active_coefficient_count_proxy_excluding_intercept",23,23
11,1,21360712,100,200,"n=100, p=200","ar1_rho_0.9",20,3,3.08479218639384,"primary_controlled","parent_group_lasso_grpreg","equal_parent","quantile_8",-0.303658536585366,0.714578504647716,-0.182539682539683,1.03012090921012,0.181207439379128,0.242424242424242,0.220588235294118,20,21,20,TRUE,TRUE,TRUE,FALSE,"grpreg_approximate_df_excluding_intercept",168,21.7846928094987
11,1,21360712,100,200,"n=100, p=200","ar1_rho_0.9",20,3,3.08479218639384,"primary_controlled","parent_group_lasso_grpreg","sqrt_group_size","quantile_8",-0.303658536585366,0.714579334553672,-0.182539682539683,1.03012090921012,0.161179579492717,0.242424242424242,0.220588235294118,20,21,20,TRUE,TRUE,TRUE,FALSE,"grpreg_approximate_df_excluding_intercept",168,21.7847225839248
11,1,21360712,100,200,"n=100, p=200","ar1_rho_0.9",20,3,3.08479218639384,"primary_controlled","component_lasso_glmnet","not_applicable","equal_width_4",-0.35,0.81710933205231,-0.115873015873016,1.02461501579073,0.273484439617072,0.25,0.296875,20,20,20,TRUE,TRUE,TRUE,TRUE,"active_coefficient_count_proxy_excluding_intercept",22,22
11,1,21360712,100,200,"n=100, p=200","ar1_rho_0.9",20,3,3.08479218639384,"primary_controlled","parent_group_lasso_grpreg","equal_parent","equal_width_4",-0.15,0.472089415283333,-0.152485037730939,0.810109353124014,0.30670407686467,0.428571428571429,0.292307692307692,20,20,20,TRUE,TRUE,TRUE,TRUE,"grpreg_approximate_df_excluding_intercept",80,15.0322942775117
11,1,21360712,100,200,"n=100, p=200","ar1_rho_0.9",20,3,3.08479218639384,"primary_controlled","parent_group_lasso_grpreg","sqrt_group_size","equal_width_4",-0.1,0.496937920298743,-0.152485037730939,0.810107058691059,0.313742894715172,0.428571428571429,0.292307692307692,20,20,20,TRUE,TRUE,TRUE,TRUE,"grpreg_approximate_df_excluding_intercept",80,13.3336582717794
11,2,21360713,100,200,"n=100, p=200","ar1_rho_0.9",20,3,2.54075384703566,"primary_controlled","component_lasso_glmnet","not_applicable","quantile_2",-0.0500000000000001,0.25621699456428,-0.0204301075268816,0.348096240146739,0.434008580034801,0.428571428571429,0.464285714285714,20,20,20,TRUE,TRUE,TRUE,TRUE,"active_coefficient_count_proxy_excluding_intercept",20,20
11,2,21360713,100,200,"n=100, p=200","ar1_rho_0.9",20,3,2.54075384703566,"primary_controlled","parent_group_lasso_grpreg","equal_parent","quantile_2",-0.0500000000000001,0.269491355363777,0.00634584875727134,0.4507633789605,0.343265353095885,0.379310344827586,0.338709677419355,20,20,20,TRUE,TRUE,TRUE,TRUE,"grpreg_approximate_df_excluding_intercept",40,9.558394402665
11,2,21360713,100,200,"n=100, p=200","ar1_rho_0.9",20,3,2.54075384703566,"primary_controlled","parent_group_lasso_grpreg","sqrt_group_size","quantile_2",-0.0500000000000001,0.269491355363777,0.00634584875727134,0.450763378960496,0.343265353095885,0.379310344827586,0.338709677419355,20,20,20,TRUE,TRUE,TRUE,TRUE,"grpreg_approximate_df_excluding_intercept",40,9.55839440266499
11,2,21360713,100,200,"n=100, p=200","ar1_rho_0.9",20,3,2.54075384703566,"primary_controlled","component_lasso_glmnet","not_applicable","quantile_4",-0.2,0.536746969256461,-0.153763440860215,0.89552166835316,0.261187665389392,0.212121212121212,0.188405797101449,20,20,20,TRUE,TRUE,TRUE,TRUE,"active_coefficient_count_proxy_excluding_intercept",23,23
11,2,21360713,100,200,"n=100, p=200","ar1_rho_0.9",20,3,2.54075384703566,"primary_controlled","parent_group_lasso_grpreg","equal_parent","quantile_4",-0.25,0.441104983299961,-0.0920148069804336,0.828289524873998,0.283034084619958,0.212121212121212,0.257575757575758,20,20,20,TRUE,TRUE,TRUE,TRUE,"grpreg_approximate_df_excluding_intercept",80,19.3370751598102
11,2,21360713,100,200,"n=100, p=200","ar1_rho_0.9",20,3,2.54075384703566,"primary_controlled","parent_group_lasso_grpreg","sqrt_group_size","quantile_4",-0.253658536585366,0.436736695143104,-0.0870967741935483,0.82814888648683,0.254552230911994,0.171428571428571,0.261538461538462,20,21,20,TRUE,TRUE,TRUE,FALSE,"grpreg_approximate_df_excluding_intercept",84,18.8039371939638
11,2,21360713,100,200,"n=100, p=200","ar1_rho_0.9",20,3,2.54075384703566,"primary_controlled","component_lasso_glmnet","not_applicable","quantile_8",-0.2,0.805218055668268,-0.220430107526882,1.22434505596723,0.0941526707834754,0.142857142857143,0.108108108108108,20,20,20,TRUE,TRUE,TRUE,TRUE,"active_coefficient_count_proxy_excluding_intercept",24,24
11,2,21360713,100,200,"n=100, p=200","ar1_rho_0.9",20,3,2.54075384703566,"primary_controlled","parent_group_lasso_grpreg","equal_parent","quantile_8",-0.25,0.639547380246975,-0.153763440860215,0.970992164352753,0.189461846044565,0.176470588235294,0.171428571428571,20,20,20,TRUE,TRUE,TRUE,TRUE,"grpreg_approximate_df_excluding_intercept",160,24.623487178097
11,2,21360713,100,200,"n=100, p=200","ar1_rho_0.9",20,3,2.54075384703566,"primary_controlled","parent_group_lasso_grpreg","sqrt_group_size","quantile_8",-0.2,0.644820866663573,-0.153763440860215,0.970992164352746,0.172816493458122,0.212121212121212,0.171428571428571,20,20,20,TRUE,TRUE,TRUE,TRUE,"grpreg_approximate_df_excluding_intercept",160,23.5222476947764
11,2,21360713,100,200,"n=100, p=200","ar1_rho_0.9",20,3,2.54075384703566,"primary_controlled","component_lasso_glmnet","not_applicable","equal_width_4",-0.25,0.661809925325945,-0.157588577472237,0.934759341402513,0.233492053869832,0.176470588235294,0.220588235294118,20,20,20,TRUE,TRUE,TRUE,TRUE,"active_coefficient_count_proxy_excluding_intercept",21,21
11,2,21360713,100,200,"n=100, p=200","ar1_rho_0.9",20,3,2.54075384703566,"primary_controlled","parent_group_lasso_grpreg","equal_parent","equal_width_4",-0.2,0.428850977122486,-0.190375462718138,0.83845041666873,0.204138567302583,0.25,0.169014084507042,20,20,20,TRUE,TRUE,TRUE,TRUE,"grpreg_approximate_df_excluding_intercept",80,18.0860859290051
11,2,21360713,100,200,"n=100, p=200","ar1_rho_0.9",20,3,2.54075384703566,"primary_controlled","parent_group_lasso_grpreg","sqrt_group_size","equal_width_4",-0.2,0.438700418819161,-0.187096774193548,0.850005790100496,0.203903815766462,0.25,0.171428571428571,20,20,20,TRUE,TRUE,TRUE,TRUE,"grpreg_approximate_df_excluding_intercept",80,15.9904935179324
1,1,20360712,100,20,"n=100, p=20","independent",5,3,1.46944737056992,"sensitivity_dense_wide","component_lasso_glmnet","not_applicable","quantile_2",-0.2,0.0888091942456581,0,0.129777559688097,0.774538533796397,0.666666666666667,0.818181818181818,5,5,5,TRUE,TRUE,TRUE,TRUE,"active_coefficient_count_proxy_excluding_intercept",8,8
1,1,20360712,100,20,"n=100, p=20","independent",5,3,1.46944737056992,"sensitivity_dense_wide","parent_group_lasso_grpreg","equal_parent","quantile_2",0,-0.00556075274001788,0,0.0869890173022676,0.735449735449735,1,0.818181818181818,5,5,5,TRUE,TRUE,TRUE,TRUE,"grpreg_approximate_df_excluding_intercept",10,2.79724743429633
1,1,20360712,100,20,"n=100, p=20","independent",5,3,1.46944737056992,"sensitivity_dense_wide","parent_group_lasso_grpreg","sqrt_group_size","quantile_2",0,-0.00556075274001744,0,0.0869890173022683,0.735449735449735,1,0.818181818181818,5,5,5,TRUE,TRUE,TRUE,TRUE,"grpreg_approximate_df_excluding_intercept",10,2.79724743429633
1,1,20360712,100,20,"n=100, p=20","independent",5,3,1.46944737056992,"sensitivity_dense_wide","component_lasso_glmnet","not_applicable","quantile_4",-0.2,0.188856685692496,0,0.306734779008939,0.560846560846561,0.666666666666667,0.818181818181818,5,5,5,TRUE,TRUE,TRUE,TRUE,"active_coefficient_count_proxy_excluding_intercept",8,8
1,1,20360712,100,20,"n=100, p=20","independent",5,3,1.46944737056992,"sensitivity_dense_wide","parent_group_lasso_grpreg","equal_parent","quantile_4",-0.2,-0.181534359671998,0,0.236391280376609,0.522429259160575,0.666666666666667,0.666666666666667,5,5,5,TRUE,TRUE,TRUE,TRUE,"grpreg_approximate_df_excluding_intercept",20,9.51548373752576
1,1,20360712,100,20,"n=100, p=20","independent",5,3,1.46944737056992,"sensitivity_dense_wide","parent_group_lasso_grpreg","sqrt_group_size","quantile_4",0,-0.024828050585683,0,0.242345627596449,0.585114660462868,1,0.666666666666667,5,5,5,TRUE,TRUE,TRUE,TRUE,"grpreg_approximate_df_excluding_intercept",20,6.52946376041041
1,1,20360712,100,20,"n=100, p=20","independent",5,3,1.46944737056992,"sensitivity_dense_wide","component_lasso_glmnet","not_applicable","quantile_8",-0.4,0.592725372554991,0,0.943355713767641,0.338624338624339,0.428571428571429,0.538461538461538,5,5,5,TRUE,TRUE,TRUE,TRUE,"active_coefficient_count_proxy_excluding_intercept",6,6
1,1,20360712,100,20,"n=100, p=20","independent",5,3,1.46944737056992,"sensitivity_dense_wide","parent_group_lasso_grpreg","equal_parent","quantile_8",-0.4,0.113522372990841,0,0.523931286462569,0.323608565490275,0.428571428571429,0.538461538461538,5,5,5,TRUE,TRUE,TRUE,TRUE,"grpreg_approximate_df_excluding_intercept",40,13.1362911269971
1,1,20360712,100,20,"n=100, p=20","independent",5,3,1.46944737056992,"sensitivity_dense_wide","parent_group_lasso_grpreg","sqrt_group_size","quantile_8",-0.2,0.169747712886054,0,0.536059622705843,0.343009109549873,0.666666666666667,0.538461538461538,5,5,5,TRUE,TRUE,TRUE,TRUE,"grpreg_approximate_df_excluding_intercept",40,10.1971255651593
1,1,20360712,100,20,"n=100, p=20","independent",5,3,1.46944737056992,"sensitivity_dense_wide","component_lasso_glmnet","not_applicable","equal_width_4",-0.2,0.234157595815209,0,0.476464221202024,0.564645764951329,0.666666666666667,0.666666666666667,5,5,5,TRUE,TRUE,TRUE,TRUE,"active_coefficient_count_proxy_excluding_intercept",9,9
1,1,20360712,100,20,"n=100, p=20","independent",5,3,1.46944737056992,"sensitivity_dense_wide","parent_group_lasso_grpreg","equal_parent","equal_width_4",-0.0909090909090909,0.00366653074473922,0,0.282548075230227,0.4137945591515,0.833333333333333,0.428571428571429,5,6,5,TRUE,TRUE,TRUE,FALSE,"grpreg_approximate_df_excluding_intercept",24,6.59628607272276
1,1,20360712,100,20,"n=100, p=20","independent",5,3,1.46944737056992,"sensitivity_dense_wide","parent_group_lasso_grpreg","sqrt_group_size","equal_width_4",-0.2,0.0778133630442683,0,0.282548075230227,0.417989417989418,0.666666666666667,0.428571428571429,5,5,5,TRUE,TRUE,TRUE,TRUE,"grpreg_approximate_df_excluding_intercept",20,5.42794673705923
1,2,20360713,100,20,"n=100, p=20","independent",5,3,1.22580087702912,"sensitivity_dense_wide","component_lasso_glmnet","not_applicable","quantile_2",0,0.171312013032519,0,0.166892161181101,0.778947368421053,1,0.818181818181818,5,5,5,TRUE,TRUE,TRUE,TRUE,"active_coefficient_count_proxy_excluding_intercept",9,9
1,2,20360713,100,20,"n=100, p=20","independent",5,3,1.22580087702912,"sensitivity_dense_wide","parent_group_lasso_grpreg","equal_parent","quantile_2",0,0.048302472215201,0,0.0521480326218811,0.786282420352785,1,0.818181818181818,5,5,5,TRUE,TRUE,TRUE,TRUE,"grpreg_approximate_df_excluding_intercept",10,3.91270435466817
1,2,20360713,100,20,"n=100, p=20","independent",5,3,1.22580087702912,"sensitivity_dense_wide","parent_group_lasso_grpreg","sqrt_group_size","quantile_2",0,0.0483024722152001,0,0.0521480326218804,0.786282420352785,1,0.818181818181818,5,5,5,TRUE,TRUE,TRUE,TRUE,"grpreg_approximate_df_excluding_intercept",10,3.91270435466817
1,2,20360713,100,20,"n=100, p=20","independent",5,3,1.22580087702912,"sensitivity_dense_wide","component_lasso_glmnet","not_applicable","quantile_4",0,0.236869339311336,0,0.329525057483258,0.557894736842105,1,0.666666666666667,5,5,5,TRUE,TRUE,TRUE,TRUE,"active_coefficient_count_proxy_excluding_intercept",9,9
1,2,20360713,100,20,"n=100, p=20","independent",5,3,1.22580087702912,"sensitivity_dense_wide","parent_group_lasso_grpreg","equal_parent","quantile_4",-0.2,0.106099602995929,0,0.215936436327614,0.469658626922133,0.666666666666667,0.538461538461538,5,5,5,TRUE,TRUE,TRUE,TRUE,"grpreg_approximate_df_excluding_intercept",20,7.60955333513161
1,2,20360713,100,20,"n=100, p=20","independent",5,3,1.22580087702912,"sensitivity_dense_wide","parent_group_lasso_grpreg","sqrt_group_size","quantile_4",-0.2,0.184570560747761,0,0.215936436327572,0.543537512055952,0.666666666666667,0.538461538461538,5,5,5,TRUE,TRUE,TRUE,TRUE,"grpreg_approximate_df_excluding_intercept",20,6.31248774790572
1,2,20360713,100,20,"n=100, p=20","independent",5,3,1.22580087702912,"sensitivity_dense_wide","component_lasso_glmnet","not_applicable","quantile_8",-0.4,0.597236624831423,-0.133333333333333,0.927867423257587,0.273684210526316,0.428571428571429,0.333333333333333,5,5,5,TRUE,TRUE,TRUE,TRUE,"active_coefficient_count_proxy_excluding_intercept",6,6
1,2,20360713,100,20,"n=100, p=20","independent",5,3,1.22580087702912,"sensitivity_dense_wide","parent_group_lasso_grpreg","equal_parent","quantile_8",-0.2,0.146910794360284,-0.133333333333333,0.455677881142412,0.294736842105263,0.666666666666667,0.333333333333333,5,5,5,TRUE,TRUE,TRUE,TRUE,"grpreg_approximate_df_excluding_intercept",40,15.1288953050533
1,2,20360713,100,20,"n=100, p=20","independent",5,3,1.22580087702912,"sensitivity_dense_wide","parent_group_lasso_grpreg","sqrt_group_size","quantile_8",-0.2,0.206517479121039,0,0.430572687637299,0.317464761162664,0.666666666666667,0.428571428571429,5,5,5,TRUE,TRUE,TRUE,TRUE,"grpreg_approximate_df_excluding_intercept",40,12.9271625427431
1,2,20360713,100,20,"n=100, p=20","independent",5,3,1.22580087702912,"sensitivity_dense_wide","component_lasso_glmnet","not_applicable","equal_width_4",-0.272727272727273,0.5748222695768,0,0.713597555799556,0.416887994683692,0.571428571428571,0.538461538461538,5,6,5,TRUE,TRUE,TRUE,FALSE,"active_coefficient_count_proxy_excluding_intercept",7,7
1,2,20360713,100,20,"n=100, p=20","independent",5,3,1.22580087702912,"sensitivity_dense_wide","parent_group_lasso_grpreg","equal_parent","equal_width_4",-0.2,0.0382519770955783,0,0.153296207690349,0.511875132712887,0.666666666666667,0.538461538461538,5,5,5,TRUE,TRUE,TRUE,TRUE,"grpreg_approximate_df_excluding_intercept",20,7.9628623161856
1,2,20360713,100,20,"n=100, p=20","independent",5,3,1.22580087702912,"sensitivity_dense_wide","parent_group_lasso_grpreg","sqrt_group_size","equal_width_4",0,0.0474474414635337,0,0.159571705518906,0.554091638503641,1,0.666666666666667,5,5,5,TRUE,TRUE,TRUE,TRUE,"grpreg_approximate_df_excluding_intercept",20,7.84547075136417
11,1,21360712,100,200,"n=100, p=200","ar1_rho_0.9",20,3,3.08479218639384,"sensitivity_dense_wide","component_lasso_glmnet","not_applicable","quantile_2",-0.2,0.494510971252914,0,0.351567766852732,0.413844065897213,0.428571428571429,0.454545454545455,20,20,20,TRUE,TRUE,TRUE,TRUE,"active_coefficient_count_proxy_excluding_intercept",22,22
11,1,21360712,100,200,"n=100, p=200","ar1_rho_0.9",20,3,3.08479218639384,"sensitivity_dense_wide","parent_group_lasso_grpreg","equal_parent","quantile_2",-0.1,0.320763059380293,0,0.335954400102461,0.350175705708364,0.428571428571429,0.379310344827586,20,20,20,TRUE,TRUE,TRUE,TRUE,"grpreg_approximate_df_excluding_intercept",40,10.7272868962741
11,1,21360712,100,200,"n=100, p=200","ar1_rho_0.9",20,3,3.08479218639384,"sensitivity_dense_wide","parent_group_lasso_grpreg","sqrt_group_size","quantile_2",-0.1,0.320763059380301,0,0.33595440010246,0.350175705708364,0.428571428571429,0.379310344827586,20,20,20,TRUE,TRUE,TRUE,TRUE,"grpreg_approximate_df_excluding_intercept",40,10.7272868962741
11,1,21360712,100,200,"n=100, p=200","ar1_rho_0.9",20,3,3.08479218639384,"sensitivity_dense_wide","component_lasso_glmnet","not_applicable","quantile_4",-0.15,0.80386945243416,-0.0666666666666667,0.84273400838098,0.234305598758438,0.212121212121212,0.290322580645161,20,20,20,TRUE,TRUE,TRUE,TRUE,"active_coefficient_count_proxy_excluding_intercept",22,22
11,1,21360712,100,200,"n=100, p=200","ar1_rho_0.9",20,3,3.08479218639384,"sensitivity_dense_wide","parent_group_lasso_grpreg","equal_parent","quantile_4",-0.157317073170732,0.556503398420344,-0.104371584699454,0.867942271997447,0.232014232993284,0.366666666666667,0.227272727272727,20,21,20,TRUE,TRUE,TRUE,FALSE,"grpreg_approximate_df_excluding_intercept",84,12.760550996129
11,1,21360712,100,200,"n=100, p=200","ar1_rho_0.9",20,3,3.08479218639384,"sensitivity_dense_wide","parent_group_lasso_grpreg","sqrt_group_size","quantile_4",-0.20609756097561,0.556314137351983,-0.1,0.87364799151967,0.231449333420171,0.32258064516129,0.212121212121212,20,21,20,TRUE,TRUE,TRUE,FALSE,"grpreg_approximate_df_excluding_intercept",84,12.7931147941501
11,1,21360712,100,200,"n=100, p=200","ar1_rho_0.9",20,3,3.08479218639384,"sensitivity_dense_wide","component_lasso_glmnet","not_applicable","quantile_8",-0.2,1.02663907347669,-0.133333333333333,1.34629516246476,0.169458912562212,0.25,0.194029850746269,20,20,20,TRUE,TRUE,TRUE,TRUE,"active_coefficient_count_proxy_excluding_intercept",23,23
11,1,21360712,100,200,"n=100, p=200","ar1_rho_0.9",20,3,3.08479218639384,"sensitivity_dense_wide","parent_group_lasso_grpreg","equal_parent","quantile_8",-0.35,0.708466512161998,-0.2,1.03220275656356,0.156563401652973,0.212121212121212,0.212121212121212,20,20,20,TRUE,TRUE,TRUE,TRUE,"grpreg_approximate_df_excluding_intercept",160,21.429718055406
11,1,21360712,100,200,"n=100, p=200","ar1_rho_0.9",20,3,3.08479218639384,"sensitivity_dense_wide","parent_group_lasso_grpreg","sqrt_group_size","quantile_8",-0.35,0.708466518817267,-0.2,1.03220275656356,0.138361054354991,0.212121212121212,0.212121212121212,20,20,20,TRUE,TRUE,TRUE,TRUE,"grpreg_approximate_df_excluding_intercept",160,21.429718302134
11,1,21360712,100,200,"n=100, p=200","ar1_rho_0.9",20,3,3.08479218639384,"sensitivity_dense_wide","component_lasso_glmnet","not_applicable","equal_width_4",-0.35,0.813825434817908,-0.133333333333333,1.02659179437993,0.228712387364878,0.25,0.290322580645161,20,20,20,TRUE,TRUE,TRUE,TRUE,"active_coefficient_count_proxy_excluding_intercept",22,22
11,1,21360712,100,200,"n=100, p=200","ar1_rho_0.9",20,3,3.08479218639384,"sensitivity_dense_wide","parent_group_lasso_grpreg","equal_parent","equal_width_4",-0.15,0.464789978491808,-0.169945355191257,0.79981301058044,0.259865983949981,0.428571428571429,0.285714285714286,20,20,20,TRUE,TRUE,TRUE,TRUE,"grpreg_approximate_df_excluding_intercept",80,14.9560806518666
11,1,21360712,100,200,"n=100, p=200","ar1_rho_0.9",20,3,3.08479218639384,"sensitivity_dense_wide","parent_group_lasso_grpreg","sqrt_group_size","equal_width_4",-0.1,0.503055065114508,-0.166666666666667,0.811541779467478,0.269496144854648,0.428571428571429,0.311475409836066,20,20,20,TRUE,TRUE,TRUE,TRUE,"grpreg_approximate_df_excluding_intercept",80,12.7474403121787
11,2,21360713,100,200,"n=100, p=200","ar1_rho_0.9",20,3,2.54075384703566,"sensitivity_dense_wide","component_lasso_glmnet","not_applicable","quantile_2",-0.0500000000000001,0.269137464349236,-0.0204301075268816,0.347148746270682,0.403038296279907,0.428571428571429,0.464285714285714,20,20,20,TRUE,TRUE,TRUE,TRUE,"active_coefficient_count_proxy_excluding_intercept",20,20
11,2,21360713,100,200,"n=100, p=200","ar1_rho_0.9",20,3,2.54075384703566,"sensitivity_dense_wide","parent_group_lasso_grpreg","equal_parent","quantile_2",-0.0500000000000001,0.275170285313939,0.00634584875727134,0.450800756438973,0.322530109926835,0.379310344827586,0.338709677419355,20,20,20,TRUE,TRUE,TRUE,TRUE,"grpreg_approximate_df_excluding_intercept",40,9.50255693550251
11,2,21360713,100,200,"n=100, p=200","ar1_rho_0.9",20,3,2.54075384703566,"sensitivity_dense_wide","parent_group_lasso_grpreg","sqrt_group_size","quantile_2",-0.0500000000000001,0.275170285313938,0.00634584875727134,0.450800756438982,0.322530109926835,0.379310344827586,0.338709677419355,20,20,20,TRUE,TRUE,TRUE,TRUE,"grpreg_approximate_df_excluding_intercept",40,9.50255693550247
11,2,21360713,100,200,"n=100, p=200","ar1_rho_0.9",20,3,2.54075384703566,"sensitivity_dense_wide","component_lasso_glmnet","not_applicable","quantile_4",-0.2,0.540901930974497,-0.153763440860215,0.894862910337128,0.264940046680433,0.212121212121212,0.188405797101449,20,20,20,TRUE,TRUE,TRUE,TRUE,"active_coefficient_count_proxy_excluding_intercept",23,23
11,2,21360713,100,200,"n=100, p=200","ar1_rho_0.9",20,3,2.54075384703566,"sensitivity_dense_wide","parent_group_lasso_grpreg","equal_parent","quantile_4",-0.253658536585366,0.445673569169608,-0.0870967741935483,0.840267841509566,0.295565473533577,0.205882352941176,0.261538461538462,20,21,20,TRUE,TRUE,TRUE,FALSE,"grpreg_approximate_df_excluding_intercept",84,19.5836174466054
11,2,21360713,100,200,"n=100, p=200","ar1_rho_0.9",20,3,2.54075384703566,"sensitivity_dense_wide","parent_group_lasso_grpreg","sqrt_group_size","quantile_4",-0.25,0.441472220104865,-0.0870967741935483,0.828065436879002,0.260949837993601,0.176470588235294,0.261538461538462,20,20,20,TRUE,TRUE,TRUE,TRUE,"grpreg_approximate_df_excluding_intercept",80,18.6969978994464
11,2,21360713,100,200,"n=100, p=200","ar1_rho_0.9",20,3,2.54075384703566,"sensitivity_dense_wide","component_lasso_glmnet","not_applicable","quantile_8",-0.2,0.810524563047687,-0.220430107526882,1.22589881242198,0.0491536541105313,0.142857142857143,0.108108108108108,20,20,20,TRUE,TRUE,TRUE,TRUE,"active_coefficient_count_proxy_excluding_intercept",24,24
11,2,21360713,100,200,"n=100, p=200","ar1_rho_0.9",20,3,2.54075384703566,"sensitivity_dense_wide","parent_group_lasso_grpreg","equal_parent","quantile_8",-0.25,0.639262405146912,-0.153763440860215,0.971593952028615,0.188470006180487,0.176470588235294,0.171428571428571,20,20,20,TRUE,TRUE,TRUE,TRUE,"grpreg_approximate_df_excluding_intercept",160,25.3588426141423
11,2,21360713,100,200,"n=100, p=200","ar1_rho_0.9",20,3,2.54075384703566,"sensitivity_dense_wide","parent_group_lasso_grpreg","sqrt_group_size","quantile_8",-0.2,0.648289744401437,-0.153763440860215,0.971593952028611,0.172146094312773,0.212121212121212,0.171428571428571,20,20,20,TRUE,TRUE,TRUE,TRUE,"grpreg_approximate_df_excluding_intercept",160,23.6817253727299
11,2,21360713,100,200,"n=100, p=200","ar1_rho_0.9",20,3,2.54075384703566,"sensitivity_dense_wide","component_lasso_glmnet","not_applicable","equal_width_4",-0.25,0.665690472520323,-0.157588577472237,0.933216219431513,0.239678248485962,0.176470588235294,0.220588235294118,20,20,20,TRUE,TRUE,TRUE,TRUE,"active_coefficient_count_proxy_excluding_intercept",21,21
11,2,21360713,100,200,"n=100, p=200","ar1_rho_0.9",20,3,2.54075384703566,"sensitivity_dense_wide","parent_group_lasso_grpreg","equal_parent","equal_width_4",-0.2,0.435119821039752,-0.253763440860215,0.879664709172256,0.188541905463139,0.25,0.138888888888889,20,20,20,TRUE,TRUE,TRUE,TRUE,"grpreg_approximate_df_excluding_intercept",80,17.6354200399995
11,2,21360713,100,200,"n=100, p=200","ar1_rho_0.9",20,3,2.54075384703566,"sensitivity_dense_wide","parent_group_lasso_grpreg","sqrt_group_size","equal_width_4",-0.2,0.443137612483192,-0.187096774193548,0.851138291566776,0.191370228295333,0.25,0.171428571428571,20,20,20,TRUE,TRUE,TRUE,TRUE,"grpreg_approximate_df_excluding_intercept",80,16.0740324285958
