"path_specification","n","p","dimension","correlation","active_s","group_weight_specification","lambda_scale_relative_error_mean","lambda_scale_relative_error_n","lambda_scale_relative_error_ci_low","lambda_scale_relative_error_ci_high","max_training_prediction_rms_over_sd_y_mean","max_training_prediction_rms_over_sd_y_n","max_training_prediction_rms_over_sd_y_ci_low","max_training_prediction_rms_over_sd_y_ci_high","f1_difference_group_minus_glmnet_s_mean","f1_difference_group_minus_glmnet_s_n","f1_difference_group_minus_glmnet_s_ci_low","f1_difference_group_minus_glmnet_s_ci_high","rmse_difference_group_minus_glmnet_s_mean","rmse_difference_group_minus_glmnet_s_n","rmse_difference_group_minus_glmnet_s_ci_low","rmse_difference_group_minus_glmnet_s_ci_high","entry_order_tau_glmnet_vs_group_mean","entry_order_tau_glmnet_vs_group_n","entry_order_tau_glmnet_vs_group_ci_low","entry_order_tau_glmnet_vs_group_ci_high","active_set_jaccard_s_glmnet_vs_group_mean","active_set_jaccard_s_glmnet_vs_group_n","active_set_jaccard_s_glmnet_vs_group_ci_low","active_set_jaccard_s_glmnet_vs_group_ci_high"
"primary_controlled",100,20,"n=100, p=20","ar1_rho_0.5",5,"equal_parent",1.47992729182533e-15,100,1.33839428155862e-15,1.62146030209204e-15,0.000111096055854669,100,0.000105787371278814,0.000116404740430524,0,100,0,0,-5.12223689553615e-06,100,-7.71369199785226e-06,-2.53078179322003e-06,0.999866408505883,100,0.999751696524201,0.999981120487564,1,100,1,1
"primary_controlled",100,20,"n=100, p=20","ar1_rho_0.5",5,"sqrt_group_size",1.47992729182533e-15,100,1.33839428155862e-15,1.62146030209204e-15,0.000111096055854669,100,0.000105787371278814,0.000116404740430524,0,100,0,0,-5.12223689553615e-06,100,-7.71369199785226e-06,-2.53078179322003e-06,0.999866408505883,100,0.999751696524201,0.999981120487564,1,100,1,1
"primary_controlled",100,20,"n=100, p=20","ar1_rho_0.9",5,"equal_parent",1.25011112572793e-15,100,1.11281283051407e-15,1.38740942094178e-15,0.000420135182832754,100,0.000406195238220631,0.000434075127444878,0,100,0,0,-2.14690432594311e-05,100,-3.45746326946529e-05,-8.36345382420931e-06,0.999617689532001,100,0.999355937737942,0.999879441326059,1,100,1,1
"primary_controlled",100,20,"n=100, p=20","ar1_rho_0.9",5,"sqrt_group_size",1.25011112572793e-15,100,1.11281283051407e-15,1.38740942094178e-15,0.000420135182832754,100,0.000406195238220631,0.000434075127444878,0,100,0,0,-2.14690432594311e-05,100,-3.45746326946529e-05,-8.36345382420931e-06,0.999617689532001,100,0.999355937737942,0.999879441326059,1,100,1,1
"primary_controlled",100,20,"n=100, p=20","block",5,"equal_parent",1.47326595367758e-15,100,1.32754365765942e-15,1.61898824969574e-15,0.00032389900428649,100,0.000313152790839454,0.000334645217733526,0,100,0,0,-2.49087305120743e-06,100,-1.53137061169331e-05,1.03319600145182e-05,0.998520181894431,100,0.996198275379627,1.00084208840924,1,100,1,1
"primary_controlled",100,20,"n=100, p=20","block",5,"sqrt_group_size",1.47326595367758e-15,100,1.32754365765942e-15,1.61898824969574e-15,0.00032389900428649,100,0.000313152790839454,0.000334645217733526,0,100,0,0,-2.49087305120743e-06,100,-1.53137061169331e-05,1.03319600145182e-05,0.998520181894431,100,0.996198275379627,1.00084208840924,1,100,1,1
"primary_controlled",100,20,"n=100, p=20","independent",5,"equal_parent",1.31894495325469e-15,100,1.1725211242386e-15,1.46536878227077e-15,3.57959778281541e-05,100,3.33460987628604e-05,3.82458568934478e-05,0,100,0,0,-1.15416065370244e-06,100,-1.84851383868643e-06,-4.59807468718453e-07,0.999973368794263,100,0.999921171631019,1.00002556595751,1,100,1,1
"primary_controlled",100,20,"n=100, p=20","independent",5,"sqrt_group_size",1.31894495325469e-15,100,1.1725211242386e-15,1.46536878227077e-15,3.57959778281541e-05,100,3.33460987628604e-05,3.82458568934478e-05,0,100,0,0,-1.15416065370244e-06,100,-1.84851383868643e-06,-4.59807468718453e-07,0.999973368794263,100,0.999921171631019,1.00002556595751,1,100,1,1
"primary_controlled",100,100,"n=100, p=100","ar1_rho_0.5",10,"equal_parent",1.48325796089921e-15,100,1.33856781265524e-15,1.62794810914318e-15,0.00121655249098651,100,0.00115676801096813,0.00127633697100488,0,100,0,0,-6.70774678851238e-06,100,-1.20485922750736e-05,-1.36690130195121e-06,0.998763536721485,100,0.998387298770994,0.999139774671977,1,100,1,1
"primary_controlled",100,100,"n=100, p=100","ar1_rho_0.5",10,"sqrt_group_size",1.48325796089921e-15,100,1.33856781265524e-15,1.62794810914318e-15,0.00121655249098651,100,0.00115676801096813,0.00127633697100488,0,100,0,0,-6.70774678851238e-06,100,-1.20485922750736e-05,-1.36690130195121e-06,0.998763536721485,100,0.998387298770994,0.999139774671977,1,100,1,1
"primary_controlled",100,100,"n=100, p=100","ar1_rho_0.9",10,"equal_parent",1.51878509768721e-15,100,1.37655006831197e-15,1.66102012706246e-15,0.00123679754369626,100,0.00117298435073547,0.00130061073665705,-9.52380952380949e-05,100,-0.000641880124739587,0.000451403934263397,-4.92923801042933e-05,100,-6.98719186964213e-05,-2.87128415121652e-05,0.998151907321234,100,0.997516498846865,0.998787315795603,0.998181818181818,100,0.995674705668117,1.00068893069552
"primary_controlled",100,100,"n=100, p=100","ar1_rho_0.9",10,"sqrt_group_size",1.51878509768721e-15,100,1.37655006831197e-15,1.66102012706246e-15,0.00123679754369626,100,0.00117298435073547,0.00130061073665705,-9.52380952380949e-05,100,-0.000641880124739587,0.000451403934263397,-4.92923801042933e-05,100,-6.98719186964213e-05,-2.87128415121652e-05,0.998151907321234,100,0.997516498846865,0.998787315795603,0.998181818181818,100,0.995674705668117,1.00068893069552
"primary_controlled",100,100,"n=100, p=100","block",10,"equal_parent",1.40887301824932e-15,100,1.27178128360917e-15,1.54596475288948e-15,0.00124148201446313,100,0.00118429034290126,0.001298673686025,0,100,0,0,0.000836538231813415,100,-0.000839927933758375,0.00251300439738521,0.997994455957056,100,0.99743349015618,0.998555421757931,0.998181818181818,100,0.994618181818182,1.00174545454545
"primary_controlled",100,100,"n=100, p=100","block",10,"sqrt_group_size",1.40887301824932e-15,100,1.27178128360917e-15,1.54596475288948e-15,0.00124148201446313,100,0.00118429034290126,0.001298673686025,0,100,0,0,0.000836538231813415,100,-0.000839927933758375,0.00251300439738521,0.997994455957056,100,0.99743349015618,0.998555421757931,0.998181818181818,100,0.994618181818182,1.00174545454545
"primary_controlled",100,100,"n=100, p=100","independent",10,"equal_parent",1.45328193923433e-15,100,1.30702757747618e-15,1.59953630099248e-15,0.00114921802766656,100,0.00109264263632947,0.00120579341900365,0,100,0,0,-1.47453876258252e-06,100,-4.00124954683126e-06,1.05217202166621e-06,0.998825734575904,100,0.998454708520778,0.999196760631029,1,100,1,1
"primary_controlled",100,100,"n=100, p=100","independent",10,"sqrt_group_size",1.45328193923433e-15,100,1.30702757747618e-15,1.59953630099248e-15,0.00114921802766656,100,0.00109264263632947,0.00120579341900365,0,100,0,0,-1.47453876258252e-06,100,-4.00124954683126e-06,1.05217202166621e-06,0.998825734575904,100,0.998454708520778,0.999196760631029,1,100,1,1
"primary_controlled",100,200,"n=100, p=200","ar1_rho_0.5",20,"equal_parent",1.4077627952247e-15,100,1.25761034025525e-15,1.55791525019415e-15,0.00211580594472644,100,0.00203336577357106,0.00219824611588182,0,100,0,0,-8.85120938610484e-06,100,-2.31682746206381e-05,5.46585584842842e-06,0.992531564109464,100,0.991460188305722,0.993602939913206,1,100,1,1
"primary_controlled",100,200,"n=100, p=200","ar1_rho_0.5",20,"sqrt_group_size",1.4077627952247e-15,100,1.25761034025525e-15,1.55791525019415e-15,0.00211580594472644,100,0.00203336577357106,0.00219824611588182,0,100,0,0,-8.85120938610484e-06,100,-2.31682746206381e-05,5.46585584842842e-06,0.992531564109464,100,0.991460188305722,0.993602939913206,1,100,1,1
"primary_controlled",100,200,"n=100, p=200","ar1_rho_0.9",20,"equal_parent",1.5887291482386e-15,100,1.45146308040242e-15,1.72599521607478e-15,0.00215839672365947,100,0.0020640096616976,0.00225278378562134,-0.000777003484320559,100,-0.00180243276766959,0.000248425799028476,-0.00314403124883465,100,-0.00587344772822221,-0.000414614769447094,0.994411782233258,100,0.993517838332207,0.995305726134309,0.99478354978355,100,0.990835865680875,0.998731233886225
"primary_controlled",100,200,"n=100, p=200","ar1_rho_0.9",20,"sqrt_group_size",1.5887291482386e-15,100,1.45146308040242e-15,1.72599521607478e-15,0.00215839672365947,100,0.0020640096616976,0.00225278378562134,-0.000777003484320559,100,-0.00180243276766959,0.000248425799028476,-0.00314403124883465,100,-0.00587344772822221,-0.000414614769447094,0.994411782233258,100,0.993517838332207,0.995305726134309,0.99478354978355,100,0.990835865680875,0.998731233886225
"primary_controlled",100,200,"n=100, p=200","block",20,"equal_parent",1.65867319878998e-15,100,1.5123624351042e-15,1.80498396247577e-15,0.00228386440468954,100,0.00218120440196331,0.00238652440741577,0.000121951219512195,100,-0.000117073170731707,0.000360975609756098,2.01971867803419e-05,100,-0.000188009398391918,0.000228403771952601,0.994175833351522,100,0.99322402496647,0.995127641736574,0.999523809523809,100,0.998590476190476,1.00045714285714
"primary_controlled",100,200,"n=100, p=200","block",20,"sqrt_group_size",1.65867319878998e-15,100,1.5123624351042e-15,1.80498396247577e-15,0.00228386440468954,100,0.00218120440196331,0.00238652440741577,0.000121951219512195,100,-0.000117073170731707,0.000360975609756098,2.01971867803419e-05,100,-0.000188009398391918,0.000228403771952601,0.994175833351522,100,0.99322402496647,0.995127641736574,0.999523809523809,100,0.998590476190476,1.00045714285714
"primary_controlled",100,200,"n=100, p=200","independent",20,"equal_parent",1.55764290354909e-15,100,1.42227999470306e-15,1.69300581239513e-15,0.00196392463046006,100,0.00188307276393078,0.00204477649698933,0.000158536585365854,100,-0.00015219512195122,0.000469268292682927,-1.88345569001713e-05,100,-2.93010543228717e-05,-8.36805947747101e-06,0.991993645458413,100,0.990902109198635,0.993085181718191,0.999523809523809,100,0.998590476190476,1.00045714285714
"primary_controlled",100,200,"n=100, p=200","independent",20,"sqrt_group_size",1.55764290354909e-15,100,1.42227999470306e-15,1.69300581239513e-15,0.00196392463046006,100,0.00188307276393078,0.00204477649698933,0.000158536585365854,100,-0.00015219512195122,0.000469268292682927,-1.88345569001713e-05,100,-2.93010543228717e-05,-8.36805947747101e-06,0.991993645458413,100,0.990902109198635,0.993085181718191,0.999523809523809,100,0.998590476190476,1.00045714285714
"primary_controlled",500,100,"n=500, p=100","ar1_rho_0.5",10,"equal_parent",1.5620837956476e-15,100,1.41526932166933e-15,1.70889826962586e-15,0.000166808350596961,100,0.000160839139249406,0.000172777561944515,0,100,0,0,-1.08244839055249e-06,100,-1.98132492539356e-06,-1.83571855711429e-07,0.99978981421923,100,0.999686610696408,0.999893017742053,1,100,1,1
"primary_controlled",500,100,"n=500, p=100","ar1_rho_0.5",10,"sqrt_group_size",1.5620837956476e-15,100,1.41526932166933e-15,1.70889826962586e-15,0.000166808350596961,100,0.000160839139249406,0.000172777561944515,0,100,0,0,-1.08244839055249e-06,100,-1.98132492539356e-06,-1.83571855711429e-07,0.99978981421923,100,0.999686610696408,0.999893017742053,1,100,1,1
"primary_controlled",500,100,"n=500, p=100","ar1_rho_0.9",10,"equal_parent",1.55431223447522e-15,100,1.40298197569513e-15,1.70564249325531e-15,0.000517422591209652,100,0.000501924010159486,0.000532921172259817,-0.00147619047619048,100,-0.00371452038109445,0.000762139428713497,0.00175899608319124,100,-0.00235616775234172,0.00587415991872421,0.998454270671573,100,0.997715780896713,0.999192760446432,0.995454545454545,100,0.990801924468093,1.000107166441
"primary_controlled",500,100,"n=500, p=100","ar1_rho_0.9",10,"sqrt_group_size",1.55431223447522e-15,100,1.40298197569513e-15,1.70564249325531e-15,0.000517422591209652,100,0.000501924010159486,0.000532921172259817,-0.00147619047619048,100,-0.00371452038109445,0.000762139428713497,0.00175899608319124,100,-0.00235616775234172,0.00587415991872421,0.998454270671573,100,0.997715780896713,0.999192760446432,0.995454545454545,100,0.990801924468093,1.000107166441
"primary_controlled",500,100,"n=500, p=100","block",10,"equal_parent",1.71196390397199e-15,100,1.54672801511512e-15,1.87719979282886e-15,0.000457963569893721,100,0.000444877319009552,0.000471049820777889,0.000333333333333333,100,-0.00032,0.000986666666666667,-0.0032410626395067,100,-0.00931424085891867,0.00283211557990526,0.99870814784703,100,0.997983259139642,0.999433036554417,0.997272727272727,100,0.99330459139479,1.00124086315066
"primary_controlled",500,100,"n=500, p=100","block",10,"sqrt_group_size",1.71196390397199e-15,100,1.54672801511512e-15,1.87719979282886e-15,0.000457963569893721,100,0.000444877319009552,0.000471049820777889,0.000333333333333333,100,-0.00032,0.000986666666666667,-0.0032410626395067,100,-0.00931424085891867,0.00283211557990526,0.99870814784703,100,0.997983259139642,0.999433036554417,0.997272727272727,100,0.99330459139479,1.00124086315066
"primary_controlled",500,100,"n=500, p=100","independent",10,"equal_parent",1.59205981731247e-15,100,1.43455879288409e-15,1.74956084174086e-15,5.14347057508338e-05,100,4.85899790937928e-05,5.42794324078748e-05,0,100,0,0,-2.19791661608681e-07,100,-4.35056797516996e-07,-4.5265257003672e-09,0.999949060791425,100,0.999908857354314,0.999989264228536,1,100,1,1
"primary_controlled",500,100,"n=500, p=100","independent",10,"sqrt_group_size",1.59205981731247e-15,100,1.43455879288409e-15,1.74956084174086e-15,5.14347057508338e-05,100,4.85899790937928e-05,5.42794324078748e-05,0,100,0,0,-2.19791661608681e-07,100,-4.35056797516996e-07,-4.5265257003672e-09,0.999949060791425,100,0.999908857354314,0.999989264228536,1,100,1,1
"sensitivity_dense_wide",100,20,"n=100, p=20","ar1_rho_0.5",5,"equal_parent",8.39328606616618e-16,100,7.84581929992423e-16,8.94075283240814e-16,1.40435383797984e-05,100,1.34866196609874e-05,1.46004570986094e-05,0,100,0,0,-3.30160386148304e-07,100,-5.31216494499669e-07,-1.29104277796938e-07,1,100,1,1,1,100,1,1
"sensitivity_dense_wide",100,20,"n=100, p=20","ar1_rho_0.5",5,"sqrt_group_size",8.39328606616618e-16,100,7.84581929992423e-16,8.94075283240814e-16,1.40435383797984e-05,100,1.34866196609874e-05,1.46004570986094e-05,0,100,0,0,-3.30160386148304e-07,100,-5.31216494499669e-07,-1.29104277796938e-07,1,100,1,1,1,100,1,1
"sensitivity_dense_wide",100,20,"n=100, p=20","ar1_rho_0.9",5,"equal_parent",8.22675261247241e-16,100,7.64311047467238e-16,8.81039475027244e-16,5.75610585881067e-05,100,5.6164485230635e-05,5.89576319455785e-05,0,100,0,0,-5.76277353858679e-08,100,-1.3752232623663e-06,1.25996779159457e-06,0.999708606535346,100,0.999236191116655,1.00018102195404,1,100,1,1
"sensitivity_dense_wide",100,20,"n=100, p=20","ar1_rho_0.9",5,"sqrt_group_size",8.22675261247241e-16,100,7.64311047467238e-16,8.81039475027244e-16,5.75610585881067e-05,100,5.6164485230635e-05,5.89576319455785e-05,0,100,0,0,-5.76277353858679e-08,100,-1.3752232623663e-06,1.25996779159457e-06,0.999708606535346,100,0.999236191116655,1.00018102195404,1,100,1,1
"sensitivity_dense_wide",100,20,"n=100, p=20","block",5,"equal_parent",8.8928864272475e-16,100,8.2467066856162e-16,9.5390661688788e-16,4.44280029547073e-05,100,4.31814563724168e-05,4.56745495369978e-05,0,100,0,0,1.13165791730818e-07,100,-1.22791096879137e-06,1.45424255225301e-06,0.999947159380307,100,0.999874296562442,1.00002002219817,1,100,1,1
"sensitivity_dense_wide",100,20,"n=100, p=20","block",5,"sqrt_group_size",8.8928864272475e-16,100,8.2467066856162e-16,9.5390661688788e-16,4.44280029547073e-05,100,4.31814563724168e-05,4.56745495369978e-05,0,100,0,0,1.13165791730818e-07,100,-1.22791096879137e-06,1.45424255225301e-06,0.999947159380307,100,0.999874296562442,1.00002002219817,1,100,1,1
"sensitivity_dense_wide",100,20,"n=100, p=20","independent",5,"equal_parent",8.38218383591993e-16,100,7.7368336411967e-16,9.02753403064316e-16,4.595330337328e-06,100,4.32112175423782e-06,4.86953892041818e-06,0,100,0,0,-6.84924897420558e-08,100,-1.0557303303351e-07,-3.14119464506011e-08,1,100,1,1,1,100,1,1
"sensitivity_dense_wide",100,20,"n=100, p=20","independent",5,"sqrt_group_size",8.38218383591993e-16,100,7.7368336411967e-16,9.02753403064316e-16,4.595330337328e-06,100,4.32112175423782e-06,4.86953892041818e-06,0,100,0,0,-6.84924897420558e-08,100,-1.0557303303351e-07,-3.14119464506011e-08,1,100,1,1,1,100,1,1
"sensitivity_dense_wide",100,100,"n=100, p=100","ar1_rho_0.5",10,"equal_parent",7.97140131680862e-16,100,7.40922754970684e-16,8.53357508391041e-16,0.000770990589665073,100,0.000717238097142509,0.000824743082187638,0,100,0,0,-6.27997153217485e-07,100,-1.12576967010178e-06,-1.30224636333187e-07,0.999844946006482,100,0.999795587440735,0.99989430457223,1,100,1,1
"sensitivity_dense_wide",100,100,"n=100, p=100","ar1_rho_0.5",10,"sqrt_group_size",7.97140131680862e-16,100,7.40922754970684e-16,8.53357508391041e-16,0.000770990589665073,100,0.000717238097142509,0.000824743082187638,0,100,0,0,-6.27997153217485e-07,100,-1.12576967010178e-06,-1.30224636333187e-07,0.999844946006482,100,0.999795587440735,0.99989430457223,1,100,1,1
"sensitivity_dense_wide",100,100,"n=100, p=100","ar1_rho_0.9",10,"equal_parent",8.57092175010621e-16,100,7.98975566733784e-16,9.15208783287458e-16,0.000784301408595707,100,0.00072672104189672,0.000841881775294694,0,100,0,0,-4.011633475276e-07,100,-2.55799836962407e-06,1.75567167456887e-06,0.999428295774481,100,0.99905877336428,0.999797818184682,1,100,1,1
"sensitivity_dense_wide",100,100,"n=100, p=100","ar1_rho_0.9",10,"sqrt_group_size",8.57092175010621e-16,100,7.98975566733784e-16,9.15208783287458e-16,0.000784301408595707,100,0.00072672104189672,0.000841881775294694,0,100,0,0,-4.011633475276e-07,100,-2.55799836962407e-06,1.75567167456887e-06,0.999428295774481,100,0.99905877336428,0.999797818184682,1,100,1,1
"sensitivity_dense_wide",100,100,"n=100, p=100","block",10,"equal_parent",8.34887714518118e-16,100,7.74479000761304e-16,8.95296428274932e-16,0.000733665213075927,100,0.000688263193567998,0.000779067232583855,0,100,0,0,2.86928215575966e-07,100,-1.22370305527349e-06,1.79755948642542e-06,0.999575388177845,100,0.999366166303724,0.999784610051966,1,100,1,1
"sensitivity_dense_wide",100,100,"n=100, p=100","block",10,"sqrt_group_size",8.34887714518118e-16,100,7.74479000761304e-16,8.95296428274932e-16,0.000733665213075927,100,0.000688263193567998,0.000779067232583855,0,100,0,0,2.86928215575966e-07,100,-1.22370305527349e-06,1.79755948642542e-06,0.999575388177845,100,0.999366166303724,0.999784610051966,1,100,1,1
"sensitivity_dense_wide",100,100,"n=100, p=100","independent",10,"equal_parent",8.51541059887495e-16,100,7.92204814413712e-16,9.10877305361278e-16,0.000673164223568429,100,0.000634173154531637,0.000712155292605221,0,100,0,0,-2.21092365777498e-07,100,-4.89231816729401e-07,4.70470851744054e-08,0.999464963582221,100,0.999037244741865,0.999892682422576,1,100,1,1
"sensitivity_dense_wide",100,100,"n=100, p=100","independent",10,"sqrt_group_size",8.51541059887495e-16,100,7.92204814413712e-16,9.10877305361278e-16,0.000673164223568429,100,0.000634173154531637,0.000712155292605221,0,100,0,0,-2.21092365777498e-07,100,-4.89231816729401e-07,4.70470851744054e-08,0.999464963582221,100,0.999037244741865,0.999892682422576,1,100,1,1
"sensitivity_dense_wide",100,200,"n=100, p=200","ar1_rho_0.5",20,"equal_parent",8.20454815197991e-16,100,7.58993122175139e-16,8.81916508220842e-16,0.000582642293281907,100,0.000556554685540919,0.000608729901022895,0,100,0,0,3.14485970407397e-07,100,-1.06876264538185e-06,1.69773458619665e-06,0.993270269155615,100,0.992539990883015,0.994000547428215,1,100,1,1
"sensitivity_dense_wide",100,200,"n=100, p=200","ar1_rho_0.5",20,"sqrt_group_size",8.20454815197991e-16,100,7.58993122175139e-16,8.81916508220842e-16,0.000582642293281907,100,0.000556554685540919,0.000608729901022895,0,100,0,0,3.14485970407397e-07,100,-1.06876264538185e-06,1.69773458619665e-06,0.993270269155615,100,0.992539990883015,0.994000547428215,1,100,1,1
"sensitivity_dense_wide",100,200,"n=100, p=200","ar1_rho_0.9",20,"equal_parent",8.58202398035246e-16,100,7.99043755631976e-16,9.17361040438516e-16,0.000917621140433444,100,0.000876506332286786,0.000958735948580101,0,100,0,0,-3.92240693741552e-06,100,-7.65211255513726e-06,-1.9270131969379e-07,0.995440506697583,100,0.994805075654685,0.996075937740481,1,100,1,1
"sensitivity_dense_wide",100,200,"n=100, p=200","ar1_rho_0.9",20,"sqrt_group_size",8.58202398035246e-16,100,7.99043755631976e-16,9.17361040438516e-16,0.000917621140433444,100,0.000876506332286786,0.000958735948580101,0,100,0,0,-3.92240693741552e-06,100,-7.65211255513726e-06,-1.9270131969379e-07,0.995440506697583,100,0.994805075654685,0.996075937740481,1,100,1,1
"sensitivity_dense_wide",100,200,"n=100, p=200","block",20,"equal_parent",8.88178419700125e-16,100,8.24793149367291e-16,9.5156369003296e-16,0.000816367314176452,100,0.000782887007977535,0.000849847620375368,0,100,0,0,-2.37005247427646e-07,100,-3.43514935184974e-06,2.96113885699445e-06,0.994384364230198,100,0.993722627810521,0.995046100649876,1,100,1,1
"sensitivity_dense_wide",100,200,"n=100, p=200","block",20,"sqrt_group_size",8.88178419700125e-16,100,8.24793149367291e-16,9.5156369003296e-16,0.000816367314176452,100,0.000782887007977535,0.000849847620375368,0,100,0,0,-2.37005247427646e-07,100,-3.43514935184974e-06,2.96113885699445e-06,0.994384364230198,100,0.993722627810521,0.995046100649876,1,100,1,1
"sensitivity_dense_wide",100,200,"n=100, p=200","independent",20,"equal_parent",8.1601392309949e-16,100,7.5878511192322e-16,8.7324273427576e-16,0.00053372504250262,100,0.000507478017280334,0.000559972067724905,0,100,0,0,-1.54191385935309e-06,100,-2.65821147433116e-06,-4.25616244375031e-07,0.992702905022506,100,0.991932671686626,0.993473138358387,1,100,1,1
"sensitivity_dense_wide",100,200,"n=100, p=200","independent",20,"sqrt_group_size",8.1601392309949e-16,100,7.5878511192322e-16,8.7324273427576e-16,0.00053372504250262,100,0.000507478017280334,0.000559972067724905,0,100,0,0,-1.54191385935309e-06,100,-2.65821147433116e-06,-4.25616244375031e-07,0.992702905022506,100,0.991932671686626,0.993473138358387,1,100,1,1
"sensitivity_dense_wide",500,100,"n=500, p=100","ar1_rho_0.5",10,"equal_parent",1.15019105351166e-15,100,1.05737771747089e-15,1.24300438955244e-15,2.46905997402561e-05,100,2.39793863236526e-05,2.54018131568596e-05,0,100,0,0,-6.9577107364438e-08,100,-1.53506056439511e-07,1.43518417106346e-08,0.999979716824663,100,0.999969930585037,0.99998950306429,1,100,1,1
"sensitivity_dense_wide",500,100,"n=500, p=100","ar1_rho_0.5",10,"sqrt_group_size",1.15019105351166e-15,100,1.05737771747089e-15,1.24300438955244e-15,2.46905997402561e-05,100,2.39793863236526e-05,2.54018131568596e-05,0,100,0,0,-6.9577107364438e-08,100,-1.53506056439511e-07,1.43518417106346e-08,0.999979716824663,100,0.999969930585037,0.99998950306429,1,100,1,1
"sensitivity_dense_wide",500,100,"n=500, p=100","ar1_rho_0.9",10,"equal_parent",1.15130127653629e-15,100,1.03101013525936e-15,1.27159241781321e-15,9.39811443649461e-05,100,9.22471886397057e-05,9.57151000901865e-05,0,100,0,0,-9.26211001837385e-05,100,-0.000271154430190548,8.59122298230707e-05,0.999864994485884,100,0.999832866887173,0.999897122084594,1,100,1,1
"sensitivity_dense_wide",500,100,"n=500, p=100","ar1_rho_0.9",10,"sqrt_group_size",1.15130127653629e-15,100,1.03101013525936e-15,1.27159241781321e-15,9.39811443649461e-05,100,9.22471886397057e-05,9.57151000901865e-05,0,100,0,0,-9.26211001837385e-05,100,-0.000271154430190548,8.59122298230707e-05,0.999864994485884,100,0.999832866887173,0.999897122084594,1,100,1,1
"sensitivity_dense_wide",500,100,"n=500, p=100","block",10,"equal_parent",1.26565424807268e-15,100,1.14082273233831e-15,1.39048576380704e-15,6.88855722656404e-05,100,6.76239307222991e-05,7.01472138089817e-05,0,100,0,0,-0.00287853621725911,100,-0.00918139156961018,0.00342431913509195,0.99988224986281,100,0.999854862605668,0.999909637119951,0.998181818181818,100,0.994618181818182,1.00174545454545
"sensitivity_dense_wide",500,100,"n=500, p=100","block",10,"sqrt_group_size",1.26565424807268e-15,100,1.14082273233831e-15,1.39048576380704e-15,6.88855722656404e-05,100,6.76239307222991e-05,7.01472138089817e-05,0,100,0,0,-0.00287853621725911,100,-0.00918139156961018,0.00342431913509195,0.99988224986281,100,0.999854862605668,0.999909637119951,0.998181818181818,100,0.994618181818182,1.00174545454545
"sensitivity_dense_wide",500,100,"n=500, p=100","independent",10,"equal_parent",1.17017506795491e-15,100,1.05727758143338e-15,1.28307255447645e-15,7.62986309010727e-06,100,7.35868595408998e-06,7.90104022612457e-06,0,100,0,0,-1.97265417889447e-08,100,-3.59279335989399e-08,-3.52514997894957e-09,0.999995940836928,100,0.999991110640072,1.00000077103378,1,100,1,1
"sensitivity_dense_wide",500,100,"n=500, p=100","independent",10,"sqrt_group_size",1.17017506795491e-15,100,1.05727758143338e-15,1.28307255447645e-15,7.62986309010727e-06,100,7.35868595408998e-06,7.90104022612457e-06,0,100,0,0,-1.97265417889447e-08,100,-3.59279335989399e-08,-3.52514997894957e-09,0.999995940836928,100,0.999991110640072,1.00000077103378,1,100,1,1
