"dimension","correlation","scheme","method","group_weight_specification","df_definition","delta_f1_s_mean","delta_f1_s_ci_low","delta_f1_s_ci_high","delta_rmse_s_mean","delta_rmse_s_ci_low","delta_rmse_s_ci_high","entry_order_tau_original_vs_sparse_mean","active_set_jaccard_s_original_vs_sparse_mean","sparse_component_count_s_mean","sparse_df_diagnostic_s_mean"
"n=100, p=20","ar1_rho_0.5","equal_width_4","component_lasso_glmnet","not_applicable","active_coefficient_count_proxy_excluding_intercept",-0.196121212121212,-0.225627518755368,-0.166614905487056,0.446787420115721,0.405551472378872,0.48802336785257,0.47004745807898,0.63172619047619,8.11,8.11
"n=100, p=20","ar1_rho_0.5","equal_width_4","parent_group_lasso_grpreg","equal_parent","grpreg_approximate_df_excluding_intercept",-0.124575757575758,-0.152652983071833,-0.0964985320796825,-0.00224189937501956,-0.0336712460228395,0.0291874472728003,0.507467179281674,0.745892857142857,20.28,8.32729440689553
"n=100, p=20","ar1_rho_0.5","quantile_2","component_lasso_glmnet","not_applicable","active_coefficient_count_proxy_excluding_intercept",-0.064,-0.0837116306835759,-0.044288369316424,0.134037891729871,0.10954085106427,0.158534932395472,0.686484153276159,0.870238095238095,7.65,7.65
"n=100, p=20","ar1_rho_0.5","quantile_2","parent_group_lasso_grpreg","equal_parent","grpreg_approximate_df_excluding_intercept",-0.0329090909090909,-0.0482112818949932,-0.0176068999231886,0.0330836374853264,0.0133805870014449,0.0527866879692078,0.65570704325959,0.915714285714286,10.08,3.49852766230046
"n=100, p=20","ar1_rho_0.5","quantile_4","component_lasso_glmnet","not_applicable","active_coefficient_count_proxy_excluding_intercept",-0.138727272727273,-0.166514751234683,-0.110939794219862,0.288038419282049,0.253661753618841,0.322415084945257,0.544020446315775,0.727857142857143,7.54,7.54
"n=100, p=20","ar1_rho_0.5","quantile_4","parent_group_lasso_grpreg","equal_parent","grpreg_approximate_df_excluding_intercept",-0.146181818181818,-0.171308753992099,-0.121054882371538,0.0108179145091322,-0.0265969646171496,0.048232793635414,0.509773493659846,0.713630952380952,20.36,8.12965418074309
"n=100, p=20","ar1_rho_0.5","quantile_8","component_lasso_glmnet","not_applicable","active_coefficient_count_proxy_excluding_intercept",-0.244125874125874,-0.276088313543322,-0.212163434708426,0.493446195835296,0.451620879389926,0.535271512280665,0.412358408503113,0.578472222222222,7.67,7.67
"n=100, p=20","ar1_rho_0.5","quantile_8","parent_group_lasso_grpreg","equal_parent","grpreg_approximate_df_excluding_intercept",-0.187818181818182,-0.21805262992695,-0.157583733709414,0.159514235836817,0.122717054349333,0.196311417324301,0.442106698529663,0.639166666666667,40.48,13.3997600961627
"n=100, p=20","ar1_rho_0.9","equal_width_4","component_lasso_glmnet","not_applicable","active_coefficient_count_proxy_excluding_intercept",-0.232212121212121,-0.272516509419877,-0.191907733004365,0.507726437203135,0.454173397381229,0.561279477025042,0.314546618402431,0.396710678210678,6.48,6.48
"n=100, p=20","ar1_rho_0.9","equal_width_4","parent_group_lasso_grpreg","equal_parent","grpreg_approximate_df_excluding_intercept",-0.156848484848485,-0.190502416317809,-0.123194553379161,0.0891620908500588,0.0601734883312801,0.118150693368838,0.415330038770957,0.568706349206349,20.44,6.84102518514819
"n=100, p=20","ar1_rho_0.9","quantile_2","component_lasso_glmnet","not_applicable","active_coefficient_count_proxy_excluding_intercept",-0.0815757575757576,-0.112725483087017,-0.0504260320644987,0.193981934121389,0.160321196119671,0.227642672123108,0.608642628578032,0.703293650793651,6.6,6.6
"n=100, p=20","ar1_rho_0.9","quantile_2","parent_group_lasso_grpreg","equal_parent","grpreg_approximate_df_excluding_intercept",-0.0666969696969697,-0.0938182306898582,-0.0395757087040812,0.0112777231335001,-0.0135044580714924,0.0360599043384927,0.590568626841422,0.752380952380952,10.14,3.9038825583259
"n=100, p=20","ar1_rho_0.9","quantile_4","component_lasso_glmnet","not_applicable","active_coefficient_count_proxy_excluding_intercept",-0.16830303030303,-0.20235172759145,-0.134254333014611,0.361341810424576,0.317478621854644,0.405204998994508,0.390256309950146,0.521369047619048,6.46,6.46
"n=100, p=20","ar1_rho_0.9","quantile_4","parent_group_lasso_grpreg","equal_parent","grpreg_approximate_df_excluding_intercept",-0.134666666666667,-0.167385303413178,-0.101948029920156,0.0903924361353319,0.0613906653950318,0.119394206875632,0.403274282368513,0.586384920634921,20.28,6.59107854739154
"n=100, p=20","ar1_rho_0.9","quantile_8","component_lasso_glmnet","not_applicable","active_coefficient_count_proxy_excluding_intercept",-0.211757575757576,-0.252293340439643,-0.171221811075509,0.532648536503309,0.476625329768697,0.588671743237921,0.282444493056105,0.412186868686869,6.71,6.71
"n=100, p=20","ar1_rho_0.9","quantile_8","parent_group_lasso_grpreg","equal_parent","grpreg_approximate_df_excluding_intercept",-0.183030303030303,-0.217647804238975,-0.148412801821631,0.185894732896036,0.153226321850159,0.218563143941913,0.334330342318648,0.508412698412698,41.04,11.048102571568
"n=100, p=20","block","equal_width_4","component_lasso_glmnet","not_applicable","active_coefficient_count_proxy_excluding_intercept",-0.283393939393939,-0.32275997804478,-0.244027900743099,0.550829856099199,0.485465596238661,0.616194115959738,0.291577170102582,0.392222222222222,6.07,6.07
"n=100, p=20","block","equal_width_4","parent_group_lasso_grpreg","equal_parent","grpreg_approximate_df_excluding_intercept",-0.163212121212121,-0.20145200736558,-0.124972235058663,0.0565813771822584,0.0283454495021472,0.0848173048623697,0.431297967595581,0.598670634920635,20.32,6.05625632319504
"n=100, p=20","block","quantile_2","component_lasso_glmnet","not_applicable","active_coefficient_count_proxy_excluding_intercept",-0.0964848484848485,-0.128532315053096,-0.0644373819166005,0.212037708984635,0.164896942012367,0.259178475956903,0.600878596612619,0.676607142857143,6.51,6.51
"n=100, p=20","block","quantile_2","parent_group_lasso_grpreg","equal_parent","grpreg_approximate_df_excluding_intercept",-0.0834545454545455,-0.111468311003459,-0.0554407799056323,0.00492223136596637,-0.0190885895310781,0.0289330522630108,0.58383862749669,0.75422619047619,10.22,3.5071953305597
"n=100, p=20","block","quantile_4","component_lasso_glmnet","not_applicable","active_coefficient_count_proxy_excluding_intercept",-0.206212121212121,-0.245836901127581,-0.166587341296661,0.352054494892967,0.296352727925005,0.407756261860929,0.37748729845221,0.505039682539683,6.4,6.4
"n=100, p=20","block","quantile_4","parent_group_lasso_grpreg","equal_parent","grpreg_approximate_df_excluding_intercept",-0.156606060606061,-0.191040152191905,-0.122171969020216,0.0604452623104214,0.025529228091625,0.0953612965292179,0.420724950252897,0.598392857142857,20.36,5.9986596298991
"n=100, p=20","block","quantile_8","component_lasso_glmnet","not_applicable","active_coefficient_count_proxy_excluding_intercept",-0.267757575757576,-0.306919335551233,-0.228595815963919,0.574766148542826,0.516104160656946,0.633428136428706,0.248642911578292,0.411940476190476,6.24,6.24
"n=100, p=20","block","quantile_8","parent_group_lasso_grpreg","equal_parent","grpreg_approximate_df_excluding_intercept",-0.206666666666667,-0.243879017596046,-0.169454315737287,0.173448304933644,0.130846918647529,0.21604969121976,0.353690904164232,0.524246031746032,40.39,9.58772528102062
"n=100, p=20","independent","equal_width_4","component_lasso_glmnet","not_applicable","active_coefficient_count_proxy_excluding_intercept",-0.162545454545454,-0.187415305081763,-0.137675604009146,0.376575791298458,0.339433718603228,0.413717863993689,0.530740837368419,0.732083333333333,8.72,8.72
"n=100, p=20","independent","equal_width_4","parent_group_lasso_grpreg","equal_parent","grpreg_approximate_df_excluding_intercept",-0.118727272727273,-0.144216792355001,-0.0932377530995448,-0.0362266916826617,-0.0682174384338309,-0.0042359449314925,0.531120445321324,0.788511904761905,20.28,8.5561645589814
"n=100, p=20","independent","quantile_2","component_lasso_glmnet","not_applicable","active_coefficient_count_proxy_excluding_intercept",-0.02,-0.0333098335359106,-0.00669016646408933,0.114079074269695,0.0956768551027774,0.132481293436614,0.737558221782119,0.953333333333333,7.6,7.6
"n=100, p=20","independent","quantile_2","parent_group_lasso_grpreg","equal_parent","grpreg_approximate_df_excluding_intercept",-0.0249090909090909,-0.0402025611204076,-0.00961562069777415,0.0381191017727219,0.0257999219370593,0.0504382816083845,0.681347242216637,0.949285714285714,10.04,3.27908363601516
"n=100, p=20","independent","quantile_4","component_lasso_glmnet","not_applicable","active_coefficient_count_proxy_excluding_intercept",-0.0974545454545454,-0.118845480762092,-0.0760636101469983,0.243928659637707,0.215096803028078,0.272760516247337,0.561348852740287,0.823333333333333,7.69,7.69
"n=100, p=20","independent","quantile_4","parent_group_lasso_grpreg","equal_parent","grpreg_approximate_df_excluding_intercept",-0.114181818181818,-0.137238353232246,-0.0911252831313905,-0.0282576976408513,-0.0625868733934253,0.00607147811172266,0.540288820090643,0.798809523809524,20.24,8.38392848512023
"n=100, p=20","independent","quantile_8","component_lasso_glmnet","not_applicable","active_coefficient_count_proxy_excluding_intercept",-0.230939393939394,-0.260694176856742,-0.201184611022046,0.48228670169204,0.440325420982877,0.524247982401202,0.436074853358879,0.631428571428571,7.72,7.72
"n=100, p=20","independent","quantile_8","parent_group_lasso_grpreg","equal_parent","grpreg_approximate_df_excluding_intercept",-0.182757575757576,-0.208235813638684,-0.157279337876467,0.131738078018397,0.0958524813748868,0.167623674661906,0.469823336678798,0.695595238095238,40.8,13.6102068820994
"n=100, p=100","ar1_rho_0.5","equal_width_4","component_lasso_glmnet","not_applicable","active_coefficient_count_proxy_excluding_intercept",-0.272353472614342,-0.29608673547716,-0.248620209751524,0.67006847390298,0.628178153472096,0.711958794333864,0.253107485162338,0.394145394595085,12.23,12.23
"n=100, p=100","ar1_rho_0.5","equal_width_4","parent_group_lasso_grpreg","equal_parent","grpreg_approximate_df_excluding_intercept",-0.1894016563147,-0.214629261273657,-0.164174051355742,0.328098137539057,0.293100210941946,0.363096064136168,0.29387658733123,0.503034340659341,41.56,9.34039643539599
"n=100, p=100","ar1_rho_0.5","quantile_2","component_lasso_glmnet","not_applicable","active_coefficient_count_proxy_excluding_intercept",-0.0775151515151516,-0.094655070795999,-0.0603752322343041,0.262472450071661,0.235266669879695,0.289678230263627,0.46394459144508,0.680278554778555,12.83,12.83
"n=100, p=100","ar1_rho_0.5","quantile_2","parent_group_lasso_grpreg","equal_parent","grpreg_approximate_df_excluding_intercept",-0.0814935064935065,-0.100418334332037,-0.0625686786549756,0.169981371633751,0.14457163026195,0.195391113005553,0.41694954404005,0.690448051948052,20.22,4.91519259519479
"n=100, p=100","ar1_rho_0.5","quantile_4","component_lasso_glmnet","not_applicable","active_coefficient_count_proxy_excluding_intercept",-0.206380952380952,-0.228183144622801,-0.184578760139103,0.507618826793864,0.473222567694773,0.542015085892954,0.285183494868141,0.479786856933916,12.29,12.29
"n=100, p=100","ar1_rho_0.5","quantile_4","parent_group_lasso_grpreg","equal_parent","grpreg_approximate_df_excluding_intercept",-0.18817316017316,-0.211372910316944,-0.164973410029376,0.319760292324029,0.284673362602388,0.35484722204567,0.290987213927254,0.502150787121375,40.8,9.49104303334234
"n=100, p=100","ar1_rho_0.5","quantile_8","component_lasso_glmnet","not_applicable","active_coefficient_count_proxy_excluding_intercept",-0.372127799736495,-0.399728313079244,-0.344527286393747,0.763826786474558,0.723269874794402,0.804383698154714,0.187379037414635,0.278062046140994,11.52,11.52
"n=100, p=100","ar1_rho_0.5","quantile_8","parent_group_lasso_grpreg","equal_parent","grpreg_approximate_df_excluding_intercept",-0.296375682288726,-0.320089517237448,-0.272661847340003,0.524263061829876,0.484645438998241,0.56388068466151,0.228446136574854,0.357593513856285,82.96,15.0106231755725
"n=100, p=100","ar1_rho_0.9","equal_width_4","component_lasso_glmnet","not_applicable","active_coefficient_count_proxy_excluding_intercept",-0.189285714285714,-0.215606660276079,-0.16296476829535,0.601306472338246,0.556711519030242,0.645901425646251,0.201327887674996,0.246729515625413,11.4,11.4
"n=100, p=100","ar1_rho_0.9","equal_width_4","parent_group_lasso_grpreg","equal_parent","grpreg_approximate_df_excluding_intercept",-0.118502164502164,-0.142029548303858,-0.094974780700471,0.220095261399323,0.189825965198974,0.250364557599671,0.238311311705666,0.40497872608128,40.8,8.88179417260552
"n=100, p=100","ar1_rho_0.9","quantile_2","component_lasso_glmnet","not_applicable","active_coefficient_count_proxy_excluding_intercept",-0.0717878787878788,-0.0935045977833949,-0.0500711597923627,0.272746261766302,0.239598820079361,0.305893703453244,0.410342195623489,0.505486846486846,11.38,11.38
"n=100, p=100","ar1_rho_0.9","quantile_2","parent_group_lasso_grpreg","equal_parent","grpreg_approximate_df_excluding_intercept",-0.0544761904761905,-0.0709265162603896,-0.0380258646919914,0.103476059676441,0.0797939315313292,0.127158187821553,0.384516745476525,0.644736138861139,20.36,4.90855611405674
"n=100, p=100","ar1_rho_0.9","quantile_4","component_lasso_glmnet","not_applicable","active_coefficient_count_proxy_excluding_intercept",-0.134134199134199,-0.157349185814591,-0.110919212453808,0.445515028110459,0.407984412465869,0.48304564375505,0.225319196494444,0.360924938193901,11.18,11.18
"n=100, p=100","ar1_rho_0.9","quantile_4","parent_group_lasso_grpreg","equal_parent","grpreg_approximate_df_excluding_intercept",-0.130891774891775,-0.154225170618658,-0.107558379164892,0.229466334887331,0.195937286485519,0.262995383289142,0.238728357791913,0.423658601202719,40.6,8.70100054899491
"n=100, p=100","ar1_rho_0.9","quantile_8","component_lasso_glmnet","not_applicable","active_coefficient_count_proxy_excluding_intercept",-0.19874025974026,-0.225567624868611,-0.171912894611908,0.66368267790862,0.616182744009631,0.711182611807608,0.14822297624812,0.232846294658214,11.34,11.34
"n=100, p=100","ar1_rho_0.9","quantile_8","parent_group_lasso_grpreg","equal_parent","grpreg_approximate_df_excluding_intercept",-0.169337662337662,-0.194408877550845,-0.14426644712448,0.368158551240483,0.332422888528301,0.403894213952665,0.192826362176316,0.324708530848237,82.72,13.7862725755299
"n=100, p=100","block","equal_width_4","component_lasso_glmnet","not_applicable","active_coefficient_count_proxy_excluding_intercept",-0.223614718614719,-0.249750106504571,-0.197479330724866,0.599519702451868,0.561437516476573,0.637601888427162,0.204126573360346,0.291518196414868,11.16,11.16
"n=100, p=100","block","equal_width_4","parent_group_lasso_grpreg","equal_parent","grpreg_approximate_df_excluding_intercept",-0.126783738001129,-0.150638118218324,-0.102929357783934,0.221834343459548,0.192632632927404,0.251036053991692,0.258628806391521,0.437999278499278,41.16,9.21233866170921
"n=100, p=100","block","quantile_2","component_lasso_glmnet","not_applicable","active_coefficient_count_proxy_excluding_intercept",-0.079982683982684,-0.0999211720486456,-0.0600441959167223,0.26048561581733,0.22866046900539,0.29231076262927,0.424605580136944,0.545658806879395,11.76,11.76
"n=100, p=100","block","quantile_2","parent_group_lasso_grpreg","equal_parent","grpreg_approximate_df_excluding_intercept",-0.0295064935064935,-0.0455777372791568,-0.0134352497338303,0.101864056424885,0.0797554074463377,0.123972705403433,0.398402963968062,0.681710789210789,20.28,4.80685315809099
"n=100, p=100","block","quantile_4","component_lasso_glmnet","not_applicable","active_coefficient_count_proxy_excluding_intercept",-0.142484848484848,-0.166099037826399,-0.118870659143298,0.437024809445492,0.402096165880107,0.471953453010876,0.244664157313096,0.414097293616256,11.48,11.48
"n=100, p=100","block","quantile_4","parent_group_lasso_grpreg","equal_parent","grpreg_approximate_df_excluding_intercept",-0.125770562770563,-0.149740787862599,-0.101800337678526,0.211146886941375,0.183250007085485,0.239043766797266,0.253975758871366,0.456210407239819,40.96,9.46122843437876
"n=100, p=100","block","quantile_8","component_lasso_glmnet","not_applicable","active_coefficient_count_proxy_excluding_intercept",-0.233164502164502,-0.262318218002315,-0.204010786326689,0.662271006406977,0.620618376991349,0.703923635822605,0.149212292829736,0.25631693817878,11.41,11.41
"n=100, p=100","block","quantile_8","parent_group_lasso_grpreg","equal_parent","grpreg_approximate_df_excluding_intercept",-0.190635987201205,-0.217836060168091,-0.163435914234318,0.371912945741257,0.343323021077703,0.400502870404811,0.195381199840918,0.339412889784794,81.76,14.0647754945171
"n=100, p=100","independent","equal_width_4","component_lasso_glmnet","not_applicable","active_coefficient_count_proxy_excluding_intercept",-0.258251082251082,-0.283828186748231,-0.232673977753933,0.696668278770028,0.654764784864,0.738571772676057,0.270847477033927,0.429926069415621,12.64,12.64
"n=100, p=100","independent","equal_width_4","parent_group_lasso_grpreg","equal_parent","grpreg_approximate_df_excluding_intercept",-0.192757575757576,-0.216250837172471,-0.16926431434268,0.405702735312997,0.367651812087923,0.443753658538071,0.302462212727852,0.51581351981352,41.08,8.87544164899779
"n=100, p=100","independent","quantile_2","component_lasso_glmnet","not_applicable","active_coefficient_count_proxy_excluding_intercept",-0.074407114624506,-0.0915257411813452,-0.0572884880676667,0.287535452369648,0.253163070873548,0.321907833865748,0.479918477641913,0.73450715950716,13.03,13.03
"n=100, p=100","independent","quantile_2","parent_group_lasso_grpreg","equal_parent","grpreg_approximate_df_excluding_intercept",-0.0824112554112554,-0.100284907075891,-0.0645376037466197,0.208913011830804,0.177464647627189,0.240361376034418,0.429649500296533,0.713770396270396,20.42,5.09014927306281
"n=100, p=100","independent","quantile_4","component_lasso_glmnet","not_applicable","active_coefficient_count_proxy_excluding_intercept",-0.221623564840956,-0.247088520234414,-0.196158609447498,0.548026002801406,0.508440898188606,0.587611107414206,0.291866899843182,0.469075968149498,12.34,12.34
"n=100, p=100","independent","quantile_4","parent_group_lasso_grpreg","equal_parent","grpreg_approximate_df_excluding_intercept",-0.205497835497836,-0.228930916335232,-0.182064754660439,0.410809515028169,0.371931635854386,0.449687394201951,0.300476753985875,0.497677405927406,40.76,8.9075558296544
"n=100, p=100","independent","quantile_8","component_lasso_glmnet","not_applicable","active_coefficient_count_proxy_excluding_intercept",-0.375343873517787,-0.402611155517621,-0.348076591517953,0.791430661843962,0.747636233267529,0.835225090420394,0.183767211051226,0.310861216956418,11.67,11.67
"n=100, p=100","independent","quantile_8","parent_group_lasso_grpreg","equal_parent","grpreg_approximate_df_excluding_intercept",-0.310080274797666,-0.339100307402279,-0.281060242193054,0.591498002020648,0.549909025151218,0.633086978890078,0.232048472704331,0.363702810948941,83.36,15.0462259900771
"n=100, p=200","ar1_rho_0.5","equal_width_4","component_lasso_glmnet","not_applicable","active_coefficient_count_proxy_excluding_intercept",-0.233743888933906,-0.252624001345783,-0.214863776522029,0.707298897211916,0.666002837776153,0.748594956647679,0.233319976444804,0.276518275093158,22.54,22.54
"n=100, p=200","ar1_rho_0.5","equal_width_4","parent_group_lasso_grpreg","equal_parent","grpreg_approximate_df_excluding_intercept",-0.194860330065095,-0.213679101035551,-0.176041559094639,0.531162402777895,0.494595807525292,0.567728998030497,0.251242609661777,0.326938113659855,81.56,13.7859235488751
"n=100, p=200","ar1_rho_0.5","quantile_2","component_lasso_glmnet","not_applicable","active_coefficient_count_proxy_excluding_intercept",-0.0853824784593361,-0.101942978268317,-0.0688219786503556,0.307346488401463,0.277451037694278,0.337241939108647,0.459757619586917,0.542566363847302,23,23
"n=100, p=200","ar1_rho_0.5","quantile_2","parent_group_lasso_grpreg","equal_parent","grpreg_approximate_df_excluding_intercept",-0.101896415741566,-0.116960200618903,-0.0868326308642291,0.277391010039532,0.250577128737002,0.304204891342062,0.390434479960347,0.50212030857651,40.64,8.62199637096999
"n=100, p=200","ar1_rho_0.5","quantile_4","component_lasso_glmnet","not_applicable","active_coefficient_count_proxy_excluding_intercept",-0.202174693208726,-0.221648924333447,-0.182700462084005,0.604107249664967,0.566897896980543,0.641316602349391,0.253068476667889,0.332975430379846,22.75,22.75
"n=100, p=200","ar1_rho_0.5","quantile_4","parent_group_lasso_grpreg","equal_parent","grpreg_approximate_df_excluding_intercept",-0.199552588931205,-0.218449478615339,-0.18065569924707,0.555202798589912,0.516493082700836,0.593912514478988,0.249971101831088,0.341430044339265,81.44,13.5986144819163
"n=100, p=200","ar1_rho_0.5","quantile_8","component_lasso_glmnet","not_applicable","active_coefficient_count_proxy_excluding_intercept",-0.29358754508868,-0.31656764797712,-0.270607442200239,0.80242825328276,0.756719024811257,0.848137481754263,0.143171544487705,0.192931537272281,21.82,21.82
"n=100, p=200","ar1_rho_0.5","quantile_8","parent_group_lasso_grpreg","equal_parent","grpreg_approximate_df_excluding_intercept",-0.276599586743376,-0.298985717155867,-0.254213456330885,0.715384284751282,0.670774109895582,0.759994459606982,0.180349664659985,0.22891217679913,161.92,23.0796848636755
"n=100, p=200","ar1_rho_0.9","equal_width_4","component_lasso_glmnet","not_applicable","active_coefficient_count_proxy_excluding_intercept",-0.128043135348297,-0.14718326974397,-0.108903000952624,0.925823473087636,0.87358925369902,0.978057692476253,0.181035302005521,0.234012731597237,22.07,22.07
"n=100, p=200","ar1_rho_0.9","equal_width_4","parent_group_lasso_grpreg","equal_parent","grpreg_approximate_df_excluding_intercept",-0.0894641979310159,-0.107189200703428,-0.071739195158604,0.566419022704417,0.531686437955697,0.601151607453136,0.221919353076212,0.31724889597649,81.28,16.3524460149296
"n=100, p=200","ar1_rho_0.9","quantile_2","component_lasso_glmnet","not_applicable","active_coefficient_count_proxy_excluding_intercept",-0.0504924506387921,-0.0660779603051942,-0.03490694097239,0.392183822876331,0.358905863986145,0.425461781766516,0.379290854172327,0.437500091635798,21.6,21.6
"n=100, p=200","ar1_rho_0.9","quantile_2","parent_group_lasso_grpreg","equal_parent","grpreg_approximate_df_excluding_intercept",-0.0520110336817654,-0.0663896516775869,-0.0376324156859439,0.278615796738485,0.251730514068074,0.305501079408897,0.356612535065048,0.509573692658217,40.32,9.94472325243641
"n=100, p=200","ar1_rho_0.9","quantile_4","component_lasso_glmnet","not_applicable","active_coefficient_count_proxy_excluding_intercept",-0.113468006374416,-0.132752225315525,-0.0941837874333068,0.704353733798925,0.662860413421101,0.745847054176749,0.196065132832873,0.272605557162258,22.03,22.03
"n=100, p=200","ar1_rho_0.9","quantile_4","parent_group_lasso_grpreg","equal_parent","grpreg_approximate_df_excluding_intercept",-0.114778448531994,-0.131364409196527,-0.0981924878674602,0.581640384371763,0.548656474514496,0.61462429422903,0.199121975180605,0.300658444359742,80.92,16.2990978709645
"n=100, p=200","ar1_rho_0.9","quantile_8","component_lasso_glmnet","not_applicable","active_coefficient_count_proxy_excluding_intercept",-0.151221416416822,-0.170384567461184,-0.13205826537246,1.06751159538275,1.01415887716599,1.12086431359951,0.12719159328879,0.18620627517001,22.12,22.12
"n=100, p=200","ar1_rho_0.9","quantile_8","parent_group_lasso_grpreg","equal_parent","grpreg_approximate_df_excluding_intercept",-0.131295005807201,-0.149694110873714,-0.112895900740688,0.811062318699393,0.767287983467996,0.854836653930791,0.153049227179253,0.241385327594359,162,25.2565831247045
"n=100, p=200","block","equal_width_4","component_lasso_glmnet","not_applicable","active_coefficient_count_proxy_excluding_intercept",-0.154608338060125,-0.172509049882499,-0.136707626237751,0.90951067087998,0.857840471202582,0.961180870557377,0.175880128831735,0.233272585486896,21.99,21.99
"n=100, p=200","block","equal_width_4","parent_group_lasso_grpreg","equal_parent","grpreg_approximate_df_excluding_intercept",-0.119770534532588,-0.136505861194235,-0.103035207870941,0.587494490461899,0.5487456850247,0.626243295899099,0.21889890787475,0.307710138387329,81.28,15.3335741346058
"n=100, p=200","block","quantile_2","component_lasso_glmnet","not_applicable","active_coefficient_count_proxy_excluding_intercept",-0.0637453204764606,-0.0781232213005444,-0.0493674196523768,0.398193849459607,0.365090706540317,0.431296992378896,0.401073706347274,0.466278078871864,21.84,21.84
"n=100, p=200","block","quantile_2","parent_group_lasso_grpreg","equal_parent","grpreg_approximate_df_excluding_intercept",-0.0503135483348189,-0.0644223368504208,-0.036204759819217,0.2747518138679,0.24595860697649,0.30354502075931,0.362122202122484,0.52493584165517,40.5,9.72126706723852
"n=100, p=200","block","quantile_4","component_lasso_glmnet","not_applicable","active_coefficient_count_proxy_excluding_intercept",-0.125476060335958,-0.141307694437321,-0.109644426234596,0.72220237751937,0.680421512742049,0.763983242296691,0.209458532788908,0.292855508021959,21.99,21.99
"n=100, p=200","block","quantile_4","parent_group_lasso_grpreg","equal_parent","grpreg_approximate_df_excluding_intercept",-0.116672892526267,-0.133343959994046,-0.100001825058489,0.573597233287067,0.538263664673014,0.60893080190112,0.211400004192661,0.306990161316149,81.32,16.035323419829
"n=100, p=200","block","quantile_8","component_lasso_glmnet","not_applicable","active_coefficient_count_proxy_excluding_intercept",-0.183697701428842,-0.203623809037819,-0.163771593819865,1.04774487773467,0.994420641739652,1.1010691137297,0.124178226118895,0.182355757373646,21.67,21.67
"n=100, p=200","block","quantile_8","parent_group_lasso_grpreg","equal_parent","grpreg_approximate_df_excluding_intercept",-0.147020986954056,-0.166166249913203,-0.127875723994908,0.79051806453511,0.745682599416649,0.83535352965357,0.161441085944919,0.229179855292607,163.28,24.3654631268652
"n=100, p=200","independent","equal_width_4","component_lasso_glmnet","not_applicable","active_coefficient_count_proxy_excluding_intercept",-0.222575723199092,-0.244834460242395,-0.20031698615579,0.687905875998314,0.647182482770693,0.728629269225935,0.239098330241355,0.282384492379104,22.3,22.3
"n=100, p=200","independent","equal_width_4","parent_group_lasso_grpreg","equal_parent","grpreg_approximate_df_excluding_intercept",-0.183612026185197,-0.203273038500597,-0.163951013869797,0.500031313689675,0.463241791836382,0.536820835542969,0.270612866123429,0.342875423802553,81.76,13.5255384335822
"n=100, p=200","independent","quantile_2","component_lasso_glmnet","not_applicable","active_coefficient_count_proxy_excluding_intercept",-0.050577181751884,-0.0649645894378899,-0.036189774065878,0.281997139444118,0.254911139057638,0.309083139830599,0.475370954555394,0.603575592723119,23.07,23.07
"n=100, p=200","independent","quantile_2","parent_group_lasso_grpreg","equal_parent","grpreg_approximate_df_excluding_intercept",-0.0998495934959349,-0.11551305688005,-0.0841861301118197,0.273105431500957,0.246424011740317,0.299786851261598,0.397168338373612,0.507900638117617,40.76,8.41747292372431
"n=100, p=200","independent","quantile_4","component_lasso_glmnet","not_applicable","active_coefficient_count_proxy_excluding_intercept",-0.208778299975691,-0.229594835522494,-0.187961764428888,0.572270764200123,0.533474462402366,0.611067065997879,0.269425186864564,0.332521039527194,22.37,22.37
"n=100, p=200","independent","quantile_4","parent_group_lasso_grpreg","equal_parent","grpreg_approximate_df_excluding_intercept",-0.191114771407454,-0.211014637372244,-0.171214905442665,0.505401555408209,0.46763170411959,0.543171406696828,0.272881790255096,0.338257401947046,81.36,13.6176351911483
"n=100, p=200","independent","quantile_8","component_lasso_glmnet","not_applicable","active_coefficient_count_proxy_excluding_intercept",-0.316268819382546,-0.339071648905356,-0.293465989859736,0.778537267226992,0.732266819122572,0.824807715331412,0.160313631614817,0.195580350076443,21.98,21.98
"n=100, p=200","independent","quantile_8","parent_group_lasso_grpreg","equal_parent","grpreg_approximate_df_excluding_intercept",-0.274214285714286,-0.296387791372869,-0.252040780055702,0.680394244329299,0.637111205684818,0.723677282973779,0.190201403781862,0.242025657722641,162.64,22.9981935932631
"n=500, p=100","ar1_rho_0.5","equal_width_4","component_lasso_glmnet","not_applicable","active_coefficient_count_proxy_excluding_intercept",-0.165099567099567,-0.182103968380775,-0.148095165818359,0.665234315154355,0.615108488836485,0.715360141472225,0.350974269617264,0.716759074259074,20.64,20.64
"n=500, p=100","ar1_rho_0.5","equal_width_4","parent_group_lasso_grpreg","equal_parent","grpreg_approximate_df_excluding_intercept",-0.0294285714285714,-0.0398474202720543,-0.0190097225850885,0.0789486877738836,0.0554179644279051,0.102479411119862,0.374402060965934,0.941223776223776,40.12,16.2854331729677
"n=500, p=100","ar1_rho_0.5","quantile_2","component_lasso_glmnet","not_applicable","active_coefficient_count_proxy_excluding_intercept",-0.0252467532467532,-0.0341720431214299,-0.0163214633720766,0.149924241138419,0.122290127236032,0.177558355040807,0.598485370919432,0.943409090909091,17.18,17.18
"n=500, p=100","ar1_rho_0.5","quantile_2","parent_group_lasso_grpreg","equal_parent","grpreg_approximate_df_excluding_intercept",-0.003,-0.00734474415768467,0.00134474415768468,0.0328521377685222,0.0214444075353324,0.044259868001712,0.517463985347929,0.985454545454545,20.04,8.35487086948691
"n=500, p=100","ar1_rho_0.5","quantile_4","component_lasso_glmnet","not_applicable","active_coefficient_count_proxy_excluding_intercept",-0.0834805194805194,-0.0969016986979568,-0.0700593402630821,0.346496510499695,0.307850627800477,0.385142393198914,0.381994535867342,0.848921911421911,17.2,17.2
"n=500, p=100","ar1_rho_0.5","quantile_4","parent_group_lasso_grpreg","equal_parent","grpreg_approximate_df_excluding_intercept",-0.0346796536796537,-0.0452721256750458,-0.0240871816842616,0.0698958936787773,0.0459745378707002,0.0938172494868545,0.371077872379012,0.931093073593074,40.24,16.5349322774678
"n=500, p=100","ar1_rho_0.5","quantile_8","component_lasso_glmnet","not_applicable","active_coefficient_count_proxy_excluding_intercept",-0.173857142857143,-0.190468264310653,-0.157246021403632,0.702450936765454,0.652221381517337,0.752680492013571,0.273185494632004,0.703032467532468,18.65,18.65
"n=500, p=100","ar1_rho_0.5","quantile_8","parent_group_lasso_grpreg","equal_parent","grpreg_approximate_df_excluding_intercept",-0.131722943722944,-0.146427745101864,-0.117018142344023,0.0621217954383491,0.0287230273156675,0.0955205635610308,0.296658331238702,0.764277389277389,81.28,35.6452896158888
"n=500, p=100","ar1_rho_0.9","equal_width_4","component_lasso_glmnet","not_applicable","active_coefficient_count_proxy_excluding_intercept",-0.305714285714286,-0.330870279193769,-0.280558292234802,0.730228270632658,0.674557952675122,0.785898588590194,0.266363258781767,0.351060286935287,13.67,13.67
"n=500, p=100","ar1_rho_0.9","equal_width_4","parent_group_lasso_grpreg","equal_parent","grpreg_approximate_df_excluding_intercept",-0.111926406926407,-0.13249933690861,-0.0913534769442043,0.0785012050312031,0.0498873647543422,0.107115045308064,0.337822037824597,0.651235930735931,40.64,12.10863881535
"n=500, p=100","ar1_rho_0.9","quantile_2","component_lasso_glmnet","not_applicable","active_coefficient_count_proxy_excluding_intercept",-0.111731601731602,-0.12989079340725,-0.0935724100559534,0.281362662432542,0.239939639277028,0.322785685588055,0.540821410556617,0.644221278721279,13.78,13.78
"n=500, p=100","ar1_rho_0.9","quantile_2","parent_group_lasso_grpreg","equal_parent","grpreg_approximate_df_excluding_intercept",-0.0154935064935065,-0.0267368292821852,-0.00425018370482784,0.0216000876854958,0.00665554084766954,0.0365446345233221,0.535720506093223,0.863362470862471,20.12,6.42185029505326
"n=500, p=100","ar1_rho_0.9","quantile_4","component_lasso_glmnet","not_applicable","active_coefficient_count_proxy_excluding_intercept",-0.189574251835121,-0.211009203152481,-0.168139300517762,0.5029296838776,0.457569653960757,0.548289713794443,0.311023433429503,0.50152836379307,13.38,13.38
"n=500, p=100","ar1_rho_0.9","quantile_4","parent_group_lasso_grpreg","equal_parent","grpreg_approximate_df_excluding_intercept",-0.117670995670996,-0.138608661908556,-0.096733329433435,0.0818195148435329,0.0517938450007288,0.111845184686337,0.316901254174474,0.636487764686294,40.6,11.9107154709858
"n=500, p=100","ar1_rho_0.9","quantile_8","component_lasso_glmnet","not_applicable","active_coefficient_count_proxy_excluding_intercept",-0.293649350649351,-0.316291141182002,-0.271007560116699,0.729790398765918,0.675507334884963,0.784073462646874,0.227473940315544,0.371377962723551,13.44,13.44
"n=500, p=100","ar1_rho_0.9","quantile_8","parent_group_lasso_grpreg","equal_parent","grpreg_approximate_df_excluding_intercept",-0.189999058912102,-0.214133035762642,-0.165865082061563,0.193497063827708,0.156663275692468,0.230330851962948,0.263728143601855,0.527334111966465,82.48,21.0664255075804
"n=500, p=100","block","equal_width_4","component_lasso_glmnet","not_applicable","active_coefficient_count_proxy_excluding_intercept",-0.348883116883117,-0.370069056653422,-0.327697177112812,0.875338097504958,0.826194159130736,0.924482035879181,0.239868733485567,0.335834913452561,13.54,13.54
"n=500, p=100","block","equal_width_4","parent_group_lasso_grpreg","equal_parent","grpreg_approximate_df_excluding_intercept",-0.110619047619048,-0.129350583725128,-0.0918875115129677,0.113003479174654,0.0830487383446182,0.14295822000469,0.325014618873497,0.690519480519481,40.8,13.2261010726966
"n=500, p=100","block","quantile_2","component_lasso_glmnet","not_applicable","active_coefficient_count_proxy_excluding_intercept",-0.0940259740259741,-0.110138500482915,-0.0779134475690329,0.297187510921971,0.265915135243989,0.328459886599953,0.550771784419837,0.68475357975358,14.69,14.69
"n=500, p=100","block","quantile_2","parent_group_lasso_grpreg","equal_parent","grpreg_approximate_df_excluding_intercept",-0.0136363636363636,-0.0238843919082251,-0.00338833536450221,0.0512809896207437,0.0363760311751151,0.0661859480663723,0.514543030237069,0.891824009324009,20.2,7.09753561691023
"n=500, p=100","block","quantile_4","component_lasso_glmnet","not_applicable","active_coefficient_count_proxy_excluding_intercept",-0.211813852813853,-0.232706458121488,-0.190921247506218,0.595170573647634,0.551957070992057,0.638384076303212,0.29946532391604,0.505388981116922,13.59,13.59
"n=500, p=100","block","quantile_4","parent_group_lasso_grpreg","equal_parent","grpreg_approximate_df_excluding_intercept",-0.115519480519481,-0.134825068633785,-0.096213892405176,0.112803327986905,0.0848492288711073,0.140757427102702,0.311441018458194,0.685361305361305,40.6,13.3187779257889
"n=500, p=100","block","quantile_8","component_lasso_glmnet","not_applicable","active_coefficient_count_proxy_excluding_intercept",-0.316648409561453,-0.338467626080643,-0.294829193042263,0.859700926476914,0.812723721774199,0.906678131179628,0.205108650905243,0.36544537815126,13.32,13.32
"n=500, p=100","block","quantile_8","parent_group_lasso_grpreg","equal_parent","grpreg_approximate_df_excluding_intercept",-0.216008658008658,-0.236253653622013,-0.195763662395303,0.262564932035889,0.229769820888166,0.295360043183612,0.252280522220901,0.52073402088108,81.36,21.9270170028679
"n=500, p=100","independent","equal_width_4","component_lasso_glmnet","not_applicable","active_coefficient_count_proxy_excluding_intercept",-0.053060606060606,-0.0648676637773459,-0.0412535483438662,0.425822471909517,0.393210000892553,0.458434942926482,0.389787654874735,0.905180652680653,25.79,25.79
"n=500, p=100","independent","equal_width_4","parent_group_lasso_grpreg","equal_parent","grpreg_approximate_df_excluding_intercept",-0.006,-0.0106781918288885,-0.00132180817111154,0.0574008171628804,0.0476008578741554,0.0672007764516054,0.386124718844311,0.989090909090909,40,15.8599957771416
"n=500, p=100","independent","quantile_2","component_lasso_glmnet","not_applicable","active_coefficient_count_proxy_excluding_intercept",-0.005,-0.00929324110572877,-0.00070675889427123,0.118306306314328,0.10170024082523,0.134912371803426,0.641209009212185,0.990909090909091,17.41,17.41
"n=500, p=100","independent","quantile_2","parent_group_lasso_grpreg","equal_parent","grpreg_approximate_df_excluding_intercept",-0.003,-0.0063603535167562,0.0003603535167562,0.0225267189151696,0.0151254196543819,0.0299280181759574,0.539061133098837,0.994545454545455,20,8.10217428516282
"n=500, p=100","independent","quantile_4","component_lasso_glmnet","not_applicable","active_coefficient_count_proxy_excluding_intercept",-0.0149047619047619,-0.0220198137169107,-0.00778971009261308,0.252650638984181,0.228835519416324,0.276465758552039,0.404656252581408,0.972954545454545,17.89,17.89
"n=500, p=100","independent","quantile_4","parent_group_lasso_grpreg","equal_parent","grpreg_approximate_df_excluding_intercept",-0.00695238095238095,-0.0117655533010883,-0.00213920860367356,0.0557228298623212,0.0447299409554564,0.066715718769186,0.388163245446422,0.987272727272727,40.08,15.8931813452183
"n=500, p=100","independent","quantile_8","component_lasso_glmnet","not_applicable","active_coefficient_count_proxy_excluding_intercept",-0.0933852813852813,-0.107115787951696,-0.0796547748188669,0.567586343668127,0.534783888582849,0.600388798753405,0.282872400213705,0.836538461538462,21.23,21.23
"n=500, p=100","independent","quantile_8","parent_group_lasso_grpreg","equal_parent","grpreg_approximate_df_excluding_intercept",-0.0807142857142857,-0.0949831407653012,-0.0664454306632702,-0.0721443375713091,-0.100660241315319,-0.0436284338272992,0.295429766908894,0.858735431235431,80.48,39.4490422222739
