"path_specification","scenario_id","representation","scheme","method","group_weight_specification","df_definition","replications","target_reached_s_mean","target_exact_s_mean","target_reached_2s_mean","target_exact_2s_mean","selected_parent_count_s_mean","selected_component_count_s_mean","selected_parent_count_2s_mean","selected_component_count_2s_mean"
"primary_controlled",1,"original","original","component_lasso_glmnet","not_applicable","active_coefficient_count_proxy_excluding_intercept",100,1,0.99,1,0.89,5.01,5.01,10.11,10.11
"primary_controlled",1,"original","original","parent_group_lasso_grpreg","equal_parent","grpreg_approximate_df_excluding_intercept",100,1,0.99,1,0.89,5.01,5.01,10.11,10.11
"primary_controlled",1,"original","original","parent_group_lasso_grpreg","sqrt_group_size","grpreg_approximate_df_excluding_intercept",100,1,0.99,1,0.89,5.01,5.01,10.11,10.11
"primary_controlled",1,"sparsified","equal_width_4","component_lasso_glmnet","not_applicable","active_coefficient_count_proxy_excluding_intercept",100,1,0.95,1,0.92,5.05,8.72,10.09,20.03
"primary_controlled",1,"sparsified","equal_width_4","parent_group_lasso_grpreg","equal_parent","grpreg_approximate_df_excluding_intercept",100,1,0.93,1,0.87,5.07,20.28,10.15,40.6
"primary_controlled",1,"sparsified","equal_width_4","parent_group_lasso_grpreg","sqrt_group_size","grpreg_approximate_df_excluding_intercept",100,1,0.97,1,0.9,5.03,20.12,10.1,40.4
"primary_controlled",1,"sparsified","quantile_2","component_lasso_glmnet","not_applicable","active_coefficient_count_proxy_excluding_intercept",100,1,0.99,1,0.94,5.01,7.6,10.06,15.16
"primary_controlled",1,"sparsified","quantile_2","parent_group_lasso_grpreg","equal_parent","grpreg_approximate_df_excluding_intercept",100,1,0.98,1,0.89,5.02,10.04,10.12,20.24
"primary_controlled",1,"sparsified","quantile_2","parent_group_lasso_grpreg","sqrt_group_size","grpreg_approximate_df_excluding_intercept",100,1,0.98,1,0.89,5.02,10.04,10.12,20.24
"primary_controlled",1,"sparsified","quantile_4","component_lasso_glmnet","not_applicable","active_coefficient_count_proxy_excluding_intercept",100,1,0.97,1,0.86,5.03,7.69,10.17,17.69
"primary_controlled",1,"sparsified","quantile_4","parent_group_lasso_grpreg","equal_parent","grpreg_approximate_df_excluding_intercept",100,1,0.94,1,0.87,5.06,20.24,10.13,40.52
"primary_controlled",1,"sparsified","quantile_4","parent_group_lasso_grpreg","sqrt_group_size","grpreg_approximate_df_excluding_intercept",100,1,0.97,1,0.89,5.03,20.12,10.12,40.48
"primary_controlled",1,"sparsified","quantile_8","component_lasso_glmnet","not_applicable","active_coefficient_count_proxy_excluding_intercept",100,1,0.88,1,0.87,5.13,7.72,10.13,18.42
"primary_controlled",1,"sparsified","quantile_8","parent_group_lasso_grpreg","equal_parent","grpreg_approximate_df_excluding_intercept",100,1,0.91,1,0.86,5.1,40.8,10.15,81.2
"primary_controlled",1,"sparsified","quantile_8","parent_group_lasso_grpreg","sqrt_group_size","grpreg_approximate_df_excluding_intercept",100,1,0.94,1,0.88,5.07,40.56,10.14,81.12
"primary_controlled",2,"original","original","component_lasso_glmnet","not_applicable","active_coefficient_count_proxy_excluding_intercept",100,1,0.97,1,0.96,5.03,5.03,10.04,10.04
"primary_controlled",2,"original","original","parent_group_lasso_grpreg","equal_parent","grpreg_approximate_df_excluding_intercept",100,1,0.97,1,0.96,5.03,5.03,10.04,10.04
"primary_controlled",2,"original","original","parent_group_lasso_grpreg","sqrt_group_size","grpreg_approximate_df_excluding_intercept",100,1,0.97,1,0.96,5.03,5.03,10.04,10.04
"primary_controlled",2,"sparsified","equal_width_4","component_lasso_glmnet","not_applicable","active_coefficient_count_proxy_excluding_intercept",100,1,0.9,1,0.87,5.12,8.11,10.14,19.15
"primary_controlled",2,"sparsified","equal_width_4","parent_group_lasso_grpreg","equal_parent","grpreg_approximate_df_excluding_intercept",100,1,0.94,1,0.92,5.07,20.28,10.08,40.32
"primary_controlled",2,"sparsified","equal_width_4","parent_group_lasso_grpreg","sqrt_group_size","grpreg_approximate_df_excluding_intercept",100,1,0.95,1,0.91,5.05,20.2,10.09,40.36
"primary_controlled",2,"sparsified","quantile_2","component_lasso_glmnet","not_applicable","active_coefficient_count_proxy_excluding_intercept",100,1,0.97,1,0.93,5.03,7.65,10.07,15.04
"primary_controlled",2,"sparsified","quantile_2","parent_group_lasso_grpreg","equal_parent","grpreg_approximate_df_excluding_intercept",100,1,0.96,1,0.91,5.04,10.08,10.09,20.18
"primary_controlled",2,"sparsified","quantile_2","parent_group_lasso_grpreg","sqrt_group_size","grpreg_approximate_df_excluding_intercept",100,1,0.97,1,0.91,5.03,10.06,10.09,20.18
"primary_controlled",2,"sparsified","quantile_4","component_lasso_glmnet","not_applicable","active_coefficient_count_proxy_excluding_intercept",100,1,0.96,1,0.88,5.04,7.54,10.12,17.1
"primary_controlled",2,"sparsified","quantile_4","parent_group_lasso_grpreg","equal_parent","grpreg_approximate_df_excluding_intercept",100,1,0.91,1,0.88,5.09,20.36,10.12,40.48
"primary_controlled",2,"sparsified","quantile_4","parent_group_lasso_grpreg","sqrt_group_size","grpreg_approximate_df_excluding_intercept",100,1,0.97,1,0.9,5.03,20.12,10.11,40.44
"primary_controlled",2,"sparsified","quantile_8","component_lasso_glmnet","not_applicable","active_coefficient_count_proxy_excluding_intercept",100,1,0.92,1,0.84,5.1,7.67,10.17,17.93
"primary_controlled",2,"sparsified","quantile_8","parent_group_lasso_grpreg","equal_parent","grpreg_approximate_df_excluding_intercept",100,1,0.94,1,0.87,5.06,40.48,10.14,81.12
"primary_controlled",2,"sparsified","quantile_8","parent_group_lasso_grpreg","sqrt_group_size","grpreg_approximate_df_excluding_intercept",100,1,0.93,1,0.9,5.07,40.56,10.1,80.8
"primary_controlled",3,"original","original","component_lasso_glmnet","not_applicable","active_coefficient_count_proxy_excluding_intercept",100,1,0.96,0.99,0.95,5.05,5.05,10.03,10.03
"primary_controlled",3,"original","original","parent_group_lasso_grpreg","equal_parent","grpreg_approximate_df_excluding_intercept",100,1,0.96,0.99,0.97,5.05,5.05,10.01,10.01
"primary_controlled",3,"original","original","parent_group_lasso_grpreg","sqrt_group_size","grpreg_approximate_df_excluding_intercept",100,1,0.96,0.99,0.97,5.05,5.05,10.01,10.01
"primary_controlled",3,"sparsified","equal_width_4","component_lasso_glmnet","not_applicable","active_coefficient_count_proxy_excluding_intercept",100,1,0.9,1,0.96,5.11,6.48,10.04,15.34
"primary_controlled",3,"sparsified","equal_width_4","parent_group_lasso_grpreg","equal_parent","grpreg_approximate_df_excluding_intercept",100,1,0.89,1,0.86,5.11,20.44,10.17,40.67
"primary_controlled",3,"sparsified","equal_width_4","parent_group_lasso_grpreg","sqrt_group_size","grpreg_approximate_df_excluding_intercept",100,1,0.93,1,0.91,5.08,20.32,10.11,40.44
"primary_controlled",3,"sparsified","quantile_2","component_lasso_glmnet","not_applicable","active_coefficient_count_proxy_excluding_intercept",100,1,0.95,1,0.95,5.05,6.6,10.05,13.93
"primary_controlled",3,"sparsified","quantile_2","parent_group_lasso_grpreg","equal_parent","grpreg_approximate_df_excluding_intercept",100,1,0.95,1,0.86,5.07,10.14,10.16,20.32
"primary_controlled",3,"sparsified","quantile_2","parent_group_lasso_grpreg","sqrt_group_size","grpreg_approximate_df_excluding_intercept",100,1,0.94,1,0.91,5.07,10.14,10.09,20.18
"primary_controlled",3,"sparsified","quantile_4","component_lasso_glmnet","not_applicable","active_coefficient_count_proxy_excluding_intercept",100,1,0.89,1,0.93,5.11,6.46,10.07,14.48
"primary_controlled",3,"sparsified","quantile_4","parent_group_lasso_grpreg","equal_parent","grpreg_approximate_df_excluding_intercept",100,1,0.93,1,0.93,5.07,20.28,10.07,40.28
"primary_controlled",3,"sparsified","quantile_4","parent_group_lasso_grpreg","sqrt_group_size","grpreg_approximate_df_excluding_intercept",100,1,0.91,1,0.95,5.09,20.36,10.05,40.2
"primary_controlled",3,"sparsified","quantile_8","component_lasso_glmnet","not_applicable","active_coefficient_count_proxy_excluding_intercept",100,1,0.86,1,0.89,5.14,6.71,10.12,16.07
"primary_controlled",3,"sparsified","quantile_8","parent_group_lasso_grpreg","equal_parent","grpreg_approximate_df_excluding_intercept",100,1,0.87,1,0.87,5.13,41.04,10.15,81.2
"primary_controlled",3,"sparsified","quantile_8","parent_group_lasso_grpreg","sqrt_group_size","grpreg_approximate_df_excluding_intercept",100,1,0.85,1,0.81,5.16,41.28,10.21,81.68
"primary_controlled",4,"original","original","component_lasso_glmnet","not_applicable","active_coefficient_count_proxy_excluding_intercept",100,1,0.96,1,0.9,5.05,5.05,10.1,10.1
"primary_controlled",4,"original","original","parent_group_lasso_grpreg","equal_parent","grpreg_approximate_df_excluding_intercept",100,1,0.96,1,0.89,5.05,5.05,10.11,10.11
"primary_controlled",4,"original","original","parent_group_lasso_grpreg","sqrt_group_size","grpreg_approximate_df_excluding_intercept",100,1,0.96,1,0.89,5.05,5.05,10.11,10.11
"primary_controlled",4,"sparsified","equal_width_4","component_lasso_glmnet","not_applicable","active_coefficient_count_proxy_excluding_intercept",100,1,0.93,1,0.91,5.07,6.07,10.1,14.61
"primary_controlled",4,"sparsified","equal_width_4","parent_group_lasso_grpreg","equal_parent","grpreg_approximate_df_excluding_intercept",100,1,0.92,1,0.95,5.08,20.32,10.06,40.24
"primary_controlled",4,"sparsified","equal_width_4","parent_group_lasso_grpreg","sqrt_group_size","grpreg_approximate_df_excluding_intercept",100,1,0.93,1,0.93,5.08,20.32,10.07,40.28
"primary_controlled",4,"sparsified","quantile_2","component_lasso_glmnet","not_applicable","active_coefficient_count_proxy_excluding_intercept",100,1,0.92,1,0.93,5.08,6.51,10.07,13.87
"primary_controlled",4,"sparsified","quantile_2","parent_group_lasso_grpreg","equal_parent","grpreg_approximate_df_excluding_intercept",100,1,0.9,1,0.91,5.11,10.22,10.09,20.18
"primary_controlled",4,"sparsified","quantile_2","parent_group_lasso_grpreg","sqrt_group_size","grpreg_approximate_df_excluding_intercept",100,1,0.93,1,0.96,5.07,10.14,10.04,20.08
"primary_controlled",4,"sparsified","quantile_4","component_lasso_glmnet","not_applicable","active_coefficient_count_proxy_excluding_intercept",100,1,0.89,1,0.93,5.12,6.4,10.08,14.27
"primary_controlled",4,"sparsified","quantile_4","parent_group_lasso_grpreg","equal_parent","grpreg_approximate_df_excluding_intercept",100,1,0.92,1,0.92,5.09,20.36,10.08,40.32
"primary_controlled",4,"sparsified","quantile_4","parent_group_lasso_grpreg","sqrt_group_size","grpreg_approximate_df_excluding_intercept",100,1,0.97,1,0.94,5.03,20.12,10.06,40.24
"primary_controlled",4,"sparsified","quantile_8","component_lasso_glmnet","not_applicable","active_coefficient_count_proxy_excluding_intercept",100,1,0.91,1,0.95,5.09,6.24,10.07,15.21
"primary_controlled",4,"sparsified","quantile_8","parent_group_lasso_grpreg","equal_parent","grpreg_approximate_df_excluding_intercept",100,1,0.95,1,0.88,5.05,40.39,10.14,81.12
"primary_controlled",4,"sparsified","quantile_8","parent_group_lasso_grpreg","sqrt_group_size","grpreg_approximate_df_excluding_intercept",100,1,0.94,1,0.92,5.06,40.47,10.1,80.8
"primary_controlled",5,"original","original","component_lasso_glmnet","not_applicable","active_coefficient_count_proxy_excluding_intercept",100,1,0.93,1,0.85,10.07,10.07,20.17,20.17
"primary_controlled",5,"original","original","parent_group_lasso_grpreg","equal_parent","grpreg_approximate_df_excluding_intercept",100,1,0.93,1,0.85,10.07,10.07,20.17,20.17
"primary_controlled",5,"original","original","parent_group_lasso_grpreg","sqrt_group_size","grpreg_approximate_df_excluding_intercept",100,1,0.93,1,0.85,10.07,10.07,20.17,20.17
"primary_controlled",5,"sparsified","equal_width_4","component_lasso_glmnet","not_applicable","active_coefficient_count_proxy_excluding_intercept",100,1,0.72,1,0.67,10.31,12.64,20.47,25.91
"primary_controlled",5,"sparsified","equal_width_4","parent_group_lasso_grpreg","equal_parent","grpreg_approximate_df_excluding_intercept",100,1,0.75,1,0.77,10.27,41.08,20.27,81.08
"primary_controlled",5,"sparsified","equal_width_4","parent_group_lasso_grpreg","sqrt_group_size","grpreg_approximate_df_excluding_intercept",100,1,0.76,1,0.74,10.26,41.04,20.31,81.24
"primary_controlled",5,"sparsified","quantile_2","component_lasso_glmnet","not_applicable","active_coefficient_count_proxy_excluding_intercept",100,1,0.84,1,0.81,10.2,13.03,20.25,26.37
"primary_controlled",5,"sparsified","quantile_2","parent_group_lasso_grpreg","equal_parent","grpreg_approximate_df_excluding_intercept",100,1,0.81,1,0.83,10.21,20.42,20.19,40.38
"primary_controlled",5,"sparsified","quantile_2","parent_group_lasso_grpreg","sqrt_group_size","grpreg_approximate_df_excluding_intercept",100,1,0.81,1,0.83,10.21,20.42,20.19,40.38
"primary_controlled",5,"sparsified","quantile_4","component_lasso_glmnet","not_applicable","active_coefficient_count_proxy_excluding_intercept",100,1,0.79,1,0.68,10.26,12.34,20.37,25.47
"primary_controlled",5,"sparsified","quantile_4","parent_group_lasso_grpreg","equal_parent","grpreg_approximate_df_excluding_intercept",100,1,0.84,1,0.79,10.19,40.76,20.23,80.92
"primary_controlled",5,"sparsified","quantile_4","parent_group_lasso_grpreg","sqrt_group_size","grpreg_approximate_df_excluding_intercept",100,1,0.85,1,0.8,10.17,40.68,20.23,80.92
"primary_controlled",5,"sparsified","quantile_8","component_lasso_glmnet","not_applicable","active_coefficient_count_proxy_excluding_intercept",100,1,0.71,1,0.63,10.37,11.67,20.47,24.55
"primary_controlled",5,"sparsified","quantile_8","parent_group_lasso_grpreg","equal_parent","grpreg_approximate_df_excluding_intercept",100,1,0.69,1,0.77,10.42,83.36,20.27,162.15
"primary_controlled",5,"sparsified","quantile_8","parent_group_lasso_grpreg","sqrt_group_size","grpreg_approximate_df_excluding_intercept",100,1,0.76,1,0.79,10.25,82,20.23,161.84
"primary_controlled",6,"original","original","component_lasso_glmnet","not_applicable","active_coefficient_count_proxy_excluding_intercept",100,1,0.88,1,0.84,10.14,10.14,20.18,20.18
"primary_controlled",6,"original","original","parent_group_lasso_grpreg","equal_parent","grpreg_approximate_df_excluding_intercept",100,1,0.88,1,0.84,10.14,10.14,20.18,20.18
"primary_controlled",6,"original","original","parent_group_lasso_grpreg","sqrt_group_size","grpreg_approximate_df_excluding_intercept",100,1,0.88,1,0.84,10.14,10.14,20.18,20.18
"primary_controlled",6,"sparsified","equal_width_4","component_lasso_glmnet","not_applicable","active_coefficient_count_proxy_excluding_intercept",100,1,0.8,1,0.74,10.23,12.23,20.3,25.69
"primary_controlled",6,"sparsified","equal_width_4","parent_group_lasso_grpreg","equal_parent","grpreg_approximate_df_excluding_intercept",100,1,0.7,1,0.78,10.39,41.56,20.3,81.2
"primary_controlled",6,"sparsified","equal_width_4","parent_group_lasso_grpreg","sqrt_group_size","grpreg_approximate_df_excluding_intercept",100,1,0.84,1,0.8,10.21,40.84,20.22,80.88
"primary_controlled",6,"sparsified","quantile_2","component_lasso_glmnet","not_applicable","active_coefficient_count_proxy_excluding_intercept",100,1,0.83,1,0.81,10.21,12.83,20.24,25.8
"primary_controlled",6,"sparsified","quantile_2","parent_group_lasso_grpreg","equal_parent","grpreg_approximate_df_excluding_intercept",100,1,0.89,1,0.83,10.11,20.22,20.18,40.36
"primary_controlled",6,"sparsified","quantile_2","parent_group_lasso_grpreg","sqrt_group_size","grpreg_approximate_df_excluding_intercept",100,1,0.89,1,0.83,10.11,20.22,20.18,40.36
"primary_controlled",6,"sparsified","quantile_4","component_lasso_glmnet","not_applicable","active_coefficient_count_proxy_excluding_intercept",100,1,0.78,1,0.81,10.25,12.29,20.22,24.98
"primary_controlled",6,"sparsified","quantile_4","parent_group_lasso_grpreg","equal_parent","grpreg_approximate_df_excluding_intercept",100,1,0.83,1,0.83,10.2,40.8,20.22,80.88
"primary_controlled",6,"sparsified","quantile_4","parent_group_lasso_grpreg","sqrt_group_size","grpreg_approximate_df_excluding_intercept",100,1,0.8,1,0.81,10.23,40.92,20.22,80.88
"primary_controlled",6,"sparsified","quantile_8","component_lasso_glmnet","not_applicable","active_coefficient_count_proxy_excluding_intercept",100,1,0.76,1,0.69,10.28,11.52,20.39,24.42
"primary_controlled",6,"sparsified","quantile_8","parent_group_lasso_grpreg","equal_parent","grpreg_approximate_df_excluding_intercept",100,1,0.69,1,0.79,10.37,82.96,20.23,161.84
"primary_controlled",6,"sparsified","quantile_8","parent_group_lasso_grpreg","sqrt_group_size","grpreg_approximate_df_excluding_intercept",100,1,0.71,1,0.78,10.35,82.8,20.25,162
"primary_controlled",7,"original","original","component_lasso_glmnet","not_applicable","active_coefficient_count_proxy_excluding_intercept",100,1,0.92,1,0.92,10.08,10.08,20.09,20.09
"primary_controlled",7,"original","original","parent_group_lasso_grpreg","equal_parent","grpreg_approximate_df_excluding_intercept",100,1,0.92,1,0.9,10.08,10.08,20.11,20.11
"primary_controlled",7,"original","original","parent_group_lasso_grpreg","sqrt_group_size","grpreg_approximate_df_excluding_intercept",100,1,0.92,1,0.9,10.08,10.08,20.11,20.11
"primary_controlled",7,"sparsified","equal_width_4","component_lasso_glmnet","not_applicable","active_coefficient_count_proxy_excluding_intercept",100,1,0.82,1,0.79,10.22,11.4,20.23,23.33
"primary_controlled",7,"sparsified","equal_width_4","parent_group_lasso_grpreg","equal_parent","grpreg_approximate_df_excluding_intercept",100,1,0.81,1,0.81,10.2,40.8,20.23,80.92
"primary_controlled",7,"sparsified","equal_width_4","parent_group_lasso_grpreg","sqrt_group_size","grpreg_approximate_df_excluding_intercept",100,1,0.85,1,0.84,10.17,40.68,20.19,80.76
"primary_controlled",7,"sparsified","quantile_2","component_lasso_glmnet","not_applicable","active_coefficient_count_proxy_excluding_intercept",100,1,0.84,1,0.91,10.17,11.38,20.11,23.04
"primary_controlled",7,"sparsified","quantile_2","parent_group_lasso_grpreg","equal_parent","grpreg_approximate_df_excluding_intercept",100,1,0.82,1,0.79,10.18,20.36,20.21,40.42
"primary_controlled",7,"sparsified","quantile_2","parent_group_lasso_grpreg","sqrt_group_size","grpreg_approximate_df_excluding_intercept",100,1,0.86,1,0.8,10.14,20.28,20.21,40.42
"primary_controlled",7,"sparsified","quantile_4","component_lasso_glmnet","not_applicable","active_coefficient_count_proxy_excluding_intercept",100,1,0.82,1,0.86,10.19,11.18,20.19,23.07
"primary_controlled",7,"sparsified","quantile_4","parent_group_lasso_grpreg","equal_parent","grpreg_approximate_df_excluding_intercept",100,1,0.86,1,0.71,10.15,40.6,20.35,81.4
"primary_controlled",7,"sparsified","quantile_4","parent_group_lasso_grpreg","sqrt_group_size","grpreg_approximate_df_excluding_intercept",100,1,0.81,1,0.79,10.2,40.8,20.24,80.96
"primary_controlled",7,"sparsified","quantile_8","component_lasso_glmnet","not_applicable","active_coefficient_count_proxy_excluding_intercept",100,1,0.79,1,0.77,10.27,11.34,20.32,23.43
"primary_controlled",7,"sparsified","quantile_8","parent_group_lasso_grpreg","equal_parent","grpreg_approximate_df_excluding_intercept",100,1,0.74,1,0.84,10.34,82.72,20.18,161.44
"primary_controlled",7,"sparsified","quantile_8","parent_group_lasso_grpreg","sqrt_group_size","grpreg_approximate_df_excluding_intercept",100,1,0.81,1,0.81,10.21,81.68,20.22,161.76
"primary_controlled",8,"original","original","component_lasso_glmnet","not_applicable","active_coefficient_count_proxy_excluding_intercept",100,1,0.88,1,0.93,10.13,10.13,20.07,20.07
"primary_controlled",8,"original","original","parent_group_lasso_grpreg","equal_parent","grpreg_approximate_df_excluding_intercept",100,1,0.88,1,0.92,10.13,10.13,20.08,20.08
"primary_controlled",8,"original","original","parent_group_lasso_grpreg","sqrt_group_size","grpreg_approximate_df_excluding_intercept",100,1,0.88,1,0.92,10.13,10.13,20.08,20.08
"primary_controlled",8,"sparsified","equal_width_4","component_lasso_glmnet","not_applicable","active_coefficient_count_proxy_excluding_intercept",100,1,0.87,1,0.79,10.15,11.16,20.27,23.86
"primary_controlled",8,"sparsified","equal_width_4","parent_group_lasso_grpreg","equal_parent","grpreg_approximate_df_excluding_intercept",100,1,0.78,1,0.75,10.29,41.16,20.32,81.28
"primary_controlled",8,"sparsified","equal_width_4","parent_group_lasso_grpreg","sqrt_group_size","grpreg_approximate_df_excluding_intercept",100,1,0.79,1,0.77,10.24,40.96,20.25,81
"primary_controlled",8,"sparsified","quantile_2","component_lasso_glmnet","not_applicable","active_coefficient_count_proxy_excluding_intercept",100,1,0.75,1,0.86,10.25,11.76,20.17,23.7
"primary_controlled",8,"sparsified","quantile_2","parent_group_lasso_grpreg","equal_parent","grpreg_approximate_df_excluding_intercept",100,1,0.86,1,0.86,10.14,20.28,20.17,40.34
"primary_controlled",8,"sparsified","quantile_2","parent_group_lasso_grpreg","sqrt_group_size","grpreg_approximate_df_excluding_intercept",100,1,0.87,1,0.88,10.13,20.26,20.12,40.24
"primary_controlled",8,"sparsified","quantile_4","component_lasso_glmnet","not_applicable","active_coefficient_count_proxy_excluding_intercept",100,1,0.83,1,0.75,10.2,11.48,20.37,23.69
"primary_controlled",8,"sparsified","quantile_4","parent_group_lasso_grpreg","equal_parent","grpreg_approximate_df_excluding_intercept",100,1,0.8,1,0.83,10.24,40.96,20.2,80.8
"primary_controlled",8,"sparsified","quantile_4","parent_group_lasso_grpreg","sqrt_group_size","grpreg_approximate_df_excluding_intercept",100,1,0.82,1,0.81,10.19,40.76,20.21,80.84
"primary_controlled",8,"sparsified","quantile_8","component_lasso_glmnet","not_applicable","active_coefficient_count_proxy_excluding_intercept",100,1,0.77,1,0.62,10.27,11.41,20.47,23.7
"primary_controlled",8,"sparsified","quantile_8","parent_group_lasso_grpreg","equal_parent","grpreg_approximate_df_excluding_intercept",100,1,0.84,1,0.72,10.22,81.76,20.36,162.88
"primary_controlled",8,"sparsified","quantile_8","parent_group_lasso_grpreg","sqrt_group_size","grpreg_approximate_df_excluding_intercept",100,1,0.79,1,0.81,10.24,81.92,20.24,161.92
"primary_controlled",9,"original","original","component_lasso_glmnet","not_applicable","active_coefficient_count_proxy_excluding_intercept",100,1,0.69,1,0.73,20.33,20.33,40.32,40.32
"primary_controlled",9,"original","original","parent_group_lasso_grpreg","equal_parent","grpreg_approximate_df_excluding_intercept",100,1,0.7,1,0.72,20.32,20.32,40.33,40.33
"primary_controlled",9,"original","original","parent_group_lasso_grpreg","sqrt_group_size","grpreg_approximate_df_excluding_intercept",100,1,0.7,1,0.72,20.32,20.32,40.33,40.33
"primary_controlled",9,"sparsified","equal_width_4","component_lasso_glmnet","not_applicable","active_coefficient_count_proxy_excluding_intercept",100,1,0.65,1,0.56,20.53,22.3,40.56,46.13
"primary_controlled",9,"sparsified","equal_width_4","parent_group_lasso_grpreg","equal_parent","grpreg_approximate_df_excluding_intercept",100,1,0.67,1,0.82,20.44,81.76,40.22,160.88
"primary_controlled",9,"sparsified","equal_width_4","parent_group_lasso_grpreg","sqrt_group_size","grpreg_approximate_df_excluding_intercept",100,1,0.7,1,0.81,20.39,81.56,40.23,160.92
"primary_controlled",9,"sparsified","quantile_2","component_lasso_glmnet","not_applicable","active_coefficient_count_proxy_excluding_intercept",100,1,0.66,1,0.6,20.42,23.07,40.54,46.09
"primary_controlled",9,"sparsified","quantile_2","parent_group_lasso_grpreg","equal_parent","grpreg_approximate_df_excluding_intercept",100,1,0.67,1,0.75,20.38,40.76,40.29,80.58
"primary_controlled",9,"sparsified","quantile_2","parent_group_lasso_grpreg","sqrt_group_size","grpreg_approximate_df_excluding_intercept",100,1,0.67,1,0.75,20.38,40.76,40.29,80.58
"primary_controlled",9,"sparsified","quantile_4","component_lasso_glmnet","not_applicable","active_coefficient_count_proxy_excluding_intercept",100,1,0.65,1,0.59,20.52,22.37,40.55,46.36
"primary_controlled",9,"sparsified","quantile_4","parent_group_lasso_grpreg","equal_parent","grpreg_approximate_df_excluding_intercept",100,1,0.74,1,0.83,20.34,81.36,40.21,160.84
"primary_controlled",9,"sparsified","quantile_4","parent_group_lasso_grpreg","sqrt_group_size","grpreg_approximate_df_excluding_intercept",100,1,0.77,1,0.83,20.28,81.12,40.21,160.84
"primary_controlled",9,"sparsified","quantile_8","component_lasso_glmnet","not_applicable","active_coefficient_count_proxy_excluding_intercept",100,1,0.65,1,0.64,20.49,21.98,40.46,45.59
"primary_controlled",9,"sparsified","quantile_8","parent_group_lasso_grpreg","equal_parent","grpreg_approximate_df_excluding_intercept",100,1,0.69,1,0.86,20.33,162.64,40.15,321.2
"primary_controlled",9,"sparsified","quantile_8","parent_group_lasso_grpreg","sqrt_group_size","grpreg_approximate_df_excluding_intercept",100,1,0.71,1,0.86,20.37,162.96,40.15,321.2
"primary_controlled",10,"original","original","component_lasso_glmnet","not_applicable","active_coefficient_count_proxy_excluding_intercept",100,1,0.71,1,0.68,20.34,20.34,40.43,40.43
"primary_controlled",10,"original","original","parent_group_lasso_grpreg","equal_parent","grpreg_approximate_df_excluding_intercept",100,1,0.71,1,0.68,20.34,20.34,40.43,40.43
"primary_controlled",10,"original","original","parent_group_lasso_grpreg","sqrt_group_size","grpreg_approximate_df_excluding_intercept",100,1,0.71,1,0.68,20.34,20.34,40.43,40.43
"primary_controlled",10,"sparsified","equal_width_4","component_lasso_glmnet","not_applicable","active_coefficient_count_proxy_excluding_intercept",100,1,0.62,1,0.72,20.5,22.54,40.35,46
"primary_controlled",10,"sparsified","equal_width_4","parent_group_lasso_grpreg","equal_parent","grpreg_approximate_df_excluding_intercept",100,1,0.69,1,0.77,20.39,81.56,40.27,161.08
"primary_controlled",10,"sparsified","equal_width_4","parent_group_lasso_grpreg","sqrt_group_size","grpreg_approximate_df_excluding_intercept",100,1,0.7,1,0.78,20.38,81.52,40.26,161.04
"primary_controlled",10,"sparsified","quantile_2","component_lasso_glmnet","not_applicable","active_coefficient_count_proxy_excluding_intercept",100,1,0.71,1,0.72,20.36,23,40.34,46.09
"primary_controlled",10,"sparsified","quantile_2","parent_group_lasso_grpreg","equal_parent","grpreg_approximate_df_excluding_intercept",100,1,0.75,1,0.72,20.32,40.64,40.39,80.78
"primary_controlled",10,"sparsified","quantile_2","parent_group_lasso_grpreg","sqrt_group_size","grpreg_approximate_df_excluding_intercept",100,1,0.75,1,0.72,20.32,40.64,40.39,80.78
"primary_controlled",10,"sparsified","quantile_4","component_lasso_glmnet","not_applicable","active_coefficient_count_proxy_excluding_intercept",100,1,0.64,1,0.68,20.49,22.75,40.39,46.2
"primary_controlled",10,"sparsified","quantile_4","parent_group_lasso_grpreg","equal_parent","grpreg_approximate_df_excluding_intercept",100,1,0.7,1,0.69,20.36,81.44,40.36,161.44
"primary_controlled",10,"sparsified","quantile_4","parent_group_lasso_grpreg","sqrt_group_size","grpreg_approximate_df_excluding_intercept",100,1,0.74,1,0.7,20.3,81.2,40.35,161.4
"primary_controlled",10,"sparsified","quantile_8","component_lasso_glmnet","not_applicable","active_coefficient_count_proxy_excluding_intercept",100,1,0.66,1,0.7,20.48,21.82,40.44,45.36
"primary_controlled",10,"sparsified","quantile_8","parent_group_lasso_grpreg","equal_parent","grpreg_approximate_df_excluding_intercept",100,1,0.8,1,0.94,20.24,161.92,40.06,320.48
"primary_controlled",10,"sparsified","quantile_8","parent_group_lasso_grpreg","sqrt_group_size","grpreg_approximate_df_excluding_intercept",100,1,0.8,1,0.94,20.21,161.68,40.06,320.48
"primary_controlled",11,"original","original","component_lasso_glmnet","not_applicable","active_coefficient_count_proxy_excluding_intercept",100,1,0.79,1,0.79,20.26,20.26,40.3,40.3
"primary_controlled",11,"original","original","parent_group_lasso_grpreg","equal_parent","grpreg_approximate_df_excluding_intercept",100,1,0.77,1,0.77,20.29,20.29,40.32,40.32
"primary_controlled",11,"original","original","parent_group_lasso_grpreg","sqrt_group_size","grpreg_approximate_df_excluding_intercept",100,1,0.77,1,0.77,20.29,20.29,40.32,40.32
"primary_controlled",11,"sparsified","equal_width_4","component_lasso_glmnet","not_applicable","active_coefficient_count_proxy_excluding_intercept",100,1,0.67,1,0.66,20.43,22.07,40.42,45.45
"primary_controlled",11,"sparsified","equal_width_4","parent_group_lasso_grpreg","equal_parent","grpreg_approximate_df_excluding_intercept",100,1,0.75,1,0.73,20.32,81.28,40.29,161.16
"primary_controlled",11,"sparsified","equal_width_4","parent_group_lasso_grpreg","sqrt_group_size","grpreg_approximate_df_excluding_intercept",100,1,0.76,1,0.77,20.32,81.28,40.24,160.96
"primary_controlled",11,"sparsified","quantile_2","component_lasso_glmnet","not_applicable","active_coefficient_count_proxy_excluding_intercept",100,1,0.76,1,0.76,20.26,21.6,40.28,43.85
"primary_controlled",11,"sparsified","quantile_2","parent_group_lasso_grpreg","equal_parent","grpreg_approximate_df_excluding_intercept",100,1,0.85,1,0.73,20.16,40.32,40.35,80.7
"primary_controlled",11,"sparsified","quantile_2","parent_group_lasso_grpreg","sqrt_group_size","grpreg_approximate_df_excluding_intercept",100,1,0.85,1,0.72,20.16,40.32,40.36,80.72
"primary_controlled",11,"sparsified","quantile_4","component_lasso_glmnet","not_applicable","active_coefficient_count_proxy_excluding_intercept",100,1,0.64,1,0.68,20.43,22.03,40.39,45.05
"primary_controlled",11,"sparsified","quantile_4","parent_group_lasso_grpreg","equal_parent","grpreg_approximate_df_excluding_intercept",100,1,0.8,1,0.75,20.23,80.92,40.31,161.24
"primary_controlled",11,"sparsified","quantile_4","parent_group_lasso_grpreg","sqrt_group_size","grpreg_approximate_df_excluding_intercept",100,1,0.8,1,0.76,20.21,80.84,40.26,161.04
"primary_controlled",11,"sparsified","quantile_8","component_lasso_glmnet","not_applicable","active_coefficient_count_proxy_excluding_intercept",100,1,0.67,1,0.68,20.41,22.12,40.4,45.77
"primary_controlled",11,"sparsified","quantile_8","parent_group_lasso_grpreg","equal_parent","grpreg_approximate_df_excluding_intercept",100,1,0.8,1,0.86,20.25,162,40.16,321.28
"primary_controlled",11,"sparsified","quantile_8","parent_group_lasso_grpreg","sqrt_group_size","grpreg_approximate_df_excluding_intercept",100,1,0.81,1,0.86,20.25,162,40.16,321.28
"primary_controlled",12,"original","original","component_lasso_glmnet","not_applicable","active_coefficient_count_proxy_excluding_intercept",100,1,0.85,1,0.76,20.19,20.19,40.32,40.32
"primary_controlled",12,"original","original","parent_group_lasso_grpreg","equal_parent","grpreg_approximate_df_excluding_intercept",100,1,0.86,1,0.74,20.18,20.18,40.34,40.34
"primary_controlled",12,"original","original","parent_group_lasso_grpreg","sqrt_group_size","grpreg_approximate_df_excluding_intercept",100,1,0.86,1,0.74,20.18,20.18,40.34,40.34
"primary_controlled",12,"sparsified","equal_width_4","component_lasso_glmnet","not_applicable","active_coefficient_count_proxy_excluding_intercept",100,1,0.73,1,0.62,20.38,21.99,40.49,44.81
"primary_controlled",12,"sparsified","equal_width_4","parent_group_lasso_grpreg","equal_parent","grpreg_approximate_df_excluding_intercept",100,1,0.74,1,0.68,20.32,81.28,40.42,161.68
"primary_controlled",12,"sparsified","equal_width_4","parent_group_lasso_grpreg","sqrt_group_size","grpreg_approximate_df_excluding_intercept",100,1,0.77,1,0.69,20.3,81.2,40.45,161.8
"primary_controlled",12,"sparsified","quantile_2","component_lasso_glmnet","not_applicable","active_coefficient_count_proxy_excluding_intercept",100,1,0.82,1,0.75,20.21,21.84,40.33,44.35
"primary_controlled",12,"sparsified","quantile_2","parent_group_lasso_grpreg","equal_parent","grpreg_approximate_df_excluding_intercept",100,1,0.81,1,0.83,20.25,40.5,40.19,80.38
"primary_controlled",12,"sparsified","quantile_2","parent_group_lasso_grpreg","sqrt_group_size","grpreg_approximate_df_excluding_intercept",100,1,0.8,1,0.83,20.26,40.52,40.19,80.38
"primary_controlled",12,"sparsified","quantile_4","component_lasso_glmnet","not_applicable","active_coefficient_count_proxy_excluding_intercept",100,1,0.65,1,0.71,20.53,21.99,40.34,44.91
"primary_controlled",12,"sparsified","quantile_4","parent_group_lasso_grpreg","equal_parent","grpreg_approximate_df_excluding_intercept",100,1,0.75,1,0.78,20.33,81.32,40.3,161.2
"primary_controlled",12,"sparsified","quantile_4","parent_group_lasso_grpreg","sqrt_group_size","grpreg_approximate_df_excluding_intercept",100,1,0.76,1,0.74,20.32,81.28,40.28,161.12
"primary_controlled",12,"sparsified","quantile_8","component_lasso_glmnet","not_applicable","active_coefficient_count_proxy_excluding_intercept",100,1,0.71,1,0.68,20.33,21.67,40.41,45.01
"primary_controlled",12,"sparsified","quantile_8","parent_group_lasso_grpreg","equal_parent","grpreg_approximate_df_excluding_intercept",100,1,0.68,1,0.87,20.41,163.28,40.16,321.28
"primary_controlled",12,"sparsified","quantile_8","parent_group_lasso_grpreg","sqrt_group_size","grpreg_approximate_df_excluding_intercept",100,1,0.75,1,0.88,20.31,162.48,40.15,321.2
"primary_controlled",13,"original","original","component_lasso_glmnet","not_applicable","active_coefficient_count_proxy_excluding_intercept",100,1,1,1,0.77,10,10,20.29,20.29
"primary_controlled",13,"original","original","parent_group_lasso_grpreg","equal_parent","grpreg_approximate_df_excluding_intercept",100,1,1,1,0.77,10,10,20.29,20.29
"primary_controlled",13,"original","original","parent_group_lasso_grpreg","sqrt_group_size","grpreg_approximate_df_excluding_intercept",100,1,1,1,0.77,10,10,20.29,20.29
"primary_controlled",13,"sparsified","equal_width_4","component_lasso_glmnet","not_applicable","active_coefficient_count_proxy_excluding_intercept",100,1,0.93,1,0.73,10.09,25.79,20.32,47.25
"primary_controlled",13,"sparsified","equal_width_4","parent_group_lasso_grpreg","equal_parent","grpreg_approximate_df_excluding_intercept",100,1,1,1,0.61,10,40,20.46,81.84
"primary_controlled",13,"sparsified","equal_width_4","parent_group_lasso_grpreg","sqrt_group_size","grpreg_approximate_df_excluding_intercept",100,1,1,1,0.61,10,40,20.46,81.84
"primary_controlled",13,"sparsified","quantile_2","component_lasso_glmnet","not_applicable","active_coefficient_count_proxy_excluding_intercept",100,1,1,1,0.71,10,17.41,20.35,30.82
"primary_controlled",13,"sparsified","quantile_2","parent_group_lasso_grpreg","equal_parent","grpreg_approximate_df_excluding_intercept",100,1,1,1,0.71,10,20,20.37,40.74
"primary_controlled",13,"sparsified","quantile_2","parent_group_lasso_grpreg","sqrt_group_size","grpreg_approximate_df_excluding_intercept",100,1,1,1,0.71,10,20,20.37,40.74
"primary_controlled",13,"sparsified","quantile_4","component_lasso_glmnet","not_applicable","active_coefficient_count_proxy_excluding_intercept",100,1,0.98,1,0.75,10.02,17.89,20.34,38.59
"primary_controlled",13,"sparsified","quantile_4","parent_group_lasso_grpreg","equal_parent","grpreg_approximate_df_excluding_intercept",100,1,0.98,1,0.66,10.02,40.08,20.45,81.8
"primary_controlled",13,"sparsified","quantile_4","parent_group_lasso_grpreg","sqrt_group_size","grpreg_approximate_df_excluding_intercept",100,1,0.98,1,0.66,10.02,40.08,20.45,81.8
"primary_controlled",13,"sparsified","quantile_8","component_lasso_glmnet","not_applicable","active_coefficient_count_proxy_excluding_intercept",100,1,0.89,1,0.79,10.12,21.23,20.32,45.31
"primary_controlled",13,"sparsified","quantile_8","parent_group_lasso_grpreg","equal_parent","grpreg_approximate_df_excluding_intercept",100,1,0.94,1,0.69,10.06,80.48,20.49,163.92
"primary_controlled",13,"sparsified","quantile_8","parent_group_lasso_grpreg","sqrt_group_size","grpreg_approximate_df_excluding_intercept",100,1,0.95,1,0.59,10.05,80.4,20.56,164.48
"primary_controlled",14,"original","original","component_lasso_glmnet","not_applicable","active_coefficient_count_proxy_excluding_intercept",100,1,0.98,1,0.73,10.02,10.02,20.31,20.31
"primary_controlled",14,"original","original","parent_group_lasso_grpreg","equal_parent","grpreg_approximate_df_excluding_intercept",100,1,0.98,1,0.73,10.02,10.02,20.31,20.31
"primary_controlled",14,"original","original","parent_group_lasso_grpreg","sqrt_group_size","grpreg_approximate_df_excluding_intercept",100,1,0.98,1,0.73,10.02,10.02,20.31,20.31
"primary_controlled",14,"sparsified","equal_width_4","component_lasso_glmnet","not_applicable","active_coefficient_count_proxy_excluding_intercept",100,1,0.91,1,0.75,10.1,20.64,20.29,45.06
"primary_controlled",14,"sparsified","equal_width_4","parent_group_lasso_grpreg","equal_parent","grpreg_approximate_df_excluding_intercept",100,1,0.97,1,0.69,10.03,40.12,20.34,81.36
"primary_controlled",14,"sparsified","equal_width_4","parent_group_lasso_grpreg","sqrt_group_size","grpreg_approximate_df_excluding_intercept",100,1,0.96,1,0.68,10.04,40.16,20.36,81.44
"primary_controlled",14,"sparsified","quantile_2","component_lasso_glmnet","not_applicable","active_coefficient_count_proxy_excluding_intercept",100,1,0.96,1,0.71,10.05,17.18,20.3,30.82
"primary_controlled",14,"sparsified","quantile_2","parent_group_lasso_grpreg","equal_parent","grpreg_approximate_df_excluding_intercept",100,1,0.98,1,0.67,10.02,20.04,20.4,40.8
"primary_controlled",14,"sparsified","quantile_2","parent_group_lasso_grpreg","sqrt_group_size","grpreg_approximate_df_excluding_intercept",100,1,0.98,1,0.67,10.02,20.04,20.4,40.8
"primary_controlled",14,"sparsified","quantile_4","component_lasso_glmnet","not_applicable","active_coefficient_count_proxy_excluding_intercept",100,1,0.93,1,0.61,10.08,17.2,20.49,37.08
"primary_controlled",14,"sparsified","quantile_4","parent_group_lasso_grpreg","equal_parent","grpreg_approximate_df_excluding_intercept",100,1,0.95,1,0.7,10.06,40.24,20.35,81.4
"primary_controlled",14,"sparsified","quantile_4","parent_group_lasso_grpreg","sqrt_group_size","grpreg_approximate_df_excluding_intercept",100,1,0.96,1,0.71,10.04,40.16,20.34,81.36
"primary_controlled",14,"sparsified","quantile_8","component_lasso_glmnet","not_applicable","active_coefficient_count_proxy_excluding_intercept",100,1,0.81,1,0.69,10.23,18.65,20.36,41.73
"primary_controlled",14,"sparsified","quantile_8","parent_group_lasso_grpreg","equal_parent","grpreg_approximate_df_excluding_intercept",100,1,0.85,1,0.66,10.16,81.28,20.45,163.6
"primary_controlled",14,"sparsified","quantile_8","parent_group_lasso_grpreg","sqrt_group_size","grpreg_approximate_df_excluding_intercept",100,1,0.95,1,0.65,10.05,80.4,20.46,163.68
"primary_controlled",15,"original","original","component_lasso_glmnet","not_applicable","active_coefficient_count_proxy_excluding_intercept",100,1,0.84,1,0.88,10.18,10.18,20.12,20.12
"primary_controlled",15,"original","original","parent_group_lasso_grpreg","equal_parent","grpreg_approximate_df_excluding_intercept",100,1,0.83,1,0.88,10.19,10.19,20.12,20.12
"primary_controlled",15,"original","original","parent_group_lasso_grpreg","sqrt_group_size","grpreg_approximate_df_excluding_intercept",100,1,0.83,1,0.88,10.19,10.19,20.12,20.12
"primary_controlled",15,"sparsified","equal_width_4","component_lasso_glmnet","not_applicable","active_coefficient_count_proxy_excluding_intercept",100,1,0.82,1,0.79,10.19,13.67,20.24,29.87
"primary_controlled",15,"sparsified","equal_width_4","parent_group_lasso_grpreg","equal_parent","grpreg_approximate_df_excluding_intercept",100,1,0.86,1,0.73,10.16,40.64,20.32,81.28
"primary_controlled",15,"sparsified","equal_width_4","parent_group_lasso_grpreg","sqrt_group_size","grpreg_approximate_df_excluding_intercept",100,1,0.94,1,0.77,10.07,40.28,20.3,81.2
"primary_controlled",15,"sparsified","quantile_2","component_lasso_glmnet","not_applicable","active_coefficient_count_proxy_excluding_intercept",100,1,0.86,1,0.87,10.16,13.78,20.13,27.55
"primary_controlled",15,"sparsified","quantile_2","parent_group_lasso_grpreg","equal_parent","grpreg_approximate_df_excluding_intercept",100,1,0.94,1,0.84,10.06,20.12,20.19,40.38
"primary_controlled",15,"sparsified","quantile_2","parent_group_lasso_grpreg","sqrt_group_size","grpreg_approximate_df_excluding_intercept",100,1,0.94,1,0.84,10.06,20.12,20.19,40.38
"primary_controlled",15,"sparsified","quantile_4","component_lasso_glmnet","not_applicable","active_coefficient_count_proxy_excluding_intercept",100,1,0.84,1,0.83,10.2,13.38,20.19,27.98
"primary_controlled",15,"sparsified","quantile_4","parent_group_lasso_grpreg","equal_parent","grpreg_approximate_df_excluding_intercept",100,1,0.87,1,0.74,10.15,40.6,20.37,81.48
"primary_controlled",15,"sparsified","quantile_4","parent_group_lasso_grpreg","sqrt_group_size","grpreg_approximate_df_excluding_intercept",100,1,0.88,1,0.81,10.13,40.52,20.22,80.88
"primary_controlled",15,"sparsified","quantile_8","component_lasso_glmnet","not_applicable","active_coefficient_count_proxy_excluding_intercept",100,1,0.82,1,0.79,10.2,13.44,20.26,29.73
"primary_controlled",15,"sparsified","quantile_8","parent_group_lasso_grpreg","equal_parent","grpreg_approximate_df_excluding_intercept",100,1,0.73,1,0.73,10.31,82.48,20.33,162.64
"primary_controlled",15,"sparsified","quantile_8","parent_group_lasso_grpreg","sqrt_group_size","grpreg_approximate_df_excluding_intercept",100,1,0.93,1,0.71,10.08,80.64,20.39,163.1
"primary_controlled",16,"original","original","component_lasso_glmnet","not_applicable","active_coefficient_count_proxy_excluding_intercept",100,1,0.93,1,0.86,10.07,10.07,20.15,20.15
"primary_controlled",16,"original","original","parent_group_lasso_grpreg","equal_parent","grpreg_approximate_df_excluding_intercept",100,1,0.94,1,0.86,10.06,10.06,20.16,20.16
"primary_controlled",16,"original","original","parent_group_lasso_grpreg","sqrt_group_size","grpreg_approximate_df_excluding_intercept",100,1,0.94,1,0.86,10.06,10.06,20.16,20.16
"primary_controlled",16,"sparsified","equal_width_4","component_lasso_glmnet","not_applicable","active_coefficient_count_proxy_excluding_intercept",100,1,0.72,1,0.71,10.32,13.54,20.38,29.78
"primary_controlled",16,"sparsified","equal_width_4","parent_group_lasso_grpreg","equal_parent","grpreg_approximate_df_excluding_intercept",100,1,0.8,1,0.77,10.2,40.8,20.24,80.96
"primary_controlled",16,"sparsified","equal_width_4","parent_group_lasso_grpreg","sqrt_group_size","grpreg_approximate_df_excluding_intercept",100,1,0.84,1,0.75,10.19,40.76,20.3,81.2
"primary_controlled",16,"sparsified","quantile_2","component_lasso_glmnet","not_applicable","active_coefficient_count_proxy_excluding_intercept",100,1,0.9,1,0.83,10.11,14.69,20.18,28.53
"primary_controlled",16,"sparsified","quantile_2","parent_group_lasso_grpreg","equal_parent","grpreg_approximate_df_excluding_intercept",100,1,0.91,1,0.83,10.1,20.2,20.19,40.38
"primary_controlled",16,"sparsified","quantile_2","parent_group_lasso_grpreg","sqrt_group_size","grpreg_approximate_df_excluding_intercept",100,1,0.91,1,0.83,10.1,20.2,20.19,40.38
"primary_controlled",16,"sparsified","quantile_4","component_lasso_glmnet","not_applicable","active_coefficient_count_proxy_excluding_intercept",100,1,0.81,1,0.81,10.21,13.59,20.2,27.7
"primary_controlled",16,"sparsified","quantile_4","parent_group_lasso_grpreg","equal_parent","grpreg_approximate_df_excluding_intercept",100,1,0.87,1,0.72,10.15,40.6,20.3,81.2
"primary_controlled",16,"sparsified","quantile_4","parent_group_lasso_grpreg","sqrt_group_size","grpreg_approximate_df_excluding_intercept",100,1,0.91,1,0.77,10.09,40.36,20.27,81.08
"primary_controlled",16,"sparsified","quantile_8","component_lasso_glmnet","not_applicable","active_coefficient_count_proxy_excluding_intercept",100,1,0.72,1,0.75,10.32,13.32,20.28,29.41
"primary_controlled",16,"sparsified","quantile_8","parent_group_lasso_grpreg","equal_parent","grpreg_approximate_df_excluding_intercept",100,1,0.85,1,0.77,10.17,81.36,20.29,162.32
"primary_controlled",16,"sparsified","quantile_8","parent_group_lasso_grpreg","sqrt_group_size","grpreg_approximate_df_excluding_intercept",100,1,0.83,1,0.83,10.18,81.44,20.25,162
"sensitivity_dense_wide",1,"original","original","component_lasso_glmnet","not_applicable","active_coefficient_count_proxy_excluding_intercept",100,1,1,1,0.93,5,5,10.07,10.07
"sensitivity_dense_wide",1,"original","original","parent_group_lasso_grpreg","equal_parent","grpreg_approximate_df_excluding_intercept",100,1,1,1,0.93,5,5,10.07,10.07
"sensitivity_dense_wide",1,"original","original","parent_group_lasso_grpreg","sqrt_group_size","grpreg_approximate_df_excluding_intercept",100,1,1,1,0.93,5,5,10.07,10.07
"sensitivity_dense_wide",1,"sparsified","equal_width_4","component_lasso_glmnet","not_applicable","active_coefficient_count_proxy_excluding_intercept",100,1,0.94,1,0.96,5.06,8.68,10.04,19.94
"sensitivity_dense_wide",1,"sparsified","equal_width_4","parent_group_lasso_grpreg","equal_parent","grpreg_approximate_df_excluding_intercept",100,1,0.95,1,0.92,5.05,20.2,10.08,40.32
"sensitivity_dense_wide",1,"sparsified","equal_width_4","parent_group_lasso_grpreg","sqrt_group_size","grpreg_approximate_df_excluding_intercept",100,1,0.96,1,0.93,5.04,20.16,10.07,40.28
"sensitivity_dense_wide",1,"sparsified","quantile_2","component_lasso_glmnet","not_applicable","active_coefficient_count_proxy_excluding_intercept",100,1,0.99,1,0.96,5.01,7.59,10.04,15.11
"sensitivity_dense_wide",1,"sparsified","quantile_2","parent_group_lasso_grpreg","equal_parent","grpreg_approximate_df_excluding_intercept",100,1,0.99,1,0.9,5.01,10.02,10.1,20.2
"sensitivity_dense_wide",1,"sparsified","quantile_2","parent_group_lasso_grpreg","sqrt_group_size","grpreg_approximate_df_excluding_intercept",100,1,0.99,1,0.9,5.01,10.02,10.1,20.2
"sensitivity_dense_wide",1,"sparsified","quantile_4","component_lasso_glmnet","not_applicable","active_coefficient_count_proxy_excluding_intercept",100,1,0.94,1,0.92,5.06,7.7,10.09,17.59
"sensitivity_dense_wide",1,"sparsified","quantile_4","parent_group_lasso_grpreg","equal_parent","grpreg_approximate_df_excluding_intercept",100,1,0.98,1,0.89,5.02,20.08,10.13,40.52
"sensitivity_dense_wide",1,"sparsified","quantile_4","parent_group_lasso_grpreg","sqrt_group_size","grpreg_approximate_df_excluding_intercept",100,1,0.99,1,0.9,5.01,20.04,10.11,40.44
"sensitivity_dense_wide",1,"sparsified","quantile_8","component_lasso_glmnet","not_applicable","active_coefficient_count_proxy_excluding_intercept",100,1,0.92,1,0.95,5.08,7.67,10.05,18.28
"sensitivity_dense_wide",1,"sparsified","quantile_8","parent_group_lasso_grpreg","equal_parent","grpreg_approximate_df_excluding_intercept",100,1,0.91,1,0.89,5.09,40.72,10.12,80.96
"sensitivity_dense_wide",1,"sparsified","quantile_8","parent_group_lasso_grpreg","sqrt_group_size","grpreg_approximate_df_excluding_intercept",100,1,0.96,1,0.89,5.04,40.32,10.12,80.96
"sensitivity_dense_wide",2,"original","original","component_lasso_glmnet","not_applicable","active_coefficient_count_proxy_excluding_intercept",100,1,0.97,1,0.99,5.03,5.03,10.01,10.01
"sensitivity_dense_wide",2,"original","original","parent_group_lasso_grpreg","equal_parent","grpreg_approximate_df_excluding_intercept",100,1,0.97,1,0.99,5.03,5.03,10.01,10.01
"sensitivity_dense_wide",2,"original","original","parent_group_lasso_grpreg","sqrt_group_size","grpreg_approximate_df_excluding_intercept",100,1,0.97,1,0.99,5.03,5.03,10.01,10.01
"sensitivity_dense_wide",2,"sparsified","equal_width_4","component_lasso_glmnet","not_applicable","active_coefficient_count_proxy_excluding_intercept",100,1,0.91,1,0.91,5.09,8.04,10.09,19.1
"sensitivity_dense_wide",2,"sparsified","equal_width_4","parent_group_lasso_grpreg","equal_parent","grpreg_approximate_df_excluding_intercept",100,1,0.98,1,0.96,5.02,20.08,10.04,40.16
"sensitivity_dense_wide",2,"sparsified","equal_width_4","parent_group_lasso_grpreg","sqrt_group_size","grpreg_approximate_df_excluding_intercept",100,1,0.97,1,0.96,5.03,20.12,10.04,40.16
"sensitivity_dense_wide",2,"sparsified","quantile_2","component_lasso_glmnet","not_applicable","active_coefficient_count_proxy_excluding_intercept",100,1,0.97,1,0.94,5.03,7.63,10.06,15.02
"sensitivity_dense_wide",2,"sparsified","quantile_2","parent_group_lasso_grpreg","equal_parent","grpreg_approximate_df_excluding_intercept",100,1,0.98,1,0.95,5.02,10.04,10.05,20.1
"sensitivity_dense_wide",2,"sparsified","quantile_2","parent_group_lasso_grpreg","sqrt_group_size","grpreg_approximate_df_excluding_intercept",100,1,0.98,1,0.94,5.02,10.04,10.06,20.12
"sensitivity_dense_wide",2,"sparsified","quantile_4","component_lasso_glmnet","not_applicable","active_coefficient_count_proxy_excluding_intercept",100,1,0.96,1,0.93,5.04,7.54,10.07,17
"sensitivity_dense_wide",2,"sparsified","quantile_4","parent_group_lasso_grpreg","equal_parent","grpreg_approximate_df_excluding_intercept",100,1,0.93,1,0.92,5.07,20.28,10.09,40.36
"sensitivity_dense_wide",2,"sparsified","quantile_4","parent_group_lasso_grpreg","sqrt_group_size","grpreg_approximate_df_excluding_intercept",100,1,0.99,1,0.94,5.01,20.04,10.06,40.24
"sensitivity_dense_wide",2,"sparsified","quantile_8","component_lasso_glmnet","not_applicable","active_coefficient_count_proxy_excluding_intercept",100,1,0.92,1,0.89,5.09,7.63,10.12,17.8
"sensitivity_dense_wide",2,"sparsified","quantile_8","parent_group_lasso_grpreg","equal_parent","grpreg_approximate_df_excluding_intercept",100,1,0.97,1,0.87,5.03,40.24,10.14,81.12
"sensitivity_dense_wide",2,"sparsified","quantile_8","parent_group_lasso_grpreg","sqrt_group_size","grpreg_approximate_df_excluding_intercept",100,1,0.94,1,0.93,5.06,40.48,10.07,80.56
"sensitivity_dense_wide",3,"original","original","component_lasso_glmnet","not_applicable","active_coefficient_count_proxy_excluding_intercept",100,1,0.99,1,0.99,5.02,5.02,10.01,10.01
"sensitivity_dense_wide",3,"original","original","parent_group_lasso_grpreg","equal_parent","grpreg_approximate_df_excluding_intercept",100,1,0.99,1,0.99,5.02,5.02,10.01,10.01
"sensitivity_dense_wide",3,"original","original","parent_group_lasso_grpreg","sqrt_group_size","grpreg_approximate_df_excluding_intercept",100,1,0.99,1,0.99,5.02,5.02,10.01,10.01
"sensitivity_dense_wide",3,"sparsified","equal_width_4","component_lasso_glmnet","not_applicable","active_coefficient_count_proxy_excluding_intercept",100,1,0.9,1,0.98,5.1,6.47,10.02,15.27
"sensitivity_dense_wide",3,"sparsified","equal_width_4","parent_group_lasso_grpreg","equal_parent","grpreg_approximate_df_excluding_intercept",100,1,0.92,1,0.88,5.09,20.36,10.13,40.52
"sensitivity_dense_wide",3,"sparsified","equal_width_4","parent_group_lasso_grpreg","sqrt_group_size","grpreg_approximate_df_excluding_intercept",100,1,0.95,1,0.93,5.05,20.2,10.09,40.36
"sensitivity_dense_wide",3,"sparsified","quantile_2","component_lasso_glmnet","not_applicable","active_coefficient_count_proxy_excluding_intercept",100,1,0.95,1,0.97,5.05,6.59,10.03,13.91
"sensitivity_dense_wide",3,"sparsified","quantile_2","parent_group_lasso_grpreg","equal_parent","grpreg_approximate_df_excluding_intercept",100,1,0.96,1,0.86,5.05,10.1,10.16,20.32
"sensitivity_dense_wide",3,"sparsified","quantile_2","parent_group_lasso_grpreg","sqrt_group_size","grpreg_approximate_df_excluding_intercept",100,1,0.95,1,0.91,5.05,10.1,10.09,20.18
"sensitivity_dense_wide",3,"sparsified","quantile_4","component_lasso_glmnet","not_applicable","active_coefficient_count_proxy_excluding_intercept",100,1,0.96,1,0.95,5.04,6.38,10.05,14.44
"sensitivity_dense_wide",3,"sparsified","quantile_4","parent_group_lasso_grpreg","equal_parent","grpreg_approximate_df_excluding_intercept",100,1,0.93,1,0.95,5.07,20.28,10.05,40.2
"sensitivity_dense_wide",3,"sparsified","quantile_4","parent_group_lasso_grpreg","sqrt_group_size","grpreg_approximate_df_excluding_intercept",100,1,0.94,1,0.97,5.06,20.24,10.03,40.12
"sensitivity_dense_wide",3,"sparsified","quantile_8","component_lasso_glmnet","not_applicable","active_coefficient_count_proxy_excluding_intercept",100,1,0.88,1,0.9,5.13,6.7,10.1,16.02
"sensitivity_dense_wide",3,"sparsified","quantile_8","parent_group_lasso_grpreg","equal_parent","grpreg_approximate_df_excluding_intercept",100,1,0.94,1,0.91,5.06,40.48,10.1,80.8
"sensitivity_dense_wide",3,"sparsified","quantile_8","parent_group_lasso_grpreg","sqrt_group_size","grpreg_approximate_df_excluding_intercept",100,1,0.94,1,0.86,5.07,40.56,10.14,81.12
"sensitivity_dense_wide",4,"original","original","component_lasso_glmnet","not_applicable","active_coefficient_count_proxy_excluding_intercept",100,1,0.97,1,0.9,5.04,5.04,10.1,10.1
"sensitivity_dense_wide",4,"original","original","parent_group_lasso_grpreg","equal_parent","grpreg_approximate_df_excluding_intercept",100,1,0.97,1,0.9,5.04,5.04,10.1,10.1
"sensitivity_dense_wide",4,"original","original","parent_group_lasso_grpreg","sqrt_group_size","grpreg_approximate_df_excluding_intercept",100,1,0.97,1,0.9,5.04,5.04,10.1,10.1
"sensitivity_dense_wide",4,"sparsified","equal_width_4","component_lasso_glmnet","not_applicable","active_coefficient_count_proxy_excluding_intercept",100,1,0.94,1,0.88,5.06,6.02,10.12,14.62
"sensitivity_dense_wide",4,"sparsified","equal_width_4","parent_group_lasso_grpreg","equal_parent","grpreg_approximate_df_excluding_intercept",100,1,0.95,1,0.94,5.05,20.2,10.07,40.28
"sensitivity_dense_wide",4,"sparsified","equal_width_4","parent_group_lasso_grpreg","sqrt_group_size","grpreg_approximate_df_excluding_intercept",100,1,0.95,1,0.92,5.05,20.2,10.08,40.32
"sensitivity_dense_wide",4,"sparsified","quantile_2","component_lasso_glmnet","not_applicable","active_coefficient_count_proxy_excluding_intercept",100,1,0.97,1,0.94,5.03,6.44,10.06,13.87
"sensitivity_dense_wide",4,"sparsified","quantile_2","parent_group_lasso_grpreg","equal_parent","grpreg_approximate_df_excluding_intercept",100,1,0.95,1,0.93,5.05,10.1,10.07,20.14
"sensitivity_dense_wide",4,"sparsified","quantile_2","parent_group_lasso_grpreg","sqrt_group_size","grpreg_approximate_df_excluding_intercept",100,1,0.95,1,0.99,5.05,10.1,10.01,20.02
"sensitivity_dense_wide",4,"sparsified","quantile_4","component_lasso_glmnet","not_applicable","active_coefficient_count_proxy_excluding_intercept",100,1,0.9,1,0.93,5.11,6.39,10.07,14.29
"sensitivity_dense_wide",4,"sparsified","quantile_4","parent_group_lasso_grpreg","equal_parent","grpreg_approximate_df_excluding_intercept",100,1,0.96,1,0.91,5.04,20.16,10.09,40.36
"sensitivity_dense_wide",4,"sparsified","quantile_4","parent_group_lasso_grpreg","sqrt_group_size","grpreg_approximate_df_excluding_intercept",100,1,0.99,1,0.91,5.01,20.04,10.09,40.36
"sensitivity_dense_wide",4,"sparsified","quantile_8","component_lasso_glmnet","not_applicable","active_coefficient_count_proxy_excluding_intercept",100,1,0.93,1,0.94,5.07,6.17,10.07,15.16
"sensitivity_dense_wide",4,"sparsified","quantile_8","parent_group_lasso_grpreg","equal_parent","grpreg_approximate_df_excluding_intercept",100,1,0.94,1,0.92,5.06,40.48,10.1,80.8
"sensitivity_dense_wide",4,"sparsified","quantile_8","parent_group_lasso_grpreg","sqrt_group_size","grpreg_approximate_df_excluding_intercept",100,1,0.97,1,0.92,5.03,40.24,10.1,80.8
"sensitivity_dense_wide",5,"original","original","component_lasso_glmnet","not_applicable","active_coefficient_count_proxy_excluding_intercept",100,1,0.94,1,0.87,10.06,10.06,20.15,20.15
"sensitivity_dense_wide",5,"original","original","parent_group_lasso_grpreg","equal_parent","grpreg_approximate_df_excluding_intercept",100,1,0.94,1,0.87,10.06,10.06,20.15,20.15
"sensitivity_dense_wide",5,"original","original","parent_group_lasso_grpreg","sqrt_group_size","grpreg_approximate_df_excluding_intercept",100,1,0.94,1,0.87,10.06,10.06,20.15,20.15
"sensitivity_dense_wide",5,"sparsified","equal_width_4","component_lasso_glmnet","not_applicable","active_coefficient_count_proxy_excluding_intercept",100,1,0.8,1,0.74,10.21,12.55,20.32,25.69
"sensitivity_dense_wide",5,"sparsified","equal_width_4","parent_group_lasso_grpreg","equal_parent","grpreg_approximate_df_excluding_intercept",100,1,0.76,1,0.78,10.26,41.04,20.23,80.92
"sensitivity_dense_wide",5,"sparsified","equal_width_4","parent_group_lasso_grpreg","sqrt_group_size","grpreg_approximate_df_excluding_intercept",100,1,0.79,1,0.83,10.22,40.88,20.18,80.72
"sensitivity_dense_wide",5,"sparsified","quantile_2","component_lasso_glmnet","not_applicable","active_coefficient_count_proxy_excluding_intercept",100,1,0.85,1,0.85,10.16,12.98,20.16,26.25
"sensitivity_dense_wide",5,"sparsified","quantile_2","parent_group_lasso_grpreg","equal_parent","grpreg_approximate_df_excluding_intercept",100,1,0.89,1,0.79,10.11,20.22,20.22,40.44
"sensitivity_dense_wide",5,"sparsified","quantile_2","parent_group_lasso_grpreg","sqrt_group_size","grpreg_approximate_df_excluding_intercept",100,1,0.89,1,0.79,10.11,20.22,20.22,40.44
"sensitivity_dense_wide",5,"sparsified","quantile_4","component_lasso_glmnet","not_applicable","active_coefficient_count_proxy_excluding_intercept",100,1,0.87,1,0.8,10.15,12.2,20.24,25.33
"sensitivity_dense_wide",5,"sparsified","quantile_4","parent_group_lasso_grpreg","equal_parent","grpreg_approximate_df_excluding_intercept",100,1,0.84,1,0.83,10.19,40.76,20.19,80.76
"sensitivity_dense_wide",5,"sparsified","quantile_4","parent_group_lasso_grpreg","sqrt_group_size","grpreg_approximate_df_excluding_intercept",100,1,0.84,1,0.85,10.17,40.68,20.17,80.68
"sensitivity_dense_wide",5,"sparsified","quantile_8","component_lasso_glmnet","not_applicable","active_coefficient_count_proxy_excluding_intercept",100,1,0.75,1,0.79,10.3,11.58,20.23,24.23
"sensitivity_dense_wide",5,"sparsified","quantile_8","parent_group_lasso_grpreg","equal_parent","grpreg_approximate_df_excluding_intercept",100,1,0.73,1,0.82,10.34,82.72,20.21,161.68
"sensitivity_dense_wide",5,"sparsified","quantile_8","parent_group_lasso_grpreg","sqrt_group_size","grpreg_approximate_df_excluding_intercept",100,1,0.86,1,0.85,10.15,81.2,20.17,161.36
"sensitivity_dense_wide",6,"original","original","component_lasso_glmnet","not_applicable","active_coefficient_count_proxy_excluding_intercept",100,1,0.92,1,0.87,10.09,10.09,20.14,20.14
"sensitivity_dense_wide",6,"original","original","parent_group_lasso_grpreg","equal_parent","grpreg_approximate_df_excluding_intercept",100,1,0.92,1,0.87,10.09,10.09,20.14,20.14
"sensitivity_dense_wide",6,"original","original","parent_group_lasso_grpreg","sqrt_group_size","grpreg_approximate_df_excluding_intercept",100,1,0.92,1,0.87,10.09,10.09,20.14,20.14
"sensitivity_dense_wide",6,"sparsified","equal_width_4","component_lasso_glmnet","not_applicable","active_coefficient_count_proxy_excluding_intercept",100,1,0.85,1,0.79,10.17,12.18,20.25,25.58
"sensitivity_dense_wide",6,"sparsified","equal_width_4","parent_group_lasso_grpreg","equal_parent","grpreg_approximate_df_excluding_intercept",100,1,0.85,1,0.84,10.16,40.64,20.18,80.72
"sensitivity_dense_wide",6,"sparsified","equal_width_4","parent_group_lasso_grpreg","sqrt_group_size","grpreg_approximate_df_excluding_intercept",100,1,0.91,1,0.85,10.1,40.4,20.15,80.6
"sensitivity_dense_wide",6,"sparsified","quantile_2","component_lasso_glmnet","not_applicable","active_coefficient_count_proxy_excluding_intercept",100,1,0.9,1,0.89,10.11,12.74,20.12,25.63
"sensitivity_dense_wide",6,"sparsified","quantile_2","parent_group_lasso_grpreg","equal_parent","grpreg_approximate_df_excluding_intercept",100,1,0.88,1,0.84,10.12,20.24,20.17,40.34
"sensitivity_dense_wide",6,"sparsified","quantile_2","parent_group_lasso_grpreg","sqrt_group_size","grpreg_approximate_df_excluding_intercept",100,1,0.88,1,0.84,10.12,20.24,20.17,40.34
"sensitivity_dense_wide",6,"sparsified","quantile_4","component_lasso_glmnet","not_applicable","active_coefficient_count_proxy_excluding_intercept",100,1,0.77,1,0.82,10.26,12.29,20.21,24.97
"sensitivity_dense_wide",6,"sparsified","quantile_4","parent_group_lasso_grpreg","equal_parent","grpreg_approximate_df_excluding_intercept",100,1,0.83,1,0.85,10.18,40.72,20.19,80.76
"sensitivity_dense_wide",6,"sparsified","quantile_4","parent_group_lasso_grpreg","sqrt_group_size","grpreg_approximate_df_excluding_intercept",100,1,0.85,1,0.85,10.16,40.64,20.17,80.67
"sensitivity_dense_wide",6,"sparsified","quantile_8","component_lasso_glmnet","not_applicable","active_coefficient_count_proxy_excluding_intercept",100,1,0.81,1,0.79,10.21,11.45,20.26,24.24
"sensitivity_dense_wide",6,"sparsified","quantile_8","parent_group_lasso_grpreg","equal_parent","grpreg_approximate_df_excluding_intercept",100,1,0.77,1,0.8,10.28,82.24,20.23,161.84
"sensitivity_dense_wide",6,"sparsified","quantile_8","parent_group_lasso_grpreg","sqrt_group_size","grpreg_approximate_df_excluding_intercept",100,1,0.79,1,0.78,10.25,82,20.23,161.84
"sensitivity_dense_wide",7,"original","original","component_lasso_glmnet","not_applicable","active_coefficient_count_proxy_excluding_intercept",100,1,0.92,1,0.92,10.08,10.08,20.08,20.08
"sensitivity_dense_wide",7,"original","original","parent_group_lasso_grpreg","equal_parent","grpreg_approximate_df_excluding_intercept",100,1,0.92,1,0.92,10.08,10.08,20.08,20.08
"sensitivity_dense_wide",7,"original","original","parent_group_lasso_grpreg","sqrt_group_size","grpreg_approximate_df_excluding_intercept",100,1,0.92,1,0.92,10.08,10.08,20.08,20.08
"sensitivity_dense_wide",7,"sparsified","equal_width_4","component_lasso_glmnet","not_applicable","active_coefficient_count_proxy_excluding_intercept",100,1,0.89,1,0.82,10.11,11.29,20.2,23.28
"sensitivity_dense_wide",7,"sparsified","equal_width_4","parent_group_lasso_grpreg","equal_parent","grpreg_approximate_df_excluding_intercept",100,1,0.9,1,0.82,10.11,40.44,20.21,80.84
"sensitivity_dense_wide",7,"sparsified","equal_width_4","parent_group_lasso_grpreg","sqrt_group_size","grpreg_approximate_df_excluding_intercept",100,1,0.93,1,0.85,10.07,40.28,20.15,80.6
"sensitivity_dense_wide",7,"sparsified","quantile_2","component_lasso_glmnet","not_applicable","active_coefficient_count_proxy_excluding_intercept",100,1,0.88,1,0.91,10.13,11.33,20.1,23.01
"sensitivity_dense_wide",7,"sparsified","quantile_2","parent_group_lasso_grpreg","equal_parent","grpreg_approximate_df_excluding_intercept",100,1,0.86,1,0.85,10.14,20.28,20.15,40.3
"sensitivity_dense_wide",7,"sparsified","quantile_2","parent_group_lasso_grpreg","sqrt_group_size","grpreg_approximate_df_excluding_intercept",100,1,0.9,1,0.86,10.1,20.2,20.14,40.28
"sensitivity_dense_wide",7,"sparsified","quantile_4","component_lasso_glmnet","not_applicable","active_coefficient_count_proxy_excluding_intercept",100,1,0.91,1,0.86,10.1,11.09,20.2,23.08
"sensitivity_dense_wide",7,"sparsified","quantile_4","parent_group_lasso_grpreg","equal_parent","grpreg_approximate_df_excluding_intercept",100,1,0.87,1,0.71,10.16,40.64,20.34,81.36
"sensitivity_dense_wide",7,"sparsified","quantile_4","parent_group_lasso_grpreg","sqrt_group_size","grpreg_approximate_df_excluding_intercept",100,1,0.83,1,0.84,10.19,40.76,20.16,80.64
"sensitivity_dense_wide",7,"sparsified","quantile_8","component_lasso_glmnet","not_applicable","active_coefficient_count_proxy_excluding_intercept",100,1,0.85,1,0.78,10.17,11.21,20.28,23.35
"sensitivity_dense_wide",7,"sparsified","quantile_8","parent_group_lasso_grpreg","equal_parent","grpreg_approximate_df_excluding_intercept",100,1,0.78,1,0.89,10.28,82.24,20.12,160.96
"sensitivity_dense_wide",7,"sparsified","quantile_8","parent_group_lasso_grpreg","sqrt_group_size","grpreg_approximate_df_excluding_intercept",100,1,0.85,1,0.84,10.16,81.28,20.17,161.36
"sensitivity_dense_wide",8,"original","original","component_lasso_glmnet","not_applicable","active_coefficient_count_proxy_excluding_intercept",100,1,0.93,1,0.94,10.07,10.07,20.06,20.06
"sensitivity_dense_wide",8,"original","original","parent_group_lasso_grpreg","equal_parent","grpreg_approximate_df_excluding_intercept",100,1,0.93,1,0.94,10.07,10.07,20.06,20.06
"sensitivity_dense_wide",8,"original","original","parent_group_lasso_grpreg","sqrt_group_size","grpreg_approximate_df_excluding_intercept",100,1,0.93,1,0.94,10.07,10.07,20.06,20.06
"sensitivity_dense_wide",8,"sparsified","equal_width_4","component_lasso_glmnet","not_applicable","active_coefficient_count_proxy_excluding_intercept",100,1,0.9,1,0.83,10.11,11.11,20.19,23.75
"sensitivity_dense_wide",8,"sparsified","equal_width_4","parent_group_lasso_grpreg","equal_parent","grpreg_approximate_df_excluding_intercept",100,1,0.81,1,0.79,10.24,40.96,20.23,80.92
"sensitivity_dense_wide",8,"sparsified","equal_width_4","parent_group_lasso_grpreg","sqrt_group_size","grpreg_approximate_df_excluding_intercept",100,1,0.87,1,0.83,10.15,40.6,20.17,80.68
"sensitivity_dense_wide",8,"sparsified","quantile_2","component_lasso_glmnet","not_applicable","active_coefficient_count_proxy_excluding_intercept",100,1,0.8,1,0.88,10.21,11.72,20.13,23.69
"sensitivity_dense_wide",8,"sparsified","quantile_2","parent_group_lasso_grpreg","equal_parent","grpreg_approximate_df_excluding_intercept",100,1,0.87,1,0.87,10.14,20.28,20.13,40.26
"sensitivity_dense_wide",8,"sparsified","quantile_2","parent_group_lasso_grpreg","sqrt_group_size","grpreg_approximate_df_excluding_intercept",100,1,0.87,1,0.88,10.14,20.28,20.12,40.24
"sensitivity_dense_wide",8,"sparsified","quantile_4","component_lasso_glmnet","not_applicable","active_coefficient_count_proxy_excluding_intercept",100,1,0.93,1,0.81,10.08,11.35,20.25,23.57
"sensitivity_dense_wide",8,"sparsified","quantile_4","parent_group_lasso_grpreg","equal_parent","grpreg_approximate_df_excluding_intercept",100,1,0.82,1,0.84,10.21,40.84,20.21,80.84
"sensitivity_dense_wide",8,"sparsified","quantile_4","parent_group_lasso_grpreg","sqrt_group_size","grpreg_approximate_df_excluding_intercept",100,1,0.92,1,0.85,10.08,40.32,20.17,80.68
"sensitivity_dense_wide",8,"sparsified","quantile_8","component_lasso_glmnet","not_applicable","active_coefficient_count_proxy_excluding_intercept",100,1,0.79,1,0.78,10.23,11.36,20.25,23.45
"sensitivity_dense_wide",8,"sparsified","quantile_8","parent_group_lasso_grpreg","equal_parent","grpreg_approximate_df_excluding_intercept",100,1,0.89,1,0.78,10.14,81.12,20.27,162.16
"sensitivity_dense_wide",8,"sparsified","quantile_8","parent_group_lasso_grpreg","sqrt_group_size","grpreg_approximate_df_excluding_intercept",100,1,0.88,1,0.86,10.13,81.04,20.16,161.28
"sensitivity_dense_wide",9,"original","original","component_lasso_glmnet","not_applicable","active_coefficient_count_proxy_excluding_intercept",100,1,0.77,1,0.81,20.25,20.25,40.21,40.21
"sensitivity_dense_wide",9,"original","original","parent_group_lasso_grpreg","equal_parent","grpreg_approximate_df_excluding_intercept",100,1,0.77,1,0.81,20.25,20.25,40.21,40.21
"sensitivity_dense_wide",9,"original","original","parent_group_lasso_grpreg","sqrt_group_size","grpreg_approximate_df_excluding_intercept",100,1,0.77,1,0.81,20.25,20.25,40.21,40.21
"sensitivity_dense_wide",9,"sparsified","equal_width_4","component_lasso_glmnet","not_applicable","active_coefficient_count_proxy_excluding_intercept",100,1,0.67,1,0.68,20.39,22.15,40.42,45.91
"sensitivity_dense_wide",9,"sparsified","equal_width_4","parent_group_lasso_grpreg","equal_parent","grpreg_approximate_df_excluding_intercept",100,1,0.77,1,0.81,20.29,81.16,40.2,160.8
"sensitivity_dense_wide",9,"sparsified","equal_width_4","parent_group_lasso_grpreg","sqrt_group_size","grpreg_approximate_df_excluding_intercept",100,1,0.79,1,0.8,20.26,81.04,40.21,160.84
"sensitivity_dense_wide",9,"sparsified","quantile_2","component_lasso_glmnet","not_applicable","active_coefficient_count_proxy_excluding_intercept",100,1,0.74,1,0.76,20.3,22.89,40.27,45.84
"sensitivity_dense_wide",9,"sparsified","quantile_2","parent_group_lasso_grpreg","equal_parent","grpreg_approximate_df_excluding_intercept",100,1,0.79,1,0.81,20.24,40.48,40.19,80.38
"sensitivity_dense_wide",9,"sparsified","quantile_2","parent_group_lasso_grpreg","sqrt_group_size","grpreg_approximate_df_excluding_intercept",100,1,0.79,1,0.81,20.24,40.48,40.19,80.38
"sensitivity_dense_wide",9,"sparsified","quantile_4","component_lasso_glmnet","not_applicable","active_coefficient_count_proxy_excluding_intercept",100,1,0.76,1,0.66,20.3,22.14,40.42,46.25
"sensitivity_dense_wide",9,"sparsified","quantile_4","parent_group_lasso_grpreg","equal_parent","grpreg_approximate_df_excluding_intercept",100,1,0.78,1,0.85,20.25,81,40.18,160.72
"sensitivity_dense_wide",9,"sparsified","quantile_4","parent_group_lasso_grpreg","sqrt_group_size","grpreg_approximate_df_excluding_intercept",100,1,0.81,1,0.85,20.19,80.76,40.18,160.72
"sensitivity_dense_wide",9,"sparsified","quantile_8","component_lasso_glmnet","not_applicable","active_coefficient_count_proxy_excluding_intercept",100,1,0.75,1,0.66,20.29,21.72,40.37,45.45
"sensitivity_dense_wide",9,"sparsified","quantile_8","parent_group_lasso_grpreg","equal_parent","grpreg_approximate_df_excluding_intercept",100,1,0.74,1,0.88,20.26,162.08,40.12,320.96
"sensitivity_dense_wide",9,"sparsified","quantile_8","parent_group_lasso_grpreg","sqrt_group_size","grpreg_approximate_df_excluding_intercept",100,1,0.79,1,0.88,20.23,161.84,40.12,320.96
"sensitivity_dense_wide",10,"original","original","component_lasso_glmnet","not_applicable","active_coefficient_count_proxy_excluding_intercept",100,1,0.79,1,0.75,20.22,20.22,40.3,40.3
"sensitivity_dense_wide",10,"original","original","parent_group_lasso_grpreg","equal_parent","grpreg_approximate_df_excluding_intercept",100,1,0.79,1,0.76,20.22,20.22,40.29,40.29
"sensitivity_dense_wide",10,"original","original","parent_group_lasso_grpreg","sqrt_group_size","grpreg_approximate_df_excluding_intercept",100,1,0.79,1,0.76,20.22,20.22,40.29,40.29
"sensitivity_dense_wide",10,"sparsified","equal_width_4","component_lasso_glmnet","not_applicable","active_coefficient_count_proxy_excluding_intercept",100,1,0.7,1,0.75,20.41,22.44,40.31,45.96
"sensitivity_dense_wide",10,"sparsified","equal_width_4","parent_group_lasso_grpreg","equal_parent","grpreg_approximate_df_excluding_intercept",100,1,0.79,1,0.82,20.23,80.92,40.2,160.8
"sensitivity_dense_wide",10,"sparsified","equal_width_4","parent_group_lasso_grpreg","sqrt_group_size","grpreg_approximate_df_excluding_intercept",100,1,0.8,1,0.83,20.22,80.88,40.19,160.76
"sensitivity_dense_wide",10,"sparsified","quantile_2","component_lasso_glmnet","not_applicable","active_coefficient_count_proxy_excluding_intercept",100,1,0.68,1,0.8,20.4,23.03,40.23,45.94
"sensitivity_dense_wide",10,"sparsified","quantile_2","parent_group_lasso_grpreg","equal_parent","grpreg_approximate_df_excluding_intercept",100,1,0.84,1,0.79,20.2,40.4,40.27,80.54
"sensitivity_dense_wide",10,"sparsified","quantile_2","parent_group_lasso_grpreg","sqrt_group_size","grpreg_approximate_df_excluding_intercept",100,1,0.84,1,0.79,20.2,40.4,40.27,80.54
"sensitivity_dense_wide",10,"sparsified","quantile_4","component_lasso_glmnet","not_applicable","active_coefficient_count_proxy_excluding_intercept",100,1,0.69,1,0.7,20.4,22.61,40.41,46.17
"sensitivity_dense_wide",10,"sparsified","quantile_4","parent_group_lasso_grpreg","equal_parent","grpreg_approximate_df_excluding_intercept",100,1,0.79,1,0.77,20.23,80.92,40.27,161.08
"sensitivity_dense_wide",10,"sparsified","quantile_4","parent_group_lasso_grpreg","sqrt_group_size","grpreg_approximate_df_excluding_intercept",100,1,0.83,1,0.78,20.18,80.72,40.26,161.04
"sensitivity_dense_wide",10,"sparsified","quantile_8","component_lasso_glmnet","not_applicable","active_coefficient_count_proxy_excluding_intercept",100,1,0.62,1,0.74,20.48,21.82,40.33,45.27
"sensitivity_dense_wide",10,"sparsified","quantile_8","parent_group_lasso_grpreg","equal_parent","grpreg_approximate_df_excluding_intercept",100,1,0.8,1,0.94,20.25,162,40.06,320.44
"sensitivity_dense_wide",10,"sparsified","quantile_8","parent_group_lasso_grpreg","sqrt_group_size","grpreg_approximate_df_excluding_intercept",100,1,0.84,1,0.94,20.18,161.44,40.06,320.44
"sensitivity_dense_wide",11,"original","original","component_lasso_glmnet","not_applicable","active_coefficient_count_proxy_excluding_intercept",100,1,0.85,1,0.82,20.17,20.17,40.22,40.22
"sensitivity_dense_wide",11,"original","original","parent_group_lasso_grpreg","equal_parent","grpreg_approximate_df_excluding_intercept",100,1,0.85,1,0.82,20.17,20.17,40.22,40.22
"sensitivity_dense_wide",11,"original","original","parent_group_lasso_grpreg","sqrt_group_size","grpreg_approximate_df_excluding_intercept",100,1,0.85,1,0.82,20.17,20.17,40.22,40.22
"sensitivity_dense_wide",11,"sparsified","equal_width_4","component_lasso_glmnet","not_applicable","active_coefficient_count_proxy_excluding_intercept",100,1,0.67,1,0.73,20.41,22.05,40.34,45.37
"sensitivity_dense_wide",11,"sparsified","equal_width_4","parent_group_lasso_grpreg","equal_parent","grpreg_approximate_df_excluding_intercept",100,1,0.79,1,0.77,20.22,80.88,40.26,161.04
"sensitivity_dense_wide",11,"sparsified","equal_width_4","parent_group_lasso_grpreg","sqrt_group_size","grpreg_approximate_df_excluding_intercept",100,1,0.81,1,0.79,20.23,80.92,40.23,160.92
"sensitivity_dense_wide",11,"sparsified","quantile_2","component_lasso_glmnet","not_applicable","active_coefficient_count_proxy_excluding_intercept",100,1,0.79,1,0.81,20.23,21.57,40.21,43.78
"sensitivity_dense_wide",11,"sparsified","quantile_2","parent_group_lasso_grpreg","equal_parent","grpreg_approximate_df_excluding_intercept",100,1,0.86,1,0.76,20.14,40.28,40.29,80.58
"sensitivity_dense_wide",11,"sparsified","quantile_2","parent_group_lasso_grpreg","sqrt_group_size","grpreg_approximate_df_excluding_intercept",100,1,0.87,1,0.74,20.13,40.26,40.31,80.62
"sensitivity_dense_wide",11,"sparsified","quantile_4","component_lasso_glmnet","not_applicable","active_coefficient_count_proxy_excluding_intercept",100,1,0.73,1,0.8,20.33,21.89,40.22,44.88
"sensitivity_dense_wide",11,"sparsified","quantile_4","parent_group_lasso_grpreg","equal_parent","grpreg_approximate_df_excluding_intercept",100,1,0.86,1,0.8,20.18,80.72,40.24,160.96
"sensitivity_dense_wide",11,"sparsified","quantile_4","parent_group_lasso_grpreg","sqrt_group_size","grpreg_approximate_df_excluding_intercept",100,1,0.89,1,0.8,20.12,80.48,40.22,160.88
"sensitivity_dense_wide",11,"sparsified","quantile_8","component_lasso_glmnet","not_applicable","active_coefficient_count_proxy_excluding_intercept",100,1,0.78,1,0.76,20.26,21.97,40.32,45.62
"sensitivity_dense_wide",11,"sparsified","quantile_8","parent_group_lasso_grpreg","equal_parent","grpreg_approximate_df_excluding_intercept",100,1,0.85,1,0.9,20.17,161.35,40.11,320.88
"sensitivity_dense_wide",11,"sparsified","quantile_8","parent_group_lasso_grpreg","sqrt_group_size","grpreg_approximate_df_excluding_intercept",100,1,0.85,1,0.9,20.17,161.36,40.11,320.88
"sensitivity_dense_wide",12,"original","original","component_lasso_glmnet","not_applicable","active_coefficient_count_proxy_excluding_intercept",100,1,0.88,1,0.79,20.18,20.18,40.25,40.25
"sensitivity_dense_wide",12,"original","original","parent_group_lasso_grpreg","equal_parent","grpreg_approximate_df_excluding_intercept",100,1,0.88,1,0.79,20.18,20.18,40.25,40.25
"sensitivity_dense_wide",12,"original","original","parent_group_lasso_grpreg","sqrt_group_size","grpreg_approximate_df_excluding_intercept",100,1,0.88,1,0.79,20.18,20.18,40.25,40.25
"sensitivity_dense_wide",12,"sparsified","equal_width_4","component_lasso_glmnet","not_applicable","active_coefficient_count_proxy_excluding_intercept",100,1,0.7,1,0.78,20.37,21.95,40.26,44.56
"sensitivity_dense_wide",12,"sparsified","equal_width_4","parent_group_lasso_grpreg","equal_parent","grpreg_approximate_df_excluding_intercept",100,1,0.79,1,0.77,20.23,80.92,40.28,161.12
"sensitivity_dense_wide",12,"sparsified","equal_width_4","parent_group_lasso_grpreg","sqrt_group_size","grpreg_approximate_df_excluding_intercept",100,1,0.78,1,0.77,20.25,81,40.34,161.36
"sensitivity_dense_wide",12,"sparsified","quantile_2","component_lasso_glmnet","not_applicable","active_coefficient_count_proxy_excluding_intercept",100,1,0.88,1,0.78,20.14,21.78,40.26,44.3
"sensitivity_dense_wide",12,"sparsified","quantile_2","parent_group_lasso_grpreg","equal_parent","grpreg_approximate_df_excluding_intercept",100,1,0.8,1,0.83,20.23,40.46,40.18,80.36
"sensitivity_dense_wide",12,"sparsified","quantile_2","parent_group_lasso_grpreg","sqrt_group_size","grpreg_approximate_df_excluding_intercept",100,1,0.81,1,0.84,20.22,40.44,40.17,80.34
"sensitivity_dense_wide",12,"sparsified","quantile_4","component_lasso_glmnet","not_applicable","active_coefficient_count_proxy_excluding_intercept",100,1,0.74,1,0.75,20.33,21.75,40.34,44.89
"sensitivity_dense_wide",12,"sparsified","quantile_4","parent_group_lasso_grpreg","equal_parent","grpreg_approximate_df_excluding_intercept",100,1,0.77,1,0.86,20.25,81,40.16,160.64
"sensitivity_dense_wide",12,"sparsified","quantile_4","parent_group_lasso_grpreg","sqrt_group_size","grpreg_approximate_df_excluding_intercept",100,1,0.78,1,0.81,20.25,81,40.21,160.84
"sensitivity_dense_wide",12,"sparsified","quantile_8","component_lasso_glmnet","not_applicable","active_coefficient_count_proxy_excluding_intercept",100,1,0.83,1,0.79,20.2,21.54,40.25,44.84
"sensitivity_dense_wide",12,"sparsified","quantile_8","parent_group_lasso_grpreg","equal_parent","grpreg_approximate_df_excluding_intercept",100,1,0.78,1,0.94,20.24,161.92,40.06,320.48
"sensitivity_dense_wide",12,"sparsified","quantile_8","parent_group_lasso_grpreg","sqrt_group_size","grpreg_approximate_df_excluding_intercept",100,1,0.81,1,0.94,20.2,161.6,40.06,320.48
"sensitivity_dense_wide",13,"original","original","component_lasso_glmnet","not_applicable","active_coefficient_count_proxy_excluding_intercept",100,1,1,1,0.74,10,10,20.32,20.32
"sensitivity_dense_wide",13,"original","original","parent_group_lasso_grpreg","equal_parent","grpreg_approximate_df_excluding_intercept",100,1,1,1,0.74,10,10,20.32,20.32
"sensitivity_dense_wide",13,"original","original","parent_group_lasso_grpreg","sqrt_group_size","grpreg_approximate_df_excluding_intercept",100,1,1,1,0.74,10,10,20.32,20.32
"sensitivity_dense_wide",13,"sparsified","equal_width_4","component_lasso_glmnet","not_applicable","active_coefficient_count_proxy_excluding_intercept",100,1,0.94,1,0.75,10.08,25.63,20.28,47.21
"sensitivity_dense_wide",13,"sparsified","equal_width_4","parent_group_lasso_grpreg","equal_parent","grpreg_approximate_df_excluding_intercept",100,1,1,1,0.76,10,40,20.29,81.16
"sensitivity_dense_wide",13,"sparsified","equal_width_4","parent_group_lasso_grpreg","sqrt_group_size","grpreg_approximate_df_excluding_intercept",100,1,1,1,0.76,10,40,20.29,81.16
"sensitivity_dense_wide",13,"sparsified","quantile_2","component_lasso_glmnet","not_applicable","active_coefficient_count_proxy_excluding_intercept",100,1,1,1,0.79,10,17.34,20.24,30.7
"sensitivity_dense_wide",13,"sparsified","quantile_2","parent_group_lasso_grpreg","equal_parent","grpreg_approximate_df_excluding_intercept",100,1,1,1,0.7,10,20,20.39,40.78
"sensitivity_dense_wide",13,"sparsified","quantile_2","parent_group_lasso_grpreg","sqrt_group_size","grpreg_approximate_df_excluding_intercept",100,1,1,1,0.7,10,20,20.39,40.78
"sensitivity_dense_wide",13,"sparsified","quantile_4","component_lasso_glmnet","not_applicable","active_coefficient_count_proxy_excluding_intercept",100,1,0.98,1,0.74,10.02,17.84,20.31,38.58
"sensitivity_dense_wide",13,"sparsified","quantile_4","parent_group_lasso_grpreg","equal_parent","grpreg_approximate_df_excluding_intercept",100,1,0.98,1,0.77,10.02,40.08,20.26,81.04
"sensitivity_dense_wide",13,"sparsified","quantile_4","parent_group_lasso_grpreg","sqrt_group_size","grpreg_approximate_df_excluding_intercept",100,1,0.98,1,0.77,10.02,40.08,20.26,81.04
"sensitivity_dense_wide",13,"sparsified","quantile_8","component_lasso_glmnet","not_applicable","active_coefficient_count_proxy_excluding_intercept",100,1,0.91,1,0.77,10.09,21.15,20.31,45.23
"sensitivity_dense_wide",13,"sparsified","quantile_8","parent_group_lasso_grpreg","equal_parent","grpreg_approximate_df_excluding_intercept",100,1,0.93,1,0.81,10.07,80.56,20.27,162.16
"sensitivity_dense_wide",13,"sparsified","quantile_8","parent_group_lasso_grpreg","sqrt_group_size","grpreg_approximate_df_excluding_intercept",100,1,0.97,1,0.74,10.03,80.24,20.39,163.11
"sensitivity_dense_wide",14,"original","original","component_lasso_glmnet","not_applicable","active_coefficient_count_proxy_excluding_intercept",100,1,0.97,1,0.82,10.03,10.03,20.19,20.19
"sensitivity_dense_wide",14,"original","original","parent_group_lasso_grpreg","equal_parent","grpreg_approximate_df_excluding_intercept",100,1,0.97,1,0.82,10.03,10.03,20.19,20.19
"sensitivity_dense_wide",14,"original","original","parent_group_lasso_grpreg","sqrt_group_size","grpreg_approximate_df_excluding_intercept",100,1,0.97,1,0.82,10.03,10.03,20.19,20.19
"sensitivity_dense_wide",14,"sparsified","equal_width_4","component_lasso_glmnet","not_applicable","active_coefficient_count_proxy_excluding_intercept",100,1,0.97,1,0.77,10.03,20.54,20.23,44.96
"sensitivity_dense_wide",14,"sparsified","equal_width_4","parent_group_lasso_grpreg","equal_parent","grpreg_approximate_df_excluding_intercept",100,1,0.96,1,0.75,10.04,40.16,20.27,81.08
"sensitivity_dense_wide",14,"sparsified","equal_width_4","parent_group_lasso_grpreg","sqrt_group_size","grpreg_approximate_df_excluding_intercept",100,1,0.96,1,0.73,10.04,40.16,20.3,81.2
"sensitivity_dense_wide",14,"sparsified","quantile_2","component_lasso_glmnet","not_applicable","active_coefficient_count_proxy_excluding_intercept",100,1,0.96,1,0.82,10.05,17.16,20.2,30.73
"sensitivity_dense_wide",14,"sparsified","quantile_2","parent_group_lasso_grpreg","equal_parent","grpreg_approximate_df_excluding_intercept",100,1,0.98,1,0.72,10.02,20.04,20.32,40.64
"sensitivity_dense_wide",14,"sparsified","quantile_2","parent_group_lasso_grpreg","sqrt_group_size","grpreg_approximate_df_excluding_intercept",100,1,0.98,1,0.72,10.02,20.04,20.32,40.64
"sensitivity_dense_wide",14,"sparsified","quantile_4","component_lasso_glmnet","not_applicable","active_coefficient_count_proxy_excluding_intercept",100,1,0.94,1,0.71,10.06,17.11,20.33,36.83
"sensitivity_dense_wide",14,"sparsified","quantile_4","parent_group_lasso_grpreg","equal_parent","grpreg_approximate_df_excluding_intercept",100,1,0.96,1,0.81,10.04,40.16,20.22,80.88
"sensitivity_dense_wide",14,"sparsified","quantile_4","parent_group_lasso_grpreg","sqrt_group_size","grpreg_approximate_df_excluding_intercept",100,1,0.97,1,0.81,10.03,40.12,20.22,80.88
"sensitivity_dense_wide",14,"sparsified","quantile_8","component_lasso_glmnet","not_applicable","active_coefficient_count_proxy_excluding_intercept",100,1,0.84,1,0.72,10.16,18.43,20.31,41.65
"sensitivity_dense_wide",14,"sparsified","quantile_8","parent_group_lasso_grpreg","equal_parent","grpreg_approximate_df_excluding_intercept",100,1,0.86,1,0.71,10.15,81.2,20.37,162.96
"sensitivity_dense_wide",14,"sparsified","quantile_8","parent_group_lasso_grpreg","sqrt_group_size","grpreg_approximate_df_excluding_intercept",100,1,0.94,1,0.71,10.06,80.48,20.34,162.72
"sensitivity_dense_wide",15,"original","original","component_lasso_glmnet","not_applicable","active_coefficient_count_proxy_excluding_intercept",100,1,0.89,1,0.92,10.12,10.12,20.08,20.08
"sensitivity_dense_wide",15,"original","original","parent_group_lasso_grpreg","equal_parent","grpreg_approximate_df_excluding_intercept",100,1,0.89,1,0.92,10.12,10.12,20.08,20.08
"sensitivity_dense_wide",15,"original","original","parent_group_lasso_grpreg","sqrt_group_size","grpreg_approximate_df_excluding_intercept",100,1,0.89,1,0.92,10.12,10.12,20.08,20.08
"sensitivity_dense_wide",15,"sparsified","equal_width_4","component_lasso_glmnet","not_applicable","active_coefficient_count_proxy_excluding_intercept",100,1,0.81,1,0.83,10.19,13.61,20.21,29.81
"sensitivity_dense_wide",15,"sparsified","equal_width_4","parent_group_lasso_grpreg","equal_parent","grpreg_approximate_df_excluding_intercept",100,1,0.87,1,0.78,10.15,40.6,20.25,81
"sensitivity_dense_wide",15,"sparsified","equal_width_4","parent_group_lasso_grpreg","sqrt_group_size","grpreg_approximate_df_excluding_intercept",100,1,0.93,1,0.78,10.08,40.32,20.26,81.04
"sensitivity_dense_wide",15,"sparsified","quantile_2","component_lasso_glmnet","not_applicable","active_coefficient_count_proxy_excluding_intercept",100,1,0.91,1,0.88,10.09,13.69,20.12,27.49
"sensitivity_dense_wide",15,"sparsified","quantile_2","parent_group_lasso_grpreg","equal_parent","grpreg_approximate_df_excluding_intercept",100,1,0.95,1,0.89,10.05,20.1,20.14,40.28
"sensitivity_dense_wide",15,"sparsified","quantile_2","parent_group_lasso_grpreg","sqrt_group_size","grpreg_approximate_df_excluding_intercept",100,1,0.94,1,0.88,10.06,20.12,20.15,40.3
"sensitivity_dense_wide",15,"sparsified","quantile_4","component_lasso_glmnet","not_applicable","active_coefficient_count_proxy_excluding_intercept",100,1,0.83,1,0.84,10.19,13.33,20.16,27.95
"sensitivity_dense_wide",15,"sparsified","quantile_4","parent_group_lasso_grpreg","equal_parent","grpreg_approximate_df_excluding_intercept",100,1,0.85,1,0.77,10.15,40.6,20.31,81.24
"sensitivity_dense_wide",15,"sparsified","quantile_4","parent_group_lasso_grpreg","sqrt_group_size","grpreg_approximate_df_excluding_intercept",100,1,0.86,1,0.85,10.14,40.56,20.17,80.68
"sensitivity_dense_wide",15,"sparsified","quantile_8","component_lasso_glmnet","not_applicable","active_coefficient_count_proxy_excluding_intercept",100,1,0.84,1,0.8,10.17,13.39,20.29,29.7
"sensitivity_dense_wide",15,"sparsified","quantile_8","parent_group_lasso_grpreg","equal_parent","grpreg_approximate_df_excluding_intercept",100,1,0.84,1,0.85,10.17,81.36,20.21,161.68
"sensitivity_dense_wide",15,"sparsified","quantile_8","parent_group_lasso_grpreg","sqrt_group_size","grpreg_approximate_df_excluding_intercept",100,1,0.89,1,0.77,10.11,80.88,20.28,162.24
"sensitivity_dense_wide",16,"original","original","component_lasso_glmnet","not_applicable","active_coefficient_count_proxy_excluding_intercept",100,1,0.91,1,0.89,10.1,10.1,20.12,20.12
"sensitivity_dense_wide",16,"original","original","parent_group_lasso_grpreg","equal_parent","grpreg_approximate_df_excluding_intercept",100,1,0.91,1,0.89,10.1,10.1,20.12,20.12
"sensitivity_dense_wide",16,"original","original","parent_group_lasso_grpreg","sqrt_group_size","grpreg_approximate_df_excluding_intercept",100,1,0.91,1,0.89,10.1,10.1,20.12,20.12
"sensitivity_dense_wide",16,"sparsified","equal_width_4","component_lasso_glmnet","not_applicable","active_coefficient_count_proxy_excluding_intercept",100,1,0.85,1,0.82,10.16,13.36,20.21,29.58
"sensitivity_dense_wide",16,"sparsified","equal_width_4","parent_group_lasso_grpreg","equal_parent","grpreg_approximate_df_excluding_intercept",100,1,0.83,1,0.84,10.17,40.68,20.17,80.68
"sensitivity_dense_wide",16,"sparsified","equal_width_4","parent_group_lasso_grpreg","sqrt_group_size","grpreg_approximate_df_excluding_intercept",100,1,0.87,1,0.87,10.16,40.64,20.15,80.6
"sensitivity_dense_wide",16,"sparsified","quantile_2","component_lasso_glmnet","not_applicable","active_coefficient_count_proxy_excluding_intercept",100,1,0.94,1,0.88,10.06,14.66,20.12,28.44
"sensitivity_dense_wide",16,"sparsified","quantile_2","parent_group_lasso_grpreg","equal_parent","grpreg_approximate_df_excluding_intercept",100,1,0.93,1,0.87,10.08,20.16,20.16,40.32
"sensitivity_dense_wide",16,"sparsified","quantile_2","parent_group_lasso_grpreg","sqrt_group_size","grpreg_approximate_df_excluding_intercept",100,1,0.93,1,0.87,10.08,20.16,20.16,40.32
"sensitivity_dense_wide",16,"sparsified","quantile_4","component_lasso_glmnet","not_applicable","active_coefficient_count_proxy_excluding_intercept",100,1,0.85,1,0.85,10.15,13.48,20.16,27.65
"sensitivity_dense_wide",16,"sparsified","quantile_4","parent_group_lasso_grpreg","equal_parent","grpreg_approximate_df_excluding_intercept",100,1,0.91,1,0.8,10.1,40.4,20.22,80.88
"sensitivity_dense_wide",16,"sparsified","quantile_4","parent_group_lasso_grpreg","sqrt_group_size","grpreg_approximate_df_excluding_intercept",100,1,0.94,1,0.81,10.06,40.24,20.21,80.84
"sensitivity_dense_wide",16,"sparsified","quantile_8","component_lasso_glmnet","not_applicable","active_coefficient_count_proxy_excluding_intercept",100,1,0.83,1,0.78,10.18,13.17,20.28,29.36
"sensitivity_dense_wide",16,"sparsified","quantile_8","parent_group_lasso_grpreg","equal_parent","grpreg_approximate_df_excluding_intercept",100,1,0.9,1,0.75,10.11,80.88,20.33,162.64
"sensitivity_dense_wide",16,"sparsified","quantile_8","parent_group_lasso_grpreg","sqrt_group_size","grpreg_approximate_df_excluding_intercept",100,1,0.89,1,0.84,10.11,80.88,20.2,161.6
