"path_specification","dimension","correlation","scheme","result_rows","complete_three_method_fits","incomplete_fits","mean_generated_features","mean_raw_density","median_elapsed_seconds"
"primary_controlled","n=100, p=20","independent","original",100,100,0,20,1,0.00999999999999801
"primary_controlled","n=100, p=20","independent","quantile_2",100,100,0,40,0.5,0.0200000000000031
"primary_controlled","n=100, p=20","independent","quantile_4",100,100,0,80,0.25,0.0600000000000023
"primary_controlled","n=100, p=20","independent","quantile_8",100,100,0,160,0.125,0.119999999999999
"primary_controlled","n=100, p=20","independent","equal_width_4",100,100,0,80,0.25,0.0600000000000023
"primary_controlled","n=100, p=20","ar1_rho_0.5","original",100,100,0,20,1,0.0100000000000193
"primary_controlled","n=100, p=20","ar1_rho_0.5","quantile_2",100,100,0,40,0.5,0.0200000000000102
"primary_controlled","n=100, p=20","ar1_rho_0.5","quantile_4",100,100,0,80,0.25,0.0600000000000023
"primary_controlled","n=100, p=20","ar1_rho_0.5","quantile_8",100,100,0,160,0.125,0.129999999999995
"primary_controlled","n=100, p=20","ar1_rho_0.5","equal_width_4",100,100,0,80,0.25,0.0599999999999881
"primary_controlled","n=100, p=20","ar1_rho_0.9","original",100,100,0,20,1,0.0100000000000193
"primary_controlled","n=100, p=20","ar1_rho_0.9","quantile_2",100,100,0,40,0.5,0.0300000000000011
"primary_controlled","n=100, p=20","ar1_rho_0.9","quantile_4",100,100,0,80,0.25,0.0699999999999932
"primary_controlled","n=100, p=20","ar1_rho_0.9","quantile_8",100,100,0,160,0.125,0.140000000000015
"primary_controlled","n=100, p=20","ar1_rho_0.9","equal_width_4",100,100,0,80,0.25,0.0649999999999977
"primary_controlled","n=100, p=20","block","original",100,100,0,20,1,0.0300000000000296
"primary_controlled","n=100, p=20","block","quantile_2",100,100,0,40,0.5,0.0799999999999841
"primary_controlled","n=100, p=20","block","quantile_4",100,100,0,80,0.25,0.199999999999989
"primary_controlled","n=100, p=20","block","quantile_8",100,100,0,160,0.125,0.430000000000007
"primary_controlled","n=100, p=20","block","equal_width_4",100,100,0,80,0.25,0.21999999999997
"primary_controlled","n=100, p=100","independent","original",100,100,0,100,1,0.419999999999987
"primary_controlled","n=100, p=100","independent","quantile_2",100,100,0,200,0.5,0.450000000000045
"primary_controlled","n=100, p=100","independent","quantile_4",100,100,0,400,0.25,0.619999999999891
"primary_controlled","n=100, p=100","independent","quantile_8",100,100,0,800,0.125,0.950000000000045
"primary_controlled","n=100, p=100","independent","equal_width_4",100,100,0,400,0.25,0.634999999999934
"primary_controlled","n=100, p=100","ar1_rho_0.5","original",100,100,0,100,1,0.399999999999864
"primary_controlled","n=100, p=100","ar1_rho_0.5","quantile_2",100,100,0,200,0.5,0.430000000000064
"primary_controlled","n=100, p=100","ar1_rho_0.5","quantile_4",100,100,0,400,0.25,0.584999999999923
"primary_controlled","n=100, p=100","ar1_rho_0.5","quantile_8",100,100,0,800,0.125,0.8900000000001
"primary_controlled","n=100, p=100","ar1_rho_0.5","equal_width_4",100,100,0,400,0.25,0.585000000000036
"primary_controlled","n=100, p=100","ar1_rho_0.9","original",100,100,0,100,1,0.285000000000082
"primary_controlled","n=100, p=100","ar1_rho_0.9","quantile_2",100,100,0,200,0.5,0.334999999999923
"primary_controlled","n=100, p=100","ar1_rho_0.9","quantile_4",100,100,0,400,0.25,0.434999999999945
"primary_controlled","n=100, p=100","ar1_rho_0.9","quantile_8",100,100,0,800,0.125,0.574999999999932
"primary_controlled","n=100, p=100","ar1_rho_0.9","equal_width_4",100,100,0,400,0.25,0.445000000000164
"primary_controlled","n=100, p=100","block","original",100,100,0,100,1,0.345000000000027
"primary_controlled","n=100, p=100","block","quantile_2",100,100,0,200,0.5,0.389999999999873
"primary_controlled","n=100, p=100","block","quantile_4",100,100,0,400,0.25,0.510000000000218
"primary_controlled","n=100, p=100","block","quantile_8",100,100,0,800,0.125,0.7650000000001
"primary_controlled","n=100, p=100","block","equal_width_4",100,100,0,400,0.25,0.550000000000182
"primary_controlled","n=100, p=200","independent","original",100,100,0,200,1,0.375
"primary_controlled","n=100, p=200","independent","quantile_2",100,100,0,400,0.5,0.5
"primary_controlled","n=100, p=200","independent","quantile_4",100,100,0,800,0.25,0.775000000000091
"primary_controlled","n=100, p=200","independent","quantile_8",100,100,0,1600,0.125,1.32999999999993
"primary_controlled","n=100, p=200","independent","equal_width_4",100,100,0,800,0.25,0.804999999999836
"primary_controlled","n=100, p=200","ar1_rho_0.5","original",100,100,0,200,1,0.464999999999691
"primary_controlled","n=100, p=200","ar1_rho_0.5","quantile_2",100,100,0,400,0.5,0.640000000000327
"primary_controlled","n=100, p=200","ar1_rho_0.5","quantile_4",100,100,0,800,0.25,0.9399999999996
"primary_controlled","n=100, p=200","ar1_rho_0.5","quantile_8",100,100,0,1600,0.125,1.5949999999998
"primary_controlled","n=100, p=200","ar1_rho_0.5","equal_width_4",100,100,0,800,0.25,0.9399999999996
"primary_controlled","n=100, p=200","ar1_rho_0.9","original",100,100,0,200,1,0.220000000000255
"primary_controlled","n=100, p=200","ar1_rho_0.9","quantile_2",100,100,0,400,0.5,0.304999999999836
"primary_controlled","n=100, p=200","ar1_rho_0.9","quantile_4",100,100,0,800,0.25,0.420000000000073
"primary_controlled","n=100, p=200","ar1_rho_0.9","quantile_8",100,100,0,1600,0.125,0.695000000000164
"primary_controlled","n=100, p=200","ar1_rho_0.9","equal_width_4",100,100,0,800,0.25,0.4399999999996
"primary_controlled","n=100, p=200","block","original",100,100,0,200,1,0.180000000000291
"primary_controlled","n=100, p=200","block","quantile_2",100,100,0,400,0.5,0.269999999999982
"primary_controlled","n=100, p=200","block","quantile_4",100,100,0,800,0.25,0.399999999999636
"primary_controlled","n=100, p=200","block","quantile_8",100,100,0,1600,0.125,0.649999999999636
"primary_controlled","n=100, p=200","block","equal_width_4",100,100,0,800,0.25,0.399999999999636
"primary_controlled","n=500, p=100","independent","original",100,100,0,100,1,0.220000000000255
"primary_controlled","n=500, p=100","independent","quantile_2",100,100,0,200,0.5,0.770000000000437
"primary_controlled","n=500, p=100","independent","quantile_4",100,100,0,400,0.25,3.9050000000002
"primary_controlled","n=500, p=100","independent","quantile_8",100,100,0,800,0.125,10.8000000000006
"primary_controlled","n=500, p=100","independent","equal_width_4",100,100,0,400,0.25,3.79500000000007
"primary_controlled","n=500, p=100","ar1_rho_0.5","original",100,100,0,100,1,0.220000000001164
"primary_controlled","n=500, p=100","ar1_rho_0.5","quantile_2",100,100,0,200,0.5,0.789999999999054
"primary_controlled","n=500, p=100","ar1_rho_0.5","quantile_4",100,100,0,400,0.25,3.92499999999927
"primary_controlled","n=500, p=100","ar1_rho_0.5","quantile_8",100,100,0,800,0.125,10.915
"primary_controlled","n=500, p=100","ar1_rho_0.5","equal_width_4",100,100,0,400,0.25,3.86000000000058
"primary_controlled","n=500, p=100","ar1_rho_0.9","original",100,100,0,100,0.9999998,0.235000000000582
"primary_controlled","n=500, p=100","ar1_rho_0.9","quantile_2",100,100,0,200,0.5,0.819999999999709
"primary_controlled","n=500, p=100","ar1_rho_0.9","quantile_4",100,100,0,400,0.25,4.03000000000065
"primary_controlled","n=500, p=100","ar1_rho_0.9","quantile_8",100,100,0,800,0.125,10.4850000000006
"primary_controlled","n=500, p=100","ar1_rho_0.9","equal_width_4",100,100,0,400,0.25,4.10999999999967
"primary_controlled","n=500, p=100","block","original",100,100,0,100,1,0.229999999999563
"primary_controlled","n=500, p=100","block","quantile_2",100,100,0,200,0.5,0.780000000000655
"primary_controlled","n=500, p=100","block","quantile_4",100,100,0,400,0.25,3.91000000000167
"primary_controlled","n=500, p=100","block","quantile_8",100,100,0,800,0.125,10.6300000000001
"primary_controlled","n=500, p=100","block","equal_width_4",100,100,0,400,0.25,3.89000000000033
"sensitivity_dense_wide","n=100, p=20","independent","original",100,100,0,20,1,0.0200000000004366
"sensitivity_dense_wide","n=100, p=20","independent","quantile_2",100,100,0,40,0.5,0.0399999999990541
"sensitivity_dense_wide","n=100, p=20","independent","quantile_4",100,100,0,80,0.25,0.169999999999163
"sensitivity_dense_wide","n=100, p=20","independent","quantile_8",100,100,0,160,0.125,0.319999999999709
"sensitivity_dense_wide","n=100, p=20","independent","equal_width_4",100,100,0,80,0.25,0.160000000001673
"sensitivity_dense_wide","n=100, p=20","ar1_rho_0.5","original",100,100,0,20,1,0.0200000000004366
"sensitivity_dense_wide","n=100, p=20","ar1_rho_0.5","quantile_2",100,100,0,40,0.5,0.0499999999992724
"sensitivity_dense_wide","n=100, p=20","ar1_rho_0.5","quantile_4",100,100,0,80,0.25,0.159999999999854
"sensitivity_dense_wide","n=100, p=20","ar1_rho_0.5","quantile_8",100,100,0,160,0.125,0.324999999999818
"sensitivity_dense_wide","n=100, p=20","ar1_rho_0.5","equal_width_4",100,100,0,80,0.25,0.164999999999054
"sensitivity_dense_wide","n=100, p=20","ar1_rho_0.9","original",100,100,0,20,1,0.0300000000006548
"sensitivity_dense_wide","n=100, p=20","ar1_rho_0.9","quantile_2",100,100,0,40,0.5,0.0799999999999272
"sensitivity_dense_wide","n=100, p=20","ar1_rho_0.9","quantile_4",100,100,0,80,0.25,0.270000000000437
"sensitivity_dense_wide","n=100, p=20","ar1_rho_0.9","quantile_8",100,100,0,160,0.125,0.409999999999854
"sensitivity_dense_wide","n=100, p=20","ar1_rho_0.9","equal_width_4",100,100,0,80,0.25,0.270000000000437
"sensitivity_dense_wide","n=100, p=20","block","original",100,100,0,20,1,0.0299999999988358
"sensitivity_dense_wide","n=100, p=20","block","quantile_2",100,100,0,40,0.5,0.0600000000013097
"sensitivity_dense_wide","n=100, p=20","block","quantile_4",100,100,0,80,0.25,0.209999999999127
"sensitivity_dense_wide","n=100, p=20","block","quantile_8",100,100,0,160,0.125,0.389999999999418
"sensitivity_dense_wide","n=100, p=20","block","equal_width_4",100,100,0,80,0.25,0.229999999999563
"sensitivity_dense_wide","n=100, p=100","independent","original",100,100,0,100,1,0.389999999999418
"sensitivity_dense_wide","n=100, p=100","independent","quantile_2",100,100,0,200,0.5,0.290000000000873
"sensitivity_dense_wide","n=100, p=100","independent","quantile_4",100,100,0,400,0.25,0.329999999998108
"sensitivity_dense_wide","n=100, p=100","independent","quantile_8",100,100,0,800,0.125,0.469999999999345
"sensitivity_dense_wide","n=100, p=100","independent","equal_width_4",100,100,0,400,0.25,0.340000000000146
"sensitivity_dense_wide","n=100, p=100","ar1_rho_0.5","original",100,100,0,100,1,0.459999999999127
"sensitivity_dense_wide","n=100, p=100","ar1_rho_0.5","quantile_2",100,100,0,200,0.5,0.319999999999709
"sensitivity_dense_wide","n=100, p=100","ar1_rho_0.5","quantile_4",100,100,0,400,0.25,0.340000000000146
"sensitivity_dense_wide","n=100, p=100","ar1_rho_0.5","quantile_8",100,100,0,800,0.125,0.464999999998327
"sensitivity_dense_wide","n=100, p=100","ar1_rho_0.5","equal_width_4",100,100,0,400,0.25,0.354999999997744
"sensitivity_dense_wide","n=100, p=100","ar1_rho_0.9","original",100,100,0,100,1,0.715000000000146
"sensitivity_dense_wide","n=100, p=100","ar1_rho_0.9","quantile_2",100,100,0,200,0.5,0.530000000002474
"sensitivity_dense_wide","n=100, p=100","ar1_rho_0.9","quantile_4",100,100,0,400,0.25,0.450000000000728
"sensitivity_dense_wide","n=100, p=100","ar1_rho_0.9","quantile_8",100,100,0,800,0.125,0.515000000001237
"sensitivity_dense_wide","n=100, p=100","ar1_rho_0.9","equal_width_4",100,100,0,400,0.25,0.459999999999127
"sensitivity_dense_wide","n=100, p=100","block","original",100,100,0,100,1,0.5
"sensitivity_dense_wide","n=100, p=100","block","quantile_2",100,100,0,200,0.5,0.400000000001455
"sensitivity_dense_wide","n=100, p=100","block","quantile_4",100,100,0,400,0.25,0.399999999997817
"sensitivity_dense_wide","n=100, p=100","block","quantile_8",100,100,0,800,0.125,0.469999999999345
"sensitivity_dense_wide","n=100, p=100","block","equal_width_4",100,100,0,400,0.25,0.409999999999854
"sensitivity_dense_wide","n=100, p=200","independent","original",100,100,0,200,1,0.284999999999854
"sensitivity_dense_wide","n=100, p=200","independent","quantile_2",100,100,0,400,0.5,0.330000000001746
"sensitivity_dense_wide","n=100, p=200","independent","quantile_4",100,100,0,800,0.25,0.459999999999127
"sensitivity_dense_wide","n=100, p=200","independent","quantile_8",100,100,0,1600,0.125,0.729999999999563
"sensitivity_dense_wide","n=100, p=200","independent","equal_width_4",100,100,0,800,0.25,0.469999999997526
"sensitivity_dense_wide","n=100, p=200","ar1_rho_0.5","original",100,100,0,200,1,0.345000000001164
"sensitivity_dense_wide","n=100, p=200","ar1_rho_0.5","quantile_2",100,100,0,400,0.5,0.370000000002619
"sensitivity_dense_wide","n=100, p=200","ar1_rho_0.5","quantile_4",100,100,0,800,0.25,0.475000000000364
"sensitivity_dense_wide","n=100, p=200","ar1_rho_0.5","quantile_8",100,100,0,1600,0.125,0.770000000000437
"sensitivity_dense_wide","n=100, p=200","ar1_rho_0.5","equal_width_4",100,100,0,800,0.25,0.490000000001601
"sensitivity_dense_wide","n=100, p=200","ar1_rho_0.9","original",100,100,0,200,1,0.639999999999418
"sensitivity_dense_wide","n=100, p=200","ar1_rho_0.9","quantile_2",100,100,0,400,0.5,0.569999999999709
"sensitivity_dense_wide","n=100, p=200","ar1_rho_0.9","quantile_4",100,100,0,800,0.25,0.580000000001746
"sensitivity_dense_wide","n=100, p=200","ar1_rho_0.9","quantile_8",100,100,0,1600,0.125,0.840000000000146
"sensitivity_dense_wide","n=100, p=200","ar1_rho_0.9","equal_width_4",100,100,0,800,0.25,0.600000000002183
"sensitivity_dense_wide","n=100, p=200","block","original",100,100,0,200,1,0.530000000000655
"sensitivity_dense_wide","n=100, p=200","block","quantile_2",100,100,0,400,0.5,0.529999999998836
"sensitivity_dense_wide","n=100, p=200","block","quantile_4",100,100,0,800,0.25,0.610000000000582
"sensitivity_dense_wide","n=100, p=200","block","quantile_8",100,100,0,1600,0.125,0.900000000001455
"sensitivity_dense_wide","n=100, p=200","block","equal_width_4",100,100,0,800,0.25,0.639999999999418
"sensitivity_dense_wide","n=500, p=100","independent","original",100,100,0,100,1,0.270000000000437
"sensitivity_dense_wide","n=500, p=100","independent","quantile_2",100,100,0,200,0.5,0.930000000000291
"sensitivity_dense_wide","n=500, p=100","independent","quantile_4",100,100,0,400,0.25,4.7549999999992
"sensitivity_dense_wide","n=500, p=100","independent","quantile_8",100,100,0,800,0.125,12.4799999999996
"sensitivity_dense_wide","n=500, p=100","independent","equal_width_4",100,100,0,400,0.25,4.625
"sensitivity_dense_wide","n=500, p=100","ar1_rho_0.5","original",100,100,0,100,1,0.299999999999272
"sensitivity_dense_wide","n=500, p=100","ar1_rho_0.5","quantile_2",100,100,0,200,0.5,1.05999999999767
"sensitivity_dense_wide","n=500, p=100","ar1_rho_0.5","quantile_4",100,100,0,400,0.25,5.07500000000073
"sensitivity_dense_wide","n=500, p=100","ar1_rho_0.5","quantile_8",100,100,0,800,0.125,13.130000000001
"sensitivity_dense_wide","n=500, p=100","ar1_rho_0.5","equal_width_4",100,100,0,400,0.25,4.94499999999971
"sensitivity_dense_wide","n=500, p=100","ar1_rho_0.9","original",100,100,0,100,0.9999998,0.605000000001382
"sensitivity_dense_wide","n=500, p=100","ar1_rho_0.9","quantile_2",100,100,0,200,0.5,1.68999999999869
"sensitivity_dense_wide","n=500, p=100","ar1_rho_0.9","quantile_4",100,100,0,400,0.25,6.80999999999949
"sensitivity_dense_wide","n=500, p=100","ar1_rho_0.9","quantile_8",100,100,0,800,0.125,14.1750000000011
"sensitivity_dense_wide","n=500, p=100","ar1_rho_0.9","equal_width_4",100,100,0,400,0.25,6.36999999999898
"sensitivity_dense_wide","n=500, p=100","block","original",100,100,0,100,1,0.804999999998472
"sensitivity_dense_wide","n=500, p=100","block","quantile_2",100,100,0,200,0.5,2.43999999999869
"sensitivity_dense_wide","n=500, p=100","block","quantile_4",100,100,0,400,0.25,10.4699999999993
"sensitivity_dense_wide","n=500, p=100","block","quantile_8",100,100,0,800,0.125,23.6100000000006
"sensitivity_dense_wide","n=500, p=100","block","equal_width_4",100,100,0,400,0.25,10.0450000000055
