"dimension","correlation","scheme","metric","replications","mean","sd","se","ci_lower","ci_upper"
"n=100, p=20","independent","quantile_2","delta_mean_entry_tau",100,0.000883892610690311,0.00348946509200021,0.000348946509200021,0.00019995745265827,0.00156782776872235
"n=100, p=20","independent","quantile_2","delta_mean_jaccard_s",100,0,0.0157926456559711,0.00157926456559711,-0.00309535854857034,0.00309535854857034
"n=100, p=20","independent","quantile_2","delta_mean_jaccard_2s",100,0.00303030303030303,0.0217497140171295,0.00217497140171295,-0.00123264091705435,0.00729324697766042
"n=100, p=20","independent","quantile_4","delta_mean_entry_tau",100,0.000247769886217235,0.00397703374401856,0.000397703374401856,-0.000531728727610402,0.00102726850004487
"n=100, p=20","independent","quantile_4","delta_mean_jaccard_s",100,-0.00222222222222222,0.0222222222222222,0.00222222222222222,-0.00657777777777777,0.00213333333333333
"n=100, p=20","independent","quantile_4","delta_mean_jaccard_2s",100,-0.00333333333333333,0.0321048831059249,0.00321048831059249,-0.0096258904220946,0.00295922375542794
"n=100, p=20","independent","quantile_8","delta_mean_entry_tau",100,-0.00154789595479542,0.00494934301135442,0.000494934301135442,-0.00251796718502089,-0.000577824724569955
"n=100, p=20","independent","quantile_8","delta_mean_jaccard_s",100,-0.013015873015873,0.0411314758494625,0.00411314758494625,-0.0210776422823677,-0.00495410374937836
"n=100, p=20","independent","quantile_8","delta_mean_jaccard_2s",100,-0.00242424242424243,0.0309631198026925,0.00309631198026925,-0.00849301390557016,0.00364452905708531
"n=100, p=20","independent","equal_width_4","delta_mean_entry_tau",100,-0.000102523983340371,0.00450872621705583,0.000450872621705583,-0.000986234321883315,0.000781186355202572
"n=100, p=20","independent","equal_width_4","delta_mean_jaccard_s",100,-0.00444444444444444,0.026986484726618,0.0026986484726618,-0.00973379545086157,0.000844906561972687
"n=100, p=20","independent","equal_width_4","delta_mean_jaccard_2s",100,0.000101010101010104,0.0294403266258789,0.00294403266258789,-0.00566929391766216,0.00587131411968237
"n=100, p=20","ar1_rho_0.5","quantile_2","delta_mean_entry_tau",100,0.0016678280710261,0.00753403958117736,0.000753403958117736,0.000191156313115336,0.00314449982893686
"n=100, p=20","ar1_rho_0.5","quantile_2","delta_mean_jaccard_s",100,0,0.0273536646620739,0.00273536646620739,-0.00536131827376649,0.00536131827376649
"n=100, p=20","ar1_rho_0.5","quantile_2","delta_mean_jaccard_2s",100,-0.00424242424242424,0.0387685519649357,0.00387685519649357,-0.0118410604275516,0.00335621194270316
"n=100, p=20","ar1_rho_0.5","quantile_4","delta_mean_entry_tau",100,0.00119148950304607,0.00669656534910508,0.000669656534910508,-0.000121037305378521,0.00250401631147067
"n=100, p=20","ar1_rho_0.5","quantile_4","delta_mean_jaccard_s",100,-0.00111111111111111,0.0295242232847648,0.00295242232847648,-0.00689785887492501,0.00467563665270279
"n=100, p=20","ar1_rho_0.5","quantile_4","delta_mean_jaccard_2s",100,-0.00121212121212122,0.0298154841117806,0.00298154841117806,-0.00705595609803022,0.00463171367378779
"n=100, p=20","ar1_rho_0.5","quantile_8","delta_mean_entry_tau",100,0.000308356094524259,0.00930437802400445,0.000930437802400445,-0.00151530199818061,0.00213201418722913
"n=100, p=20","ar1_rho_0.5","quantile_8","delta_mean_jaccard_s",100,-0.00694444444444444,0.0356156111078115,0.00356156111078115,-0.0139251042215755,3.62153326866075e-05
"n=100, p=20","ar1_rho_0.5","quantile_8","delta_mean_jaccard_2s",100,-0.00292929292929293,0.0345252573610994,0.00345252573610994,-0.00969624337206841,0.00383765751348254
"n=100, p=20","ar1_rho_0.5","equal_width_4","delta_mean_entry_tau",100,0.000450842975124419,0.00960370453728277,0.000960370453728277,-0.001431483114183,0.00233316906443184
"n=100, p=20","ar1_rho_0.5","equal_width_4","delta_mean_jaccard_s",100,-0.00936507936507936,0.0449010535366065,0.00449010535366065,-0.0181656858582542,-0.000564472871904495
"n=100, p=20","ar1_rho_0.5","equal_width_4","delta_mean_jaccard_2s",100,-0.00111111111111112,0.0310553485612415,0.00310553485612415,-0.00719795942911444,0.00497573720689222
"n=100, p=20","ar1_rho_0.9","quantile_2","delta_mean_entry_tau",100,0.0120840362533661,0.0269990020541064,0.00269990020541064,0.00679223185076124,0.017375840655971
"n=100, p=20","ar1_rho_0.9","quantile_2","delta_mean_jaccard_s",100,0.00150793650793651,0.0717236436398728,0.00717236436398728,-0.0125498976454786,0.0155657706613516
"n=100, p=20","ar1_rho_0.9","quantile_2","delta_mean_jaccard_2s",100,-0.0045997890997891,0.108785982927389,0.0108785982927389,-0.0259218417535574,0.0167222635539792
"n=100, p=20","ar1_rho_0.9","quantile_4","delta_mean_entry_tau",100,0.0157660353390492,0.0279727198520483,0.00279727198520483,0.0102833822480477,0.0212486884300507
"n=100, p=20","ar1_rho_0.9","quantile_4","delta_mean_jaccard_s",100,-0.00071428571428571,0.0699761022308857,0.00699761022308857,-0.0144296017515393,0.0130010303229679
"n=100, p=20","ar1_rho_0.9","quantile_4","delta_mean_jaccard_2s",100,0.0336880341880342,0.0889795213581234,0.00889795213581234,0.016248048001842,0.0511280203742264
"n=100, p=20","ar1_rho_0.9","quantile_8","delta_mean_entry_tau",100,0.0188307021854838,0.0259364454925581,0.00259364454925581,0.0137471588689424,0.0239142455020252
"n=100, p=20","ar1_rho_0.9","quantile_8","delta_mean_jaccard_s",100,-0.00182539682539682,0.0708414309469688,0.00708414309469689,-0.0157103172910027,0.0120595236402091
"n=100, p=20","ar1_rho_0.9","quantile_8","delta_mean_jaccard_2s",100,0.0335870240870241,0.0914191233793027,0.00914191233793027,0.0156688759046807,0.0515051722693674
"n=100, p=20","ar1_rho_0.9","equal_width_4","delta_mean_entry_tau",100,0.0156778037669687,0.0265863964403025,0.00265863964403025,0.0104668700646694,0.020888737469268
"n=100, p=20","ar1_rho_0.9","equal_width_4","delta_mean_jaccard_s",100,-0.000396825396825393,0.072549898256529,0.0072549898256529,-0.0146166054551051,0.0138229546614543
"n=100, p=20","ar1_rho_0.9","equal_width_4","delta_mean_jaccard_2s",100,0.0361122766122766,0.0909167786614207,0.00909167786614207,0.0182925879946381,0.0539319652299151
"n=100, p=20","block","quantile_2","delta_mean_entry_tau",100,0.00771885844485981,0.0261074497316572,0.00261074497316572,0.002601798297455,0.0128359185922646
"n=100, p=20","block","quantile_2","delta_mean_jaccard_s",100,-0.00142857142857143,0.0472754963213806,0.00472754963213806,-0.010694568707562,0.00783742585041917
"n=100, p=20","block","quantile_2","delta_mean_jaccard_2s",100,0.00550699300699301,0.0774596171627873,0.00774596171627873,-0.0096750919569133,0.0206890779708993
"n=100, p=20","block","quantile_4","delta_mean_entry_tau",100,0.00856243754190324,0.022697869425828,0.0022697869425828,0.00411365513444096,0.0130112199493655
"n=100, p=20","block","quantile_4","delta_mean_jaccard_s",100,-0.00555555555555555,0.0507181878907024,0.00507181878907024,-0.0154963203821332,0.00438520927102212
"n=100, p=20","block","quantile_4","delta_mean_jaccard_2s",100,0.012020202020202,0.0667136073160388,0.00667136073160388,-0.00105566501374158,0.0250960690541456
"n=100, p=20","block","quantile_8","delta_mean_entry_tau",100,0.00962841858258316,0.0215195471863788,0.00215195471863788,0.00541058733405292,0.0138462498311134
"n=100, p=20","block","quantile_8","delta_mean_jaccard_s",100,-0.00476190476190476,0.0385190999432831,0.00385190999432831,-0.0123116483507883,0.00278783882697874
"n=100, p=20","block","quantile_8","delta_mean_jaccard_2s",100,0.0173737373737374,0.0619705345363717,0.00619705345363717,0.00522751260460852,0.0295199621428662
"n=100, p=20","block","equal_width_4","delta_mean_entry_tau",100,0.00303050563171176,0.0261672149982598,0.00261672149982598,-0.00209826850794715,0.00815927977137067
"n=100, p=20","block","equal_width_4","delta_mean_jaccard_s",100,-0.000317460317460315,0.0459589855807828,0.00459589855807828,-0.00932542149129374,0.0086905008563731
"n=100, p=20","block","equal_width_4","delta_mean_jaccard_2s",100,-0.00635392385392385,0.090277754351565,0.0090277754351565,-0.0240483637068306,0.0113405159989829
"n=100, p=100","independent","quantile_2","delta_mean_entry_tau",100,-0.0137678348996042,0.0257194621278421,0.00257194621278421,-0.0188088494766613,-0.00872682032254714
"n=100, p=100","independent","quantile_2","delta_mean_jaccard_s",100,-0.0073970473970474,0.0342819942288287,0.00342819942288287,-0.0141163182658978,-0.000677776528196969
"n=100, p=100","independent","quantile_2","delta_mean_jaccard_2s",100,-0.00300897170462388,0.0249987575617499,0.00249987575617499,-0.00790872818672686,0.0018907847774791
"n=100, p=100","independent","quantile_4","delta_mean_entry_tau",100,-0.0105608255272016,0.0267361143204944,0.00267361143204944,-0.0158011039340185,-0.00532054712038468
"n=100, p=100","independent","quantile_4","delta_mean_jaccard_s",100,-0.0109324009324009,0.0361760590909301,0.00361760590909301,-0.0180229085142232,-0.00384189335057863
"n=100, p=100","independent","quantile_4","delta_mean_jaccard_2s",100,-0.00594516594516595,0.0242045670842528,0.00242045670842528,-0.0106892610936795,-0.00120107079665239
"n=100, p=100","independent","quantile_8","delta_mean_entry_tau",100,-0.00393361567928396,0.0238481952104924,0.00238481952104924,-0.00860786194054046,0.000740630581972553
"n=100, p=100","independent","quantile_8","delta_mean_jaccard_s",100,-0.0172183372183372,0.0405235110253415,0.00405235110253415,-0.0251609453793042,-0.00927572905737028
"n=100, p=100","independent","quantile_8","delta_mean_jaccard_2s",100,-0.00799799234581844,0.0269466916684943,0.00269466916684943,-0.0132795439128433,-0.00271644077879355
"n=100, p=100","independent","equal_width_4","delta_mean_entry_tau",100,-0.0112628751679151,0.0255265920139531,0.00255265920139531,-0.0162660872026499,-0.00625966313318031
"n=100, p=100","independent","equal_width_4","delta_mean_jaccard_s",100,-0.0142424242424243,0.0368304055927957,0.00368304055927957,-0.0214611837386122,-0.0070236647462363
"n=100, p=100","independent","equal_width_4","delta_mean_jaccard_2s",100,-0.010262877219399,0.0329732428091777,0.00329732428091777,-0.0167256328099978,-0.00380012162880013
"n=100, p=100","ar1_rho_0.5","quantile_2","delta_mean_entry_tau",100,-0.0104588308332459,0.03377571243465,0.003377571243465,-0.0170788704704373,-0.00383879119605451
"n=100, p=100","ar1_rho_0.5","quantile_2","delta_mean_jaccard_s",100,-0.00404040404040404,0.0425169402336663,0.00425169402336663,-0.0123737243262026,0.00429291624539455
"n=100, p=100","ar1_rho_0.5","quantile_2","delta_mean_jaccard_2s",100,0.000739381391555303,0.0366459442545704,0.00366459442545704,-0.0064432236823405,0.0079219864654511
"n=100, p=100","ar1_rho_0.5","quantile_4","delta_mean_entry_tau",100,0.00155489699546134,0.028967228772284,0.0028967228772284,-0.00412267984390632,0.007232473834829
"n=100, p=100","ar1_rho_0.5","quantile_4","delta_mean_jaccard_s",100,-0.00535353535353536,0.0370636017930451,0.00370636017930451,-0.0126180013049722,0.00191093059790149
"n=100, p=100","ar1_rho_0.5","quantile_4","delta_mean_jaccard_2s",100,0.00446608946608946,0.031474171590157,0.0031474171590157,-0.00170284816558131,0.0106350270977602
"n=100, p=100","ar1_rho_0.5","quantile_8","delta_mean_entry_tau",100,0.0104204095293273,0.0286031207874151,0.00286031207874151,0.00481419785499394,0.0160266212036607
"n=100, p=100","ar1_rho_0.5","quantile_8","delta_mean_jaccard_s",100,-0.006993006993007,0.0412627769011666,0.00412627769011666,-0.0150805112656357,0.00109449727962166
"n=100, p=100","ar1_rho_0.5","quantile_8","delta_mean_jaccard_2s",100,-0.000169709517535608,0.0340984097278506,0.00340984097278506,-0.00685299782419432,0.00651357878912311
"n=100, p=100","ar1_rho_0.5","equal_width_4","delta_mean_entry_tau",100,0.00103411598744767,0.0292743128925513,0.00292743128925513,-0.00470364933949239,0.00677188131438773
"n=100, p=100","ar1_rho_0.5","equal_width_4","delta_mean_jaccard_s",100,-0.00406371406371407,0.0413469108145457,0.00413469108145457,-0.012167708583365,0.00404028045593689
"n=100, p=100","ar1_rho_0.5","equal_width_4","delta_mean_jaccard_2s",100,0.00445165945165945,0.0324888312115903,0.00324888312115903,-0.00191615146581225,0.0108194703691312
"n=100, p=100","ar1_rho_0.9","quantile_2","delta_mean_entry_tau",100,0.0083405356592532,0.0389838260610095,0.00389838260610095,0.000699705751295345,0.015981365567211
"n=100, p=100","ar1_rho_0.9","quantile_2","delta_mean_jaccard_s",100,0.00578671328671328,0.0807037487539692,0.00807037487539692,-0.0100312214690647,0.0216046480424912
"n=100, p=100","ar1_rho_0.9","quantile_2","delta_mean_jaccard_2s",100,0.0309782632826111,0.0851596730962613,0.00851596730962613,0.0142869673557439,0.0476695592094783
"n=100, p=100","ar1_rho_0.9","quantile_4","delta_mean_entry_tau",100,0.0338309925247765,0.0396787509745982,0.00396787509745982,0.0260539573337553,0.0416080277157978
"n=100, p=100","ar1_rho_0.9","quantile_4","delta_mean_jaccard_s",100,0.0146406371406371,0.072541389896183,0.0072541389896183,0.000422524720985269,0.028858749560289
"n=100, p=100","ar1_rho_0.9","quantile_4","delta_mean_jaccard_2s",100,0.06195244610462,0.0821573915935631,0.00821573915935631,0.0458495973522816,0.0780552948569584
"n=100, p=100","ar1_rho_0.9","quantile_8","delta_mean_entry_tau",100,0.0565262995362108,0.0387326138070633,0.00387326138070633,0.0489347072300264,0.0641178918423952
"n=100, p=100","ar1_rho_0.9","quantile_8","delta_mean_jaccard_s",100,0.0149436674436674,0.0726777465018633,0.00726777465018633,0.00069882912930223,0.0291885057580327
"n=100, p=100","ar1_rho_0.9","quantile_8","delta_mean_jaccard_2s",100,0.0694331393244437,0.0910936716373832,0.00910936716373832,0.0515787796835166,0.0872874989653708
"n=100, p=100","ar1_rho_0.9","equal_width_4","delta_mean_entry_tau",100,0.0372148036442525,0.0445763725566067,0.00445763725566066,0.0284778346231576,0.0459517726653474
"n=100, p=100","ar1_rho_0.9","equal_width_4","delta_mean_jaccard_s",100,0.0154234654234654,0.0676547903562161,0.00676547903562161,0.00216312651364706,0.0286838043332838
"n=100, p=100","ar1_rho_0.9","equal_width_4","delta_mean_jaccard_2s",100,0.0663899892378153,0.0907213896173533,0.00907213896173533,0.0486085968728141,0.0841713816028166
"n=100, p=100","block","quantile_2","delta_mean_entry_tau",100,-0.00819968937665736,0.0401629019517671,0.00401629019517671,-0.0160716181592037,-0.000327760594111015
"n=100, p=100","block","quantile_2","delta_mean_jaccard_s",100,0.000580808080808073,0.0610327198213381,0.00610327198213381,-0.0113816050041742,0.0125432211657903
"n=100, p=100","block","quantile_2","delta_mean_jaccard_2s",100,0.025740076348772,0.0885611729996281,0.00885611729996281,0.0083820864408449,0.0430980662566991
"n=100, p=100","block","quantile_4","delta_mean_entry_tau",100,0.0112349648861923,0.0393650477468253,0.00393650477468253,0.00351941552781458,0.0189505142445701
"n=100, p=100","block","quantile_4","delta_mean_jaccard_s",100,0.00982323232323232,0.0550171654126488,0.00550171654126488,-0.000960132097646844,0.0206065967441115
"n=100, p=100","block","quantile_4","delta_mean_jaccard_2s",100,0.0385115802072324,0.0876222173765838,0.00876222173765838,0.0213376256014219,0.0556855348130428
"n=100, p=100","block","quantile_8","delta_mean_entry_tau",100,0.0315620409033334,0.0391711754201407,0.00391711754201407,0.0238844905209858,0.0392395912856809
"n=100, p=100","block","quantile_8","delta_mean_jaccard_s",100,0.00945415695415695,0.0633892224183942,0.00633892224183942,-0.00297013063984831,0.0218784445481622
"n=100, p=100","block","quantile_8","delta_mean_jaccard_2s",100,0.0457544310761702,0.083433273369569,0.0083433273369569,0.0294015094957347,0.0621073526566057
"n=100, p=100","block","equal_width_4","delta_mean_entry_tau",100,0.00362383218397068,0.0387399571224405,0.00387399571224405,-0.00396919941202765,0.011216863779969
"n=100, p=100","block","equal_width_4","delta_mean_jaccard_s",100,0.0163888888888889,0.0587523175799822,0.00587523175799822,0.00487343464321237,0.0279043431345654
"n=100, p=100","block","equal_width_4","delta_mean_jaccard_2s",100,0.0486147861800036,0.0836831514850446,0.00836831514850446,0.0322128884889348,0.0650166838710723
"n=100, p=200","independent","quantile_2","delta_mean_entry_tau",100,0.00250802161844787,0.0300911305321203,0.00300911305321203,-0.00338983996584771,0.00840588320274344
"n=100, p=200","independent","quantile_2","delta_mean_jaccard_s",100,-0.00390708325490934,0.0277464665744948,0.00277464665744948,-0.00934539070351033,0.00153122419369164
"n=100, p=200","independent","quantile_2","delta_mean_jaccard_2s",100,-0.0095116262699927,0.0324193803099844,0.00324193803099844,-0.0158658248107496,-0.00315742772923575
"n=100, p=200","independent","quantile_4","delta_mean_entry_tau",100,0.0134035874692367,0.028472989071708,0.0028472989071708,0.00782288161118194,0.0189842933272915
"n=100, p=200","independent","quantile_4","delta_mean_jaccard_s",100,-0.0064508438421482,0.029422826132264,0.0029422826132264,-0.0122177177640719,-0.000683969920224448
"n=100, p=200","independent","quantile_4","delta_mean_jaccard_2s",100,-0.0102993468160797,0.0348880550052744,0.00348880550052744,-0.0171374055971134,-0.00346128803504588
"n=100, p=200","independent","quantile_8","delta_mean_entry_tau",100,0.0147114876321508,0.0312636027155981,0.00312636027155981,0.00858382149989353,0.020839153764408
"n=100, p=200","independent","quantile_8","delta_mean_jaccard_s",100,-0.00591191417278374,0.0297268985060665,0.00297268985060665,-0.0117383862799728,-8.54420655947152e-05
"n=100, p=200","independent","quantile_8","delta_mean_jaccard_2s",100,-0.014106358400743,0.0406438168813007,0.00406438168813007,-0.0220725465094779,-0.00614017029200804
"n=100, p=200","independent","equal_width_4","delta_mean_entry_tau",100,0.0112474319848053,0.0284648172120494,0.00284648172120494,0.0056683278112436,0.016826536158367
"n=100, p=200","independent","equal_width_4","delta_mean_jaccard_s",100,-0.00966630591630592,0.0342705779578308,0.00342705779578308,-0.0163833391960408,-0.00294927263657109
"n=100, p=200","independent","equal_width_4","delta_mean_jaccard_2s",100,-0.0117134475784504,0.0378551113508954,0.00378551113508954,-0.0191330494032259,-0.00429384575367492
"n=100, p=200","ar1_rho_0.5","quantile_2","delta_mean_entry_tau",100,0.0102271397528395,0.0297163107961816,0.00297163107961816,0.00440274283678786,0.0160515366688911
"n=100, p=200","ar1_rho_0.5","quantile_2","delta_mean_jaccard_s",100,0.00123031557814166,0.0308823801221782,0.00308823801221782,-0.00482263092580527,0.0072832620820886
"n=100, p=200","ar1_rho_0.5","quantile_2","delta_mean_jaccard_2s",100,-0.000558433373521294,0.0438639730762236,0.00438639730762236,-0.00915577209646111,0.00803890534941852
"n=100, p=200","ar1_rho_0.5","quantile_4","delta_mean_entry_tau",100,0.0292579565174496,0.0336737595762444,0.00336737595762444,0.0226578996405057,0.0358580133943936
"n=100, p=200","ar1_rho_0.5","quantile_4","delta_mean_jaccard_s",100,-0.00319825585042977,0.0340491280740177,0.00340491280740177,-0.00987188495293724,0.0034753732520777
"n=100, p=200","ar1_rho_0.5","quantile_4","delta_mean_jaccard_2s",100,0.00787261672173754,0.0423414065049168,0.00423414065049168,-0.000426298953226156,0.0161715323967012
"n=100, p=200","ar1_rho_0.5","quantile_8","delta_mean_entry_tau",100,0.0296775781321156,0.0302299935735952,0.00302299935735952,0.0237524993916909,0.0356026568725403
"n=100, p=200","ar1_rho_0.5","quantile_8","delta_mean_jaccard_s",100,-0.00162337662337663,0.0357541386010061,0.00357541386010061,-0.00863118778917382,0.00538443454242056
"n=100, p=200","ar1_rho_0.5","quantile_8","delta_mean_jaccard_2s",100,0.00258275322710944,0.0441963649678318,0.00441963649678318,-0.00607973430658559,0.0112452407608045
"n=100, p=200","ar1_rho_0.5","equal_width_4","delta_mean_entry_tau",100,0.0249088497552446,0.0293246833455869,0.00293246833455869,0.0191612118195096,0.0306564876909797
"n=100, p=200","ar1_rho_0.5","equal_width_4","delta_mean_jaccard_s",100,-0.00238471673254282,0.0303743556995354,0.00303743556995354,-0.00833809044965177,0.00356865698456612
"n=100, p=200","ar1_rho_0.5","equal_width_4","delta_mean_jaccard_2s",100,0.00404868336008439,0.0417400828287557,0.00417400828287557,-0.00413237287435172,0.0122297395945205
"n=100, p=200","ar1_rho_0.9","quantile_2","delta_mean_entry_tau",100,0.0243642299904322,0.0429863211544313,0.00429863211544313,0.0159389110441636,0.0327895489367007
"n=100, p=200","ar1_rho_0.9","quantile_2","delta_mean_jaccard_s",100,0.0344002055915099,0.0798472484848046,0.00798472484848046,0.0187501448884882,0.0500502662945316
"n=100, p=200","ar1_rho_0.9","quantile_2","delta_mean_jaccard_2s",100,0.0400525218374966,0.0793481555928665,0.00793481555928665,0.0245002833412947,0.0556047603336984
"n=100, p=200","ar1_rho_0.9","quantile_4","delta_mean_entry_tau",100,0.0730538563854475,0.0460178553189076,0.00460178553189076,0.0640343567429416,0.0820733560279534
"n=100, p=200","ar1_rho_0.9","quantile_4","delta_mean_jaccard_s",100,0.0525487720009459,0.0787815778472685,0.00787815778472685,0.0371075827428813,0.0679899612590105
"n=100, p=200","ar1_rho_0.9","quantile_4","delta_mean_jaccard_2s",100,0.100667395977892,0.0812137243927503,0.00812137243927503,0.0847495059969129,0.116585285958871
"n=100, p=200","ar1_rho_0.9","quantile_8","delta_mean_entry_tau",100,0.0937219023854167,0.0391966443517114,0.00391966443517114,0.0860393600924813,0.101404444678352
"n=100, p=200","ar1_rho_0.9","quantile_8","delta_mean_jaccard_s",100,0.0583486967139141,0.0785595912331258,0.00785595912331258,0.0429510168322215,0.0737463765956067
"n=100, p=200","ar1_rho_0.9","quantile_8","delta_mean_jaccard_2s",100,0.123369887309309,0.0792954778717529,0.00792954778717529,0.107827973646446,0.138911800972173
"n=100, p=200","ar1_rho_0.9","equal_width_4","delta_mean_entry_tau",100,0.0677976800686012,0.0396176309900107,0.00396176309900107,0.0600326243945591,0.0755627357426433
"n=100, p=200","ar1_rho_0.9","equal_width_4","delta_mean_jaccard_s",100,0.0603801917888874,0.0770760246575806,0.00770760246575806,0.0452732909560016,0.0754870926217732
"n=100, p=200","ar1_rho_0.9","equal_width_4","delta_mean_jaccard_2s",100,0.112219378668267,0.0813352162198964,0.00813352162198964,0.0962776762891671,0.128161081047367
"n=100, p=200","block","quantile_2","delta_mean_entry_tau",100,0.00667805916225043,0.038504762186678,0.0038504762186678,-0.000868874226338463,0.0142249925508393
"n=100, p=200","block","quantile_2","delta_mean_jaccard_s",100,0.0034883869753435,0.0724675293995244,0.00724675293995244,-0.0107152487869633,0.0176920227376503
"n=100, p=200","block","quantile_2","delta_mean_jaccard_2s",100,0.0111631469274095,0.08664385809819,0.008664385809819,-0.00581904925983572,0.0281453431146548
"n=100, p=200","block","quantile_4","delta_mean_entry_tau",100,0.0486036546574888,0.0394236371968171,0.00394236371968171,0.0408766217669127,0.056330687548065
"n=100, p=200","block","quantile_4","delta_mean_jaccard_s",100,0.0163045140849489,0.0643720726115171,0.00643720726115171,0.00368758785309151,0.0289214403168062
"n=100, p=200","block","quantile_4","delta_mean_jaccard_2s",100,0.0600868895900779,0.0755724136630887,0.00755724136630887,0.0452746965121125,0.0748990826680433
"n=100, p=200","block","quantile_8","delta_mean_entry_tau",100,0.0709835247959101,0.0390176074016691,0.00390176074016691,0.063336073745183,0.0786309758466373
"n=100, p=200","block","quantile_8","delta_mean_jaccard_s",100,0.0289238753999624,0.0566705085766552,0.00566705085766552,0.0178164557189379,0.0400312950809868
"n=100, p=200","block","quantile_8","delta_mean_jaccard_2s",100,0.088563840059808,0.0661034511710202,0.00661034511710202,0.075607563630288,0.101520116489328
"n=100, p=200","block","equal_width_4","delta_mean_entry_tau",100,0.0483675791610062,0.0419482540764373,0.00419482540764373,0.0401457213620245,0.0565894369599879
"n=100, p=200","block","equal_width_4","delta_mean_jaccard_s",100,0.0178585638998682,0.0625090545414335,0.00625090545414335,0.00560678920974727,0.0301103385899892
"n=100, p=200","block","equal_width_4","delta_mean_jaccard_2s",100,0.067953631488079,0.074427487283409,0.0074427487283409,0.0533658439805308,0.0825414189956272
"n=500, p=100","independent","quantile_2","delta_mean_entry_tau",100,0.00510914947199271,0.00294513896556033,0.000294513896556033,0.00453190223474289,0.00568639670924254
"n=500, p=100","independent","quantile_2","delta_mean_jaccard_s",100,0,0,0,0,0
"n=500, p=100","independent","quantile_2","delta_mean_jaccard_2s",100,-0.0019298575820315,0.0265574017580137,0.00265574017580137,-0.00713510832660219,0.0032753931625392
"n=500, p=100","independent","quantile_4","delta_mean_entry_tau",100,0.00432775585393827,0.00300117762706937,0.000300117762706937,0.00373952503903267,0.00491598666884387
"n=500, p=100","independent","quantile_4","delta_mean_jaccard_s",100,-0.00121212121212121,0.00852759358401757,0.000852759358401757,-0.00288352955458866,0.00045928713034623
"n=500, p=100","independent","quantile_4","delta_mean_jaccard_2s",100,-0.00147562582345191,0.0267265488991321,0.00267265488991321,-0.0067140294076818,0.00376277776077798
"n=500, p=100","independent","quantile_8","delta_mean_entry_tau",100,0.00347326742689833,0.00345350806202282,0.000345350806202282,0.00279637984674186,0.00415015500705481
"n=500, p=100","independent","quantile_8","delta_mean_jaccard_s",100,-0.00717171717171718,0.0210658592372814,0.00210658592372814,-0.0113006255822243,-0.00304280876121003
"n=500, p=100","independent","quantile_8","delta_mean_jaccard_2s",100,-0.000735930735930737,0.03037746093104,0.003037746093104,-0.00668991307841457,0.0052180516065531
"n=500, p=100","independent","equal_width_4","delta_mean_entry_tau",100,0.00411429012199768,0.00338766169329954,0.000338766169329954,0.00345030843011097,0.00477827181388439
"n=500, p=100","independent","equal_width_4","delta_mean_jaccard_s",100,-0.00525252525252525,0.020175474856484,0.0020175474856484,-0.00920691832439612,-0.00129813218065439
"n=500, p=100","independent","equal_width_4","delta_mean_jaccard_2s",100,-0.000981240981240981,0.0269986188935218,0.00269986188935218,-0.00627297028437125,0.00431048832188929
"n=500, p=100","ar1_rho_0.5","quantile_2","delta_mean_entry_tau",100,0.00944589741244136,0.00603424178730336,0.000603424178730336,0.0082631860221299,0.0106286088027528
"n=500, p=100","ar1_rho_0.5","quantile_2","delta_mean_jaccard_s",100,-0.00171717171717172,0.0175281257540841,0.00175281257540841,-0.0051526843649722,0.00171834093062877
"n=500, p=100","ar1_rho_0.5","quantile_2","delta_mean_jaccard_2s",100,0.000205784553610642,0.0227398327286272,0.00227398327286272,-0.00425122266120028,0.00466279176842157
"n=500, p=100","ar1_rho_0.5","quantile_4","delta_mean_entry_tau",100,0.00719832672877263,0.00860094983811374,0.000860094983811374,0.00551254056050233,0.00888411289704292
"n=500, p=100","ar1_rho_0.5","quantile_4","delta_mean_jaccard_s",100,-0.00353535353535354,0.0202211418534397,0.00202211418534397,-0.00749869733862771,0.000427990267920635
"n=500, p=100","ar1_rho_0.5","quantile_4","delta_mean_jaccard_2s",100,-0.00554112554112554,0.0273191123561381,0.00273191123561381,-0.0108956715629286,-0.000186579519322474
"n=500, p=100","ar1_rho_0.5","quantile_8","delta_mean_entry_tau",100,0.00667888009770231,0.00829583538668064,0.000829583538668064,0.0050528963619129,0.00830486383349171
"n=500, p=100","ar1_rho_0.5","quantile_8","delta_mean_jaccard_s",100,-0.0123232323232323,0.030032462115795,0.0030032462115795,-0.0182095948979281,-0.00643686974853651
"n=500, p=100","ar1_rho_0.5","quantile_8","delta_mean_jaccard_2s",100,-0.00158353723571115,0.0261722561094625,0.00261722561094625,-0.0067132994331658,0.0035462249617435
"n=500, p=100","ar1_rho_0.5","equal_width_4","delta_mean_entry_tau",100,0.00699921926139526,0.00720630097301665,0.000720630097301665,0.005586784270684,0.00841165425210653
"n=500, p=100","ar1_rho_0.5","equal_width_4","delta_mean_jaccard_s",100,-0.00474747474747475,0.0217475815876899,0.00217475815876899,-0.00901000073866197,-0.000484948756287532
"n=500, p=100","ar1_rho_0.5","equal_width_4","delta_mean_jaccard_2s",100,-0.00129493694711086,0.0263849067292556,0.00263849067292556,-0.00646637866604495,0.00387650477182323
"n=500, p=100","ar1_rho_0.9","quantile_2","delta_mean_entry_tau",100,0.05278652748084,0.024005554195435,0.0024005554195435,0.0480814388585347,0.0574916161031452
"n=500, p=100","ar1_rho_0.9","quantile_2","delta_mean_jaccard_s",100,0.000258352758352759,0.057512858055873,0.0057512858055873,-0.0110141674205984,0.0115308729373039
"n=500, p=100","ar1_rho_0.9","quantile_2","delta_mean_jaccard_2s",100,0.0140306794654621,0.0678651630123586,0.00678651630123586,0.000729107515039781,0.0273322514158844
"n=500, p=100","ar1_rho_0.9","quantile_4","delta_mean_entry_tau",100,0.0604250624383058,0.0248246552460679,0.00248246552460679,0.0555594300100765,0.0652906948665351
"n=500, p=100","ar1_rho_0.9","quantile_4","delta_mean_jaccard_s",100,0.000330225330225329,0.0578479511030312,0.00578479511030312,-0.0110079730859688,0.0116684237464194
"n=500, p=100","ar1_rho_0.9","quantile_4","delta_mean_jaccard_2s",100,0.0257986699291047,0.0666796982043239,0.00666796982043239,0.0127294490810572,0.0388678907771522
"n=500, p=100","ar1_rho_0.9","quantile_8","delta_mean_entry_tau",100,0.0667851300546484,0.0218923108643438,0.00218923108643438,0.062494237125237,0.0710760229840598
"n=500, p=100","ar1_rho_0.9","quantile_8","delta_mean_jaccard_s",100,0.00598484848484848,0.0534262032857072,0.00534262032857072,-0.00448668735915013,0.0164563843288471
"n=500, p=100","ar1_rho_0.9","quantile_8","delta_mean_jaccard_2s",100,0.0360697032436163,0.0637243484121061,0.00637243484121061,0.0235797309548435,0.0485596755323891
"n=500, p=100","ar1_rho_0.9","equal_width_4","delta_mean_entry_tau",100,0.0555975270966661,0.0229349203306331,0.00229349203306331,0.051102282711862,0.0600927714814702
"n=500, p=100","ar1_rho_0.9","equal_width_4","delta_mean_jaccard_s",100,0.00648989898989899,0.0468794216457853,0.00468794216457853,-0.00269846765267493,0.0156782656324729
"n=500, p=100","ar1_rho_0.9","equal_width_4","delta_mean_jaccard_2s",100,0.0284459501850806,0.0653821876356916,0.00653821876356916,0.0156310414084851,0.0412608589616762
"n=500, p=100","block","quantile_2","delta_mean_entry_tau",100,0.0335586128851313,0.0176516007826862,0.00176516007826862,0.0300988991317248,0.0370183266385378
"n=500, p=100","block","quantile_2","delta_mean_jaccard_s",100,0.000101010101010101,0.0306746925460008,0.00306746925460008,-0.00591122963800605,0.00611324984002626
"n=500, p=100","block","quantile_2","delta_mean_jaccard_2s",100,0.00684296379948554,0.0423793257208802,0.00423793257208802,-0.00146338404180698,0.0151493116407781
"n=500, p=100","block","quantile_4","delta_mean_entry_tau",100,0.0325150508666873,0.0178634219720111,0.00178634219720111,0.0290138201601731,0.0360162815732015
"n=500, p=100","block","quantile_4","delta_mean_jaccard_s",100,-0.00707070707070708,0.0341109786103085,0.00341109786103085,-0.0137564588783275,-0.000384955263086609
"n=500, p=100","block","quantile_4","delta_mean_jaccard_2s",100,0.00787031808770939,0.0471530248131739,0.00471530248131739,-0.00137167477567269,0.0171123109510915
"n=500, p=100","block","quantile_8","delta_mean_entry_tau",100,0.036120015157334,0.0178222191716921,0.00178222191716921,0.0326268601996824,0.0396131701149857
"n=500, p=100","block","quantile_8","delta_mean_jaccard_s",100,-0.0122455322455323,0.0390420283396132,0.00390420283396132,-0.0198977698000964,-0.00459329469096807
"n=500, p=100","block","quantile_8","delta_mean_jaccard_2s",100,0.0077119016249451,0.0444375888423538,0.00444375888423538,-0.000997865788156251,0.0164216690380465
"n=500, p=100","block","equal_width_4","delta_mean_entry_tau",100,0.027009492907177,0.0191423890063229,0.00191423890063229,0.0232575846619377,0.0307614011524163
"n=500, p=100","block","equal_width_4","delta_mean_jaccard_s",100,-0.0123232323232323,0.0386727323622549,0.00386727323622549,-0.0199030878662343,-0.00474337678023037
"n=500, p=100","block","equal_width_4","delta_mean_jaccard_2s",100,-0.000744400527009227,0.0538714124858581,0.00538714124858581,-0.0113031973742374,0.00981439632021896
