"n","p","dimension","correlation","scheme","metric","paired_difference_mean_primary","paired_difference_ci_lower_primary","paired_difference_ci_upper_primary","paired_difference_mean_sensitivity","paired_difference_ci_lower_sensitivity","paired_difference_ci_upper_sensitivity","absolute_difference","same_sign","primary_direction","sensitivity_direction","same_ci_direction"
100,20,"n=100, p=20","independent","quantile_2","A_entry",0.000883892610690311,0.00019995745265827,0.00156782776872235,-0.000439176341805572,-0.000896954982265838,1.86022986546942e-05,0.00132306895249588,FALSE,"positive","includes_zero",FALSE
100,20,"n=100, p=20","independent","quantile_2","A_set_s",0,-0.00309535854857034,0.00309535854857034,-0.00111111111111111,-0.00328888888888889,0.00106666666666667,0.00111111111111111,FALSE,"includes_zero","includes_zero",TRUE
100,20,"n=100, p=20","independent","quantile_2","A_set_2s",0.00303030303030303,-0.00123264091705435,0.00729324697766042,0.00181818181818182,-0.00212518252508285,0.00576154616144649,0.00121212121212121,TRUE,"includes_zero","includes_zero",TRUE
100,20,"n=100, p=20","independent","quantile_2","F1",-0.02,-0.0330939082145344,-0.00690609178546554,-0.0203030303030303,-0.0333651966538525,-0.00724086395220803,0.000303030303030305,TRUE,"negative","negative",TRUE
100,20,"n=100, p=20","independent","quantile_2","RMSE",0.293042656107239,0.260661638330646,0.325423673883831,0.292920695173558,0.260664591539912,0.325176798807203,0.000121960933680776,TRUE,"positive","positive",TRUE
100,20,"n=100, p=20","independent","quantile_4","A_entry",0.000247769886217235,-0.000531728727610402,0.00102726850004487,-0.000897974731751515,-0.00144963638839773,-0.0003463130751053,0.00114574461796875,FALSE,"includes_zero","negative",FALSE
100,20,"n=100, p=20","independent","quantile_4","A_set_s",-0.00222222222222222,-0.00657777777777777,0.00213333333333333,-0.00666666666666666,-0.0118646575876538,-0.00146867574567948,0.00444444444444444,TRUE,"includes_zero","negative",FALSE
100,20,"n=100, p=20","independent","quantile_4","A_set_2s",-0.00333333333333333,-0.0096258904220946,0.00295922375542794,-0.00111111111111111,-0.00578512708438091,0.00356290486215869,0.00222222222222222,TRUE,"includes_zero","includes_zero",TRUE
100,20,"n=100, p=20","independent","quantile_4","F1",-0.0978181818181817,-0.119028005723165,-0.076608357913198,-0.0982424242424242,-0.119545635939126,-0.0769392125457226,0.000424242424242424,TRUE,"negative","negative",TRUE
100,20,"n=100, p=20","independent","quantile_4","RMSE",0.452839398718561,0.420323476842995,0.485355320594128,0.452583687442718,0.420208545187622,0.484958829697813,0.000255711275843618,TRUE,"positive","positive",TRUE
100,20,"n=100, p=20","independent","quantile_8","A_entry",-0.00154789595479542,-0.00251796718502089,-0.000577824724569955,-0.0024110333857216,-0.00325082019389115,-0.00157124657755205,0.000863137430926177,TRUE,"negative","negative",TRUE
100,20,"n=100, p=20","independent","quantile_8","A_set_s",-0.013015873015873,-0.0210776422823677,-0.00495410374937836,-0.00888888888888888,-0.0148268161301645,-0.00295096164761322,0.00412698412698413,TRUE,"negative","negative",TRUE
100,20,"n=100, p=20","independent","quantile_8","A_set_2s",-0.00242424242424243,-0.00849301390557016,0.00364452905708531,1.10928518974596e-18,-0.00477545240704983,0.00477545240704984,0.00242424242424243,FALSE,"includes_zero","includes_zero",TRUE
100,20,"n=100, p=20","independent","quantile_8","F1",-0.230313131313131,-0.260504029214939,-0.200122233411323,-0.229878787878788,-0.260304386099347,-0.199453189658229,0.000434343434343426,TRUE,"negative","negative",TRUE
100,20,"n=100, p=20","independent","quantile_8","RMSE",0.722512637163652,0.682980860839261,0.762044413488044,0.722013622747482,0.682614399063106,0.761412846431858,0.000499014416170063,TRUE,"positive","positive",TRUE
100,20,"n=100, p=20","independent","equal_width_4","A_entry",-0.000102523983340371,-0.000986234321883315,0.000781186355202572,-0.00153095329459653,-0.00222708192637705,-0.000834824662816007,0.00142842931125616,TRUE,"includes_zero","negative",FALSE
100,20,"n=100, p=20","independent","equal_width_4","A_set_s",-0.00444444444444444,-0.00973379545086157,0.000844906561972687,-0.00666666666666666,-0.0118646575876538,-0.00146867574567948,0.00222222222222222,TRUE,"includes_zero","negative",FALSE
100,20,"n=100, p=20","independent","equal_width_4","A_set_2s",0.000101010101010104,-0.00566929391766216,0.00587131411968237,0.000606060606060608,-0.0040162097771159,0.00522833098923711,0.000505050505050504,TRUE,"includes_zero","includes_zero",TRUE
100,20,"n=100, p=20","independent","equal_width_4","F1",-0.160848484848485,-0.185274830548638,-0.136422139148332,-0.159575757575758,-0.18374849612217,-0.135403019029345,0.00127272727272726,TRUE,"negative","negative",TRUE
100,20,"n=100, p=20","independent","equal_width_4","RMSE",0.604784149464241,0.5714507855154,0.638117513413082,0.604202873396498,0.57096763982348,0.637438106969517,0.000581276067742387,TRUE,"positive","positive",TRUE
100,20,"n=100, p=20","ar1_rho_0.5","quantile_2","A_entry",0.0016678280710261,0.000191156313115336,0.00314449982893686,-0.00079229087119832,-0.0022425995737587,0.000658017831362059,0.00246011894222442,FALSE,"positive","includes_zero",FALSE
100,20,"n=100, p=20","ar1_rho_0.5","quantile_2","A_set_s",0,-0.00536131827376649,0.00536131827376649,0,-0.00536131827376649,0.00536131827376649,0,TRUE,"includes_zero","includes_zero",TRUE
100,20,"n=100, p=20","ar1_rho_0.5","quantile_2","A_set_2s",-0.00424242424242424,-0.0118410604275516,0.00335621194270316,-0.00545454545454546,-0.0128323876017175,0.00192329669262656,0.00121212121212121,TRUE,"includes_zero","includes_zero",TRUE
100,20,"n=100, p=20","ar1_rho_0.5","quantile_2","F1",-0.0653333333333333,-0.0851770332690834,-0.0454896333975832,-0.0652727272727272,-0.0851367258490308,-0.0454087286964237,6.06060606060527e-05,TRUE,"negative","negative",TRUE
100,20,"n=100, p=20","ar1_rho_0.5","quantile_2","RMSE",0.247471706734825,0.21239217639522,0.28255123707443,0.2477541635404,0.212795529242684,0.282712797838116,0.000282456805575509,TRUE,"positive","positive",TRUE
100,20,"n=100, p=20","ar1_rho_0.5","quantile_4","A_entry",0.00119148950304607,-0.000121037305378521,0.00250401631147067,-0.000879897179383594,-0.00197867527253512,0.000218880913767932,0.00207138668242967,FALSE,"includes_zero","includes_zero",TRUE
100,20,"n=100, p=20","ar1_rho_0.5","quantile_4","A_set_s",-0.00111111111111111,-0.00689785887492501,0.00467563665270279,-0.00111111111111111,-0.00689785887492501,0.00467563665270279,0,TRUE,"includes_zero","includes_zero",TRUE
100,20,"n=100, p=20","ar1_rho_0.5","quantile_4","A_set_2s",-0.00121212121212122,-0.00705595609803022,0.00463171367378779,-3.33032755019114e-18,-0.00533911810273922,0.00533911810273921,0.00121212121212121,TRUE,"includes_zero","includes_zero",TRUE
100,20,"n=100, p=20","ar1_rho_0.5","quantile_4","F1",-0.138242424242424,-0.166581875199039,-0.109902973285809,-0.136848484848485,-0.165138345116633,-0.108558624580337,0.00139393939393939,TRUE,"negative","negative",TRUE
100,20,"n=100, p=20","ar1_rho_0.5","quantile_4","RMSE",0.424556094050403,0.387621179944428,0.461491008156377,0.424184202046321,0.387475236355196,0.460893167737447,0.00037189200408122,TRUE,"positive","positive",TRUE
100,20,"n=100, p=20","ar1_rho_0.5","quantile_8","A_entry",0.000308356094524259,-0.00151530199818061,0.00213201418722913,-0.00119801634210224,-0.00286994294414049,0.000473910259936001,0.0015063724366265,FALSE,"includes_zero","includes_zero",TRUE
100,20,"n=100, p=20","ar1_rho_0.5","quantile_8","A_set_s",-0.00694444444444444,-0.0139251042215755,3.62153326866075e-05,-0.00634920634920635,-0.0141222688929783,0.00142385619456558,0.000595238095238096,TRUE,"includes_zero","includes_zero",TRUE
100,20,"n=100, p=20","ar1_rho_0.5","quantile_8","A_set_2s",-0.00292929292929293,-0.00969624337206841,0.00383765751348254,-0.00171717171717172,-0.00828676435900991,0.00485242092466646,0.00121212121212121,TRUE,"includes_zero","includes_zero",TRUE
100,20,"n=100, p=20","ar1_rho_0.5","quantile_8","F1",-0.245375291375291,-0.277504083722277,-0.213246499028306,-0.244989898989899,-0.277114990760309,-0.212864807219489,0.000385392385392369,TRUE,"negative","negative",TRUE
100,20,"n=100, p=20","ar1_rho_0.5","quantile_8","RMSE",0.648031246336655,0.60663340763378,0.68942908503953,0.647859136515322,0.606632184756681,0.689086088273964,0.000172109821332422,TRUE,"positive","positive",TRUE
100,20,"n=100, p=20","ar1_rho_0.5","equal_width_4","A_entry",0.000450842975124419,-0.001431483114183,0.00233316906443184,-0.00102154708770019,-0.00269848239784416,0.000655388222443787,0.00147239006282461,FALSE,"includes_zero","includes_zero",TRUE
100,20,"n=100, p=20","ar1_rho_0.5","equal_width_4","A_set_s",-0.00936507936507936,-0.0181656858582542,-0.000564472871904495,-0.00666666666666666,-0.0134623710968991,0.000129037763565727,0.0026984126984127,TRUE,"negative","includes_zero",FALSE
100,20,"n=100, p=20","ar1_rho_0.5","equal_width_4","A_set_2s",-0.00111111111111112,-0.00719795942911444,0.00497573720689222,-4.44084330940286e-18,-0.00533911810273922,0.00533911810273921,0.00111111111111111,TRUE,"includes_zero","includes_zero",TRUE
100,20,"n=100, p=20","ar1_rho_0.5","equal_width_4","F1",-0.196040404040404,-0.225338382942564,-0.166742425138244,-0.195333333333333,-0.224482109134784,-0.166184557531883,0.000707070707070712,TRUE,"negative","negative",TRUE
100,20,"n=100, p=20","ar1_rho_0.5","equal_width_4","RMSE",0.601845235143345,0.559138539272584,0.644551931014106,0.601625218611927,0.559011203035033,0.644239234188821,0.000220016531417899,TRUE,"positive","positive",TRUE
100,20,"n=100, p=20","ar1_rho_0.9","quantile_2","A_entry",0.0120840362533661,0.00679223185076124,0.017375840655971,-0.00426881642153587,-0.00932907036579853,0.000791437522726799,0.016352852674902,FALSE,"positive","includes_zero",FALSE
100,20,"n=100, p=20","ar1_rho_0.9","quantile_2","A_set_s",0.00150793650793651,-0.0125498976454786,0.0155657706613516,-0.00182539682539682,-0.0157103172910027,0.0120595236402091,0.00333333333333333,FALSE,"includes_zero","includes_zero",TRUE
100,20,"n=100, p=20","ar1_rho_0.9","quantile_2","A_set_2s",-0.0045997890997891,-0.0259218417535574,0.0167222635539792,-0.00546536796536797,-0.026664286181143,0.0157335502504071,0.000865578865578867,TRUE,"includes_zero","includes_zero",TRUE
100,20,"n=100, p=20","ar1_rho_0.9","quantile_2","F1",-0.0845252525252525,-0.115608404085514,-0.0534421009649911,-0.0837373737373738,-0.11496781095529,-0.0525069365194572,0.000787878787878782,TRUE,"negative","negative",TRUE
100,20,"n=100, p=20","ar1_rho_0.9","quantile_2","RMSE",0.213586741852547,0.181453310814819,0.245720172890274,0.213780376298881,0.181595739821885,0.245965012775878,0.000193634446334523,TRUE,"positive","positive",TRUE
100,20,"n=100, p=20","ar1_rho_0.9","quantile_4","A_entry",0.0157660353390492,0.0102833822480477,0.0212486884300507,-0.00118030173732858,-0.00605688141220319,0.00369627793754603,0.0169463370763778,FALSE,"positive","includes_zero",FALSE
100,20,"n=100, p=20","ar1_rho_0.9","quantile_4","A_set_s",-0.00071428571428571,-0.0144296017515393,0.0130010303229679,0.00373015873015873,-0.00848723833800138,0.0159475557983188,0.00444444444444444,FALSE,"includes_zero","includes_zero",TRUE
100,20,"n=100, p=20","ar1_rho_0.9","quantile_4","A_set_2s",0.0336880341880342,0.016248048001842,0.0511280203742264,0.0328982128982129,0.0157106442196211,0.0500857815768047,0.000789821289821288,TRUE,"positive","positive",TRUE
100,20,"n=100, p=20","ar1_rho_0.9","quantile_4","F1",-0.166767676767677,-0.200730808910933,-0.132804544624421,-0.16549494949495,-0.19961933019982,-0.131370568790079,0.00127272727272726,TRUE,"negative","negative",TRUE
100,20,"n=100, p=20","ar1_rho_0.9","quantile_4","RMSE",0.389516051180488,0.345203124728638,0.433828977632339,0.390102840257994,0.345713119379535,0.434492561136453,0.000586789077505812,TRUE,"positive","positive",TRUE
100,20,"n=100, p=20","ar1_rho_0.9","quantile_8","A_entry",0.0188307021854838,0.0137471588689424,0.0239142455020252,0.00195991991443016,-0.00240148113442016,0.00632132096328048,0.0168707822710537,TRUE,"positive","includes_zero",FALSE
100,20,"n=100, p=20","ar1_rho_0.9","quantile_8","A_set_s",-0.00182539682539682,-0.0157103172910027,0.0120595236402091,-0.00373015873015872,-0.0170611459910219,0.00960082853070442,0.0019047619047619,TRUE,"includes_zero","includes_zero",TRUE
100,20,"n=100, p=20","ar1_rho_0.9","quantile_8","A_set_2s",0.0335870240870241,0.0156688759046807,0.0515051722693674,0.0327719502719503,0.0150454815947046,0.0504984189491959,0.000815073815073813,TRUE,"positive","positive",TRUE
100,20,"n=100, p=20","ar1_rho_0.9","quantile_8","F1",-0.217252525252525,-0.257927838848385,-0.176577211656665,-0.217585858585859,-0.258418663496966,-0.176753053674751,0.000333333333333324,TRUE,"negative","negative",TRUE
100,20,"n=100, p=20","ar1_rho_0.9","quantile_8","RMSE",0.581541167814344,0.526031920570881,0.637050415057808,0.581793114337033,0.526192234805526,0.637393993868539,0.00025194652268834,TRUE,"positive","positive",TRUE
100,20,"n=100, p=20","ar1_rho_0.9","equal_width_4","A_entry",0.0156778037669687,0.0104668700646694,0.020888737469268,-0.00167488931818039,-0.00621707729470116,0.00286729865834038,0.0173526930851491,FALSE,"positive","includes_zero",FALSE
100,20,"n=100, p=20","ar1_rho_0.9","equal_width_4","A_set_s",-0.000396825396825393,-0.0146166054551051,0.0138229546614543,-0.00293650793650793,-0.0162861834807599,0.0104131676077441,0.00253968253968254,TRUE,"includes_zero","includes_zero",TRUE
100,20,"n=100, p=20","ar1_rho_0.9","equal_width_4","A_set_2s",0.0361122766122766,0.0182925879946381,0.0539319652299151,0.0353224553224553,0.0177455016914303,0.0528994089534803,0.000789821289821288,TRUE,"positive","positive",TRUE
100,20,"n=100, p=20","ar1_rho_0.9","equal_width_4","F1",-0.23340404040404,-0.274246638758928,-0.192561442049153,-0.233676767676768,-0.274802961426503,-0.192550573927033,0.000272727272727258,TRUE,"negative","negative",TRUE
100,20,"n=100, p=20","ar1_rho_0.9","equal_width_4","RMSE",0.553222617170052,0.499776185171736,0.606669049168368,0.553375347271813,0.499872299328217,0.606878395215408,0.000152730101760867,TRUE,"positive","positive",TRUE
100,20,"n=100, p=20","block","quantile_2","A_entry",0.00771885844485981,0.002601798297455,0.0128359185922646,-0.00319306863589834,-0.0073293638492701,0.000943226577473413,0.0109119270807582,FALSE,"positive","includes_zero",FALSE
100,20,"n=100, p=20","block","quantile_2","A_set_s",-0.00142857142857143,-0.010694568707562,0.00783742585041917,0.00301587301587302,-0.0045234387628982,0.0105551847946442,0.00444444444444444,FALSE,"includes_zero","includes_zero",TRUE
100,20,"n=100, p=20","block","quantile_2","A_set_2s",0.00550699300699301,-0.0096750919569133,0.0206890779708993,0.00603729603729604,-0.00912448317531806,0.0211990752499101,0.00053030303030303,TRUE,"includes_zero","includes_zero",TRUE
100,20,"n=100, p=20","block","quantile_2","F1",-0.0961616161616162,-0.128518756931164,-0.0638044753920683,-0.0962222222222222,-0.128827129167,-0.0636173152774444,6.06060606060527e-05,TRUE,"negative","negative",TRUE
100,20,"n=100, p=20","block","quantile_2","RMSE",0.252167247857353,0.204391715854719,0.299942779859987,0.252621955296008,0.204753503153719,0.300490407438296,0.000454707438655,TRUE,"positive","positive",TRUE
100,20,"n=100, p=20","block","quantile_4","A_entry",0.00856243754190324,0.00411365513444096,0.0130112199493655,-0.00270440673715471,-0.00582629871366005,0.00041748523935062,0.011266844279058,FALSE,"positive","includes_zero",FALSE
100,20,"n=100, p=20","block","quantile_4","A_set_s",-0.00555555555555555,-0.0154963203821332,0.00438520927102212,-0.00555555555555555,-0.015002118993818,0.00389100788270687,0,TRUE,"includes_zero","includes_zero",TRUE
100,20,"n=100, p=20","block","quantile_4","A_set_2s",0.012020202020202,-0.00105566501374158,0.0250960690541456,0.0125252525252525,-0.000402699505128333,0.0254532045556334,0.000505050505050505,TRUE,"includes_zero","includes_zero",TRUE
100,20,"n=100, p=20","block","quantile_4","F1",-0.20740404040404,-0.246977996681034,-0.167830084127047,-0.207646464646465,-0.247505376751774,-0.167787552541155,0.000242424242424238,TRUE,"negative","negative",TRUE
100,20,"n=100, p=20","block","quantile_4","RMSE",0.3973380958755,0.342470961965123,0.452205229785877,0.397102794875317,0.34213925244637,0.452066337304264,0.000235301000182653,TRUE,"positive","positive",TRUE
100,20,"n=100, p=20","block","quantile_8","A_entry",0.00962841858258316,0.00541058733405292,0.0138462498311134,-0.00184893727991848,-0.00474008621525832,0.00104221165542137,0.0114773558625016,FALSE,"positive","includes_zero",FALSE
100,20,"n=100, p=20","block","quantile_8","A_set_s",-0.00476190476190476,-0.0123116483507883,0.00278783882697874,-0.00365079365079365,-0.0102074299824073,0.00290584268081996,0.00111111111111111,TRUE,"includes_zero","includes_zero",TRUE
100,20,"n=100, p=20","block","quantile_8","A_set_2s",0.0173737373737374,0.00522751260460852,0.0295199621428662,0.0172727272727273,0.00498644607158316,0.0295590084738714,0.000101010101010102,TRUE,"positive","positive",TRUE
100,20,"n=100, p=20","block","quantile_8","F1",-0.266585858585859,-0.305828756794045,-0.227342960377672,-0.266585858585859,-0.30587231683335,-0.227299400338367,0,TRUE,"negative","negative",TRUE
100,20,"n=100, p=20","block","quantile_8","RMSE",0.627979494129974,0.569694626909497,0.686264361350451,0.627720153364082,0.56933103195903,0.686109274769134,0.000259340765892402,TRUE,"positive","positive",TRUE
100,20,"n=100, p=20","block","equal_width_4","A_entry",0.00303050563171176,-0.00209826850794715,0.00815927977137067,-0.00777238467059409,-0.0113746087901434,-0.00417016055104474,0.0108028903023059,FALSE,"includes_zero","negative",FALSE
100,20,"n=100, p=20","block","equal_width_4","A_set_s",-0.000317460317460315,-0.00932542149129374,0.0086905008563731,-0.000317460317460315,-0.00877690001315428,0.00814197937823365,0,TRUE,"includes_zero","includes_zero",TRUE
100,20,"n=100, p=20","block","equal_width_4","A_set_2s",-0.00635392385392385,-0.0240483637068306,0.0113405159989829,-0.00722222222222222,-0.0246479295356681,0.0102034850912236,0.000868298368298371,TRUE,"includes_zero","includes_zero",TRUE
100,20,"n=100, p=20","block","equal_width_4","F1",-0.285131313131313,-0.324181933420921,-0.246080692841705,-0.285191919191919,-0.324220797658356,-0.246163040725482,6.06060606060388e-05,TRUE,"negative","negative",TRUE
100,20,"n=100, p=20","block","equal_width_4","RMSE",0.601531174964262,0.536528575281311,0.666533774647213,0.601128439335652,0.536074344488547,0.666182534182757,0.00040273562861004,TRUE,"positive","positive",TRUE
100,100,"n=100, p=100","independent","quantile_2","A_entry",-0.0137678348996042,-0.0188088494766613,-0.00872682032254714,-0.0139366124603697,-0.0190804837179049,-0.00879274120283458,0.00016877756076555,TRUE,"negative","negative",TRUE
100,100,"n=100, p=100","independent","quantile_2","A_set_s",-0.0073970473970474,-0.0141163182658978,-0.000677776528196969,-0.00595959595959596,-0.0116092516717328,-0.000309940247459123,0.00143745143745144,TRUE,"negative","negative",TRUE
100,100,"n=100, p=100","independent","quantile_2","A_set_2s",-0.00300897170462388,-0.00790872818672686,0.0018907847774791,-0.000981240981240981,-0.00557751460036241,0.00361503263788045,0.0020277307233829,TRUE,"includes_zero","includes_zero",TRUE
100,100,"n=100, p=100","independent","quantile_2","F1",-0.076802371541502,-0.0936014252647432,-0.0600033178182608,-0.0764805194805195,-0.0933678657286486,-0.0595931732323905,0.000321852060982494,TRUE,"negative","negative",TRUE
100,100,"n=100, p=100","independent","quantile_2","RMSE",0.317218237356626,0.281926076941674,0.352510397771577,0.31704827498328,0.281651606083793,0.352444943882768,0.000169962373345267,TRUE,"positive","positive",TRUE
100,100,"n=100, p=100","independent","quantile_4","A_entry",-0.0105608255272016,-0.0158011039340185,-0.00532054712038468,-0.0123795367987441,-0.0175884576906725,-0.0071706159068157,0.00181871127154253,TRUE,"negative","negative",TRUE
100,100,"n=100, p=100","independent","quantile_4","A_set_s",-0.0109324009324009,-0.0180229085142232,-0.00384189335057863,-0.00525252525252525,-0.0107197288909824,0.000214678385931898,0.00567987567987568,TRUE,"negative","includes_zero",FALSE
100,100,"n=100, p=100","independent","quantile_4","A_set_2s",-0.00594516594516595,-0.0106892610936795,-0.00120107079665239,-0.00246031746031746,-0.00685600934491227,0.00193537442427735,0.00348484848484849,TRUE,"negative","includes_zero",FALSE
100,100,"n=100, p=100","independent","quantile_4","F1",-0.225207854946985,-0.250484532760569,-0.199931177133402,-0.22620202020202,-0.251550402438333,-0.200853637965707,0.000994165255034818,TRUE,"negative","negative",TRUE
100,100,"n=100, p=100","independent","quantile_4","RMSE",0.588130095273506,0.546875193536142,0.629384997010871,0.587771441277426,0.546510418483783,0.629032464071069,0.000358653996080482,TRUE,"positive","positive",TRUE
100,100,"n=100, p=100","independent","quantile_8","A_entry",-0.00393361567928396,-0.00860786194054046,0.000740630581972553,-0.00617547219019873,-0.0108845019983855,-0.00146644238201196,0.00224185651091478,TRUE,"includes_zero","negative",FALSE
100,100,"n=100, p=100","independent","quantile_8","A_set_s",-0.0172183372183372,-0.0251609453793042,-0.00927572905737028,-0.013962703962704,-0.0211476785249584,-0.00677772940044956,0.00325563325563325,TRUE,"negative","negative",TRUE
100,100,"n=100, p=100","independent","quantile_8","A_set_2s",-0.00799799234581844,-0.0132795439128433,-0.00271644077879355,-0.00126984126984127,-0.00547088312183784,0.0029312005821553,0.00672815107597717,TRUE,"negative","includes_zero",FALSE
100,100,"n=100, p=100","independent","quantile_8","F1",-0.377114624505929,-0.404602280949103,-0.349626968062755,-0.376607691825083,-0.404318252211531,-0.348897131438635,0.000506932680845673,TRUE,"negative","negative",TRUE
100,100,"n=100, p=100","independent","quantile_8","RMSE",0.839970333236654,0.794392647391893,0.885548019081414,0.839140953531602,0.793528176554261,0.884753730508942,0.000829379705052036,TRUE,"positive","positive",TRUE
100,100,"n=100, p=100","independent","equal_width_4","A_entry",-0.0112628751679151,-0.0162660872026499,-0.00625966313318031,-0.0126468348881958,-0.0176331387339908,-0.00766053104240077,0.00138395972028068,TRUE,"negative","negative",TRUE
100,100,"n=100, p=100","independent","equal_width_4","A_set_s",-0.0142424242424243,-0.0214611837386122,-0.0070236647462363,-0.008989898989899,-0.0148581743543059,-0.00312162362549207,0.00525252525252525,TRUE,"negative","negative",TRUE
100,100,"n=100, p=100","independent","equal_width_4","A_set_2s",-0.010262877219399,-0.0167256328099978,-0.00380012162880013,-0.00646715603237343,-0.0122325317317462,-0.000701780333000691,0.00379572118702554,TRUE,"negative","negative",TRUE
100,100,"n=100, p=100","independent","equal_width_4","F1",-0.260083694083694,-0.285988950745168,-0.234178437422221,-0.260262626262626,-0.286376406588545,-0.234148845936707,0.000178932178932167,TRUE,"negative","negative",TRUE
100,100,"n=100, p=100","independent","equal_width_4","RMSE",0.74248840513495,0.698558883667936,0.786417926601965,0.742163704597263,0.698218813280679,0.786108595913847,0.000324700537687406,TRUE,"positive","positive",TRUE
100,100,"n=100, p=100","ar1_rho_0.5","quantile_2","A_entry",-0.0104588308332459,-0.0170788704704373,-0.00383879119605451,-0.0116261727800018,-0.0183538537667034,-0.00489849179330013,0.00116734194675588,TRUE,"negative","negative",TRUE
100,100,"n=100, p=100","ar1_rho_0.5","quantile_2","A_set_s",-0.00404040404040404,-0.0123737243262026,0.00429291624539455,-1.10928247924053e-18,-0.00593606001045351,0.00593606001045351,0.00404040404040404,TRUE,"includes_zero","includes_zero",TRUE
100,100,"n=100, p=100","ar1_rho_0.5","quantile_2","A_set_2s",0.000739381391555303,-0.0064432236823405,0.0079219864654511,0.00316738816738817,-0.0034959346839434,0.00983071101871973,0.00242800677583286,TRUE,"includes_zero","includes_zero",TRUE
100,100,"n=100, p=100","ar1_rho_0.5","quantile_2","F1",-0.0771717171717172,-0.0942000658360538,-0.0601433685073806,-0.0760937950937951,-0.0932224361936247,-0.0589651539939655,0.00107792207792208,TRUE,"negative","negative",TRUE
100,100,"n=100, p=100","ar1_rho_0.5","quantile_2","RMSE",0.290063822327791,0.262728249771225,0.317399394884357,0.290079725444887,0.262901882528926,0.317257568360847,1.59031170957613e-05,TRUE,"positive","positive",TRUE
100,100,"n=100, p=100","ar1_rho_0.5","quantile_4","A_entry",0.00155489699546134,-0.00412267984390632,0.007232473834829,-0.000952853712422805,-0.00676082510889874,0.00485511768405312,0.00250775070788414,FALSE,"includes_zero","includes_zero",TRUE
100,100,"n=100, p=100","ar1_rho_0.5","quantile_4","A_set_s",-0.00535353535353536,-0.0126180013049722,0.00191093059790149,-0.0088888888888889,-0.015673281422861,-0.00210449635491682,0.00353535353535354,TRUE,"includes_zero","negative",FALSE
100,100,"n=100, p=100","ar1_rho_0.5","quantile_4","A_set_2s",0.00446608946608946,-0.00170284816558131,0.0106350270977602,0.00354256854256854,-0.00258264412272092,0.009667781207858,0.000923520923520924,TRUE,"includes_zero","includes_zero",TRUE
100,100,"n=100, p=100","ar1_rho_0.5","quantile_4","F1",-0.206793650793651,-0.228748427955099,-0.184838873632203,-0.206873015873016,-0.228951972375108,-0.184794059370923,7.93650793650957e-05,TRUE,"negative","negative",TRUE
100,100,"n=100, p=100","ar1_rho_0.5","quantile_4","RMSE",0.54373170379829,0.509121961957219,0.57834144563936,0.543427680702755,0.508928004813432,0.577927356592078,0.0003040230955349,TRUE,"positive","positive",TRUE
100,100,"n=100, p=100","ar1_rho_0.5","quantile_8","A_entry",0.0104204095293273,0.00481419785499394,0.0160266212036607,0.00729586463898353,0.00158378368307031,0.0130079455948967,0.00312454489034377,TRUE,"positive","positive",TRUE
100,100,"n=100, p=100","ar1_rho_0.5","quantile_8","A_set_s",-0.006993006993007,-0.0150805112656357,0.00109449727962166,-0.00595959595959597,-0.0130343191940686,0.00111512727487669,0.00103341103341103,TRUE,"includes_zero","includes_zero",TRUE
100,100,"n=100, p=100","ar1_rho_0.5","quantile_8","A_set_2s",-0.000169709517535608,-0.00685299782419432,0.00651357878912311,0.00265135830353221,-0.00384292486764397,0.0091456414747084,0.00282106782106782,FALSE,"includes_zero","includes_zero",TRUE
100,100,"n=100, p=100","ar1_rho_0.5","quantile_8","F1",-0.370042599912165,-0.398489617655019,-0.341595582169312,-0.369282828282828,-0.398010325993266,-0.340555330572391,0.000759771629336825,TRUE,"negative","negative",TRUE
100,100,"n=100, p=100","ar1_rho_0.5","quantile_8","RMSE",0.807432786883029,0.767403406443752,0.847462167322306,0.806758522446187,0.766773509177566,0.846743535714808,0.000674264436842265,TRUE,"positive","positive",TRUE
100,100,"n=100, p=100","ar1_rho_0.5","equal_width_4","A_entry",0.00103411598744767,-0.00470364933949239,0.00677188131438773,-0.000795878378209145,-0.00656265184616815,0.00497089508974986,0.00182999436565681,FALSE,"includes_zero","includes_zero",TRUE
100,100,"n=100, p=100","ar1_rho_0.5","equal_width_4","A_set_s",-0.00406371406371407,-0.012167708583365,0.00404028045593689,-0.00353535353535354,-0.00963182091642007,0.002561113845713,0.000528360528360531,TRUE,"includes_zero","includes_zero",TRUE
100,100,"n=100, p=100","ar1_rho_0.5","equal_width_4","A_set_2s",0.00445165945165945,-0.00191615146581225,0.0108194703691312,0.00513708513708513,-0.00102987391037141,0.0113040441845417,0.000685425685425685,TRUE,"includes_zero","includes_zero",TRUE
100,100,"n=100, p=100","ar1_rho_0.5","equal_width_4","F1",-0.271451157538114,-0.295862003684934,-0.247040311391294,-0.271486291486291,-0.296062759975977,-0.246909822996606,3.51339481773905e-05,TRUE,"negative","negative",TRUE
100,100,"n=100, p=100","ar1_rho_0.5","equal_width_4","RMSE",0.712385943039273,0.670856366389272,0.753915519689274,0.711939994134273,0.670479169893013,0.753400818375534,0.000445948904999605,TRUE,"positive","positive",TRUE
100,100,"n=100, p=100","ar1_rho_0.9","quantile_2","A_entry",0.0083405356592532,0.000699705751295345,0.015981365567211,-0.00696773427904085,-0.0149778857196501,0.00104241716156842,0.015308269938294,FALSE,"positive","includes_zero",FALSE
100,100,"n=100, p=100","ar1_rho_0.9","quantile_2","A_set_s",0.00578671328671328,-0.0100312214690647,0.0216046480424912,0.00777777777777778,-0.00689108551771627,0.0224466410732718,0.0019910644910645,TRUE,"includes_zero","includes_zero",TRUE
100,100,"n=100, p=100","ar1_rho_0.9","quantile_2","A_set_2s",0.0309782632826111,0.0142869673557439,0.0476695592094783,0.0312214121627165,0.0140605531724414,0.0483822711529917,0.000243148880105404,TRUE,"positive","positive",TRUE
100,100,"n=100, p=100","ar1_rho_0.9","quantile_2","F1",-0.0725959595959596,-0.093747169119123,-0.0514447500727962,-0.0732496392496392,-0.0943471967605269,-0.0521520817387516,0.000653679653679656,TRUE,"negative","negative",TRUE
100,100,"n=100, p=100","ar1_rho_0.9","quantile_2","RMSE",0.289761804837173,0.2575794483971,0.321944161277246,0.289887693878439,0.257630436598572,0.322144951158307,0.000125889041266924,TRUE,"positive","positive",TRUE
100,100,"n=100, p=100","ar1_rho_0.9","quantile_4","A_entry",0.0338309925247765,0.0260539573337553,0.0416080277157978,0.0170590354406517,0.00903343247586723,0.0250846384054363,0.0167719570841248,TRUE,"positive","positive",TRUE
100,100,"n=100, p=100","ar1_rho_0.9","quantile_4","A_set_s",0.0146406371406371,0.000422524720985269,0.028858749560289,0.0203593628593629,0.00710415646753415,0.0336145692511916,0.00571872571872573,TRUE,"positive","positive",TRUE
100,100,"n=100, p=100","ar1_rho_0.9","quantile_4","A_set_2s",0.06195244610462,0.0458495973522816,0.0780552948569584,0.0619838502077632,0.0459455056317386,0.0780221947837879,3.14041031432358e-05,TRUE,"positive","positive",TRUE
100,100,"n=100, p=100","ar1_rho_0.9","quantile_4","F1",-0.134378066378066,-0.156949936712709,-0.111806196043424,-0.134916305916306,-0.157305714830256,-0.112526897002356,0.000538239538239532,TRUE,"negative","negative",TRUE
100,100,"n=100, p=100","ar1_rho_0.9","quantile_4","RMSE",0.469056758667087,0.432887822368649,0.505225694965526,0.469350916582916,0.43306305864945,0.505638774516382,0.00029415791582893,TRUE,"positive","positive",TRUE
100,100,"n=100, p=100","ar1_rho_0.9","quantile_8","A_entry",0.0565262995362108,0.0489347072300264,0.0641178918423952,0.0385773479838104,0.0306177503953649,0.0465369455722559,0.0179489515524004,TRUE,"positive","positive",TRUE
100,100,"n=100, p=100","ar1_rho_0.9","quantile_8","A_set_s",0.0149436674436674,0.00069882912930223,0.0291885057580327,0.0207323232323232,0.00742271744398514,0.0340419290206613,0.00578865578865579,TRUE,"positive","positive",TRUE
100,100,"n=100, p=100","ar1_rho_0.9","quantile_8","A_set_2s",0.0694331393244437,0.0515787796835166,0.0872874989653708,0.0694680085614868,0.052404410646661,0.0865316064763126,3.48692370431419e-05,TRUE,"positive","positive",TRUE
100,100,"n=100, p=100","ar1_rho_0.9","quantile_8","F1",-0.201580086580087,-0.228550839643154,-0.174609333517019,-0.202816738816739,-0.229994347242447,-0.175639130391031,0.00123665223665223,TRUE,"negative","negative",TRUE
100,100,"n=100, p=100","ar1_rho_0.9","quantile_8","RMSE",0.695602141388327,0.648154117059689,0.743050165716964,0.695616324609403,0.648163217086886,0.743069432131921,1.41832210769355e-05,TRUE,"positive","positive",TRUE
100,100,"n=100, p=100","ar1_rho_0.9","equal_width_4","A_entry",0.0372148036442525,0.0284778346231576,0.0459517726653474,0.0195977115249323,0.0105870004041929,0.0286084226456717,0.0176170921193202,TRUE,"positive","positive",TRUE
100,100,"n=100, p=100","ar1_rho_0.9","equal_width_4","A_set_s",0.0154234654234654,0.00216312651364706,0.0286838043332838,0.020530303030303,0.00758231955169539,0.0334782865089107,0.00510683760683761,TRUE,"positive","positive",TRUE
100,100,"n=100, p=100","ar1_rho_0.9","equal_width_4","A_set_2s",0.0663899892378153,0.0486085968728141,0.0841713816028166,0.0685357041509215,0.0505784826165074,0.0864929256853357,0.00214571491310622,TRUE,"positive","positive",TRUE
100,100,"n=100, p=100","ar1_rho_0.9","equal_width_4","F1",-0.189428571428571,-0.215424005994805,-0.163433136862337,-0.190492063492063,-0.216405522932518,-0.164578604051609,0.00106349206349207,TRUE,"negative","negative",TRUE
100,100,"n=100, p=100","ar1_rho_0.9","equal_width_4","RMSE",0.629135025365889,0.584636424948365,0.673633625783413,0.629255534587236,0.584794382797819,0.673716686376653,0.000120509221346987,TRUE,"positive","positive",TRUE
100,100,"n=100, p=100","block","quantile_2","A_entry",-0.00819968937665736,-0.0160716181592037,-0.000327760594111015,-0.0181524095188522,-0.0260065494377088,-0.0102982695999957,0.00995272014219487,TRUE,"negative","negative",TRUE
100,100,"n=100, p=100","block","quantile_2","A_set_s",0.000580808080808073,-0.0113816050041742,0.0125432211657903,-0.00111111111111112,-0.0136386409553277,0.0114164187331055,0.00169191919191919,FALSE,"includes_zero","includes_zero",TRUE
100,100,"n=100, p=100","block","quantile_2","A_set_2s",0.025740076348772,0.0083820864408449,0.0430980662566991,0.0262153257370649,0.0088581815423216,0.0435724699318081,0.000475249388292867,TRUE,"positive","positive",TRUE
100,100,"n=100, p=100","block","quantile_2","F1",-0.0783275613275613,-0.0970674589802474,-0.0595876636748753,-0.0788369408369408,-0.0974166089593695,-0.0602572727145121,0.000509379509379515,TRUE,"negative","negative",TRUE
100,100,"n=100, p=100","block","quantile_2","RMSE",0.274687919363769,0.244927468677939,0.3044483700496,0.274414659689462,0.244527113730769,0.304302205648156,0.000273259674306858,TRUE,"positive","positive",TRUE
100,100,"n=100, p=100","block","quantile_4","A_entry",0.0112349648861923,0.00351941552781458,0.0189505142445701,-0.000829510833850609,-0.00865996651693943,0.00700094484923821,0.0120644757200429,FALSE,"positive","includes_zero",FALSE
100,100,"n=100, p=100","block","quantile_4","A_set_s",0.00982323232323232,-0.000960132097646844,0.0206065967441115,0.0139646464646465,0.00363807209294455,0.0242912208363484,0.00414141414141414,TRUE,"includes_zero","positive",FALSE
100,100,"n=100, p=100","block","quantile_4","A_set_2s",0.0385115802072324,0.0213376256014219,0.0556855348130428,0.042203468029555,0.0255301792905499,0.0588767567685601,0.00369188782232261,TRUE,"positive","positive",TRUE
100,100,"n=100, p=100","block","quantile_4","F1",-0.143494949494949,-0.166037271817204,-0.120952627172695,-0.143818181818182,-0.166155990790526,-0.121480372845837,0.000323232323232309,TRUE,"negative","negative",TRUE
100,100,"n=100, p=100","block","quantile_4","RMSE",0.457620442019892,0.423663444267514,0.49157743977227,0.457498900693377,0.4235909035607,0.491406897826054,0.000121541326514762,TRUE,"positive","positive",TRUE
100,100,"n=100, p=100","block","quantile_8","A_entry",0.0315620409033334,0.0238844905209858,0.0392395912856809,0.0189909682258034,0.0113208898572758,0.026661046594331,0.01257107267753,TRUE,"positive","positive",TRUE
100,100,"n=100, p=100","block","quantile_8","A_set_s",0.00945415695415695,-0.00297013063984831,0.0218784445481622,0.00755050505050505,-0.00403265372888815,0.0191336638298982,0.0019036519036519,TRUE,"includes_zero","includes_zero",TRUE
100,100,"n=100, p=100","block","quantile_8","A_set_2s",0.0457544310761702,0.0294015094957347,0.0621073526566057,0.0522969494273842,0.0360135052908063,0.0685803935639621,0.00654251835121401,TRUE,"positive","positive",TRUE
100,100,"n=100, p=100","block","quantile_8","F1",-0.229388167388167,-0.258088603162375,-0.20068773161396,-0.228991341991342,-0.257828375621898,-0.200154308360786,0.000396825396825395,TRUE,"negative","negative",TRUE
100,100,"n=100, p=100","block","quantile_8","RMSE",0.691379075579947,0.650007923070072,0.732750228089821,0.691079407788998,0.649707131897951,0.732451683680045,0.000299667790949032,TRUE,"positive","positive",TRUE
100,100,"n=100, p=100","block","equal_width_4","A_entry",0.00362383218397068,-0.00396919941202765,0.011216863779969,-0.00849477256954956,-0.0161911942611881,-0.000798350877911022,0.0121186047535202,FALSE,"includes_zero","negative",FALSE
100,100,"n=100, p=100","block","equal_width_4","A_set_s",0.0163888888888889,0.00487343464321237,0.0279043431345654,0.0145707070707071,0.00344490736736558,0.0256965067740486,0.00181818181818182,TRUE,"positive","positive",TRUE
100,100,"n=100, p=100","block","equal_width_4","A_set_2s",0.0486147861800036,0.0322128884889348,0.0650166838710723,0.0496775881123707,0.033129579912171,0.0662255963125704,0.00106280193236715,TRUE,"positive","positive",TRUE
100,100,"n=100, p=100","block","equal_width_4","F1",-0.219871572871573,-0.245358880340109,-0.194384265403036,-0.219838383838384,-0.245335233463336,-0.194341534213432,3.31890331890239e-05,TRUE,"negative","negative",TRUE
100,100,"n=100, p=100","block","equal_width_4","RMSE",0.623987675903843,0.585568417989384,0.662406933818301,0.623799758294769,0.585413889642092,0.662185626947445,0.000187917609074106,TRUE,"positive","positive",TRUE
100,200,"n=100, p=200","independent","quantile_2","A_entry",0.00250802161844787,-0.00338983996584771,0.00840588320274344,-3.89215106950047e-05,-0.00584382356389949,0.00576598054250948,0.00254694312914287,FALSE,"includes_zero","includes_zero",TRUE
100,200,"n=100, p=200","independent","quantile_2","A_set_s",-0.00390708325490934,-0.00934539070351033,0.00153122419369164,-0.00277777777777778,-0.0077042777743498,0.00214872221879424,0.00112930547713157,TRUE,"includes_zero","includes_zero",TRUE
100,200,"n=100, p=200","independent","quantile_2","A_set_2s",-0.0095116262699927,-0.0158658248107496,-0.00315742772923575,-0.00759185731392199,-0.013355940900713,-0.00182777372713096,0.00191976895607071,TRUE,"negative","negative",TRUE
100,200,"n=100, p=200","independent","quantile_2","F1",-0.0528590605839613,-0.0668127050734693,-0.0389054160944533,-0.0536453735965931,-0.0676797096110092,-0.039611037582177,0.000786313012631788,TRUE,"negative","negative",TRUE
100,200,"n=100, p=200","independent","quantile_2","RMSE",0.288857421168197,0.26053227295538,0.317182569381015,0.288298386636016,0.259956082889749,0.316640690382282,0.000559034532181646,TRUE,"positive","positive",TRUE
100,200,"n=100, p=200","independent","quantile_4","A_entry",0.0134035874692367,0.00782288161118194,0.0189842933272915,0.00972109452874992,0.00421646088358674,0.0152257281739131,0.00368249294048678,TRUE,"positive","positive",TRUE
100,200,"n=100, p=200","independent","quantile_4","A_set_s",-0.0064508438421482,-0.0122177177640719,-0.000683969920224448,-0.00242424242424243,-0.00663327771819257,0.00178479286970771,0.00402660141790577,TRUE,"negative","includes_zero",FALSE
100,200,"n=100, p=200","independent","quantile_4","A_set_2s",-0.0102993468160797,-0.0171374055971134,-0.00346128803504588,-0.00969485389508079,-0.0162255287673836,-0.00316417902277796,0.000604492920998878,TRUE,"negative","negative",TRUE
100,200,"n=100, p=200","independent","quantile_4","F1",-0.212092766658564,-0.232778884459378,-0.191406648857749,-0.212425861401471,-0.233188493843942,-0.191663228959,0.000333094742907575,TRUE,"negative","negative",TRUE
100,200,"n=100, p=200","independent","quantile_4","RMSE",0.583442887323326,0.543865088834648,0.623020685812004,0.582437641901532,0.542852125385198,0.622023158417866,0.00100524542179392,TRUE,"positive","positive",TRUE
100,200,"n=100, p=200","independent","quantile_8","A_entry",0.0147114876321508,0.00858382149989353,0.020839153764408,0.0119285730023557,0.00584241424222806,0.0180147317624833,0.0027829146297951,TRUE,"positive","positive",TRUE
100,200,"n=100, p=200","independent","quantile_8","A_set_s",-0.00591191417278374,-0.0117383862799728,-8.54420655947152e-05,-0.00246031746031746,-0.00750383198168425,0.00258319706104933,0.00345159671246628,TRUE,"negative","includes_zero",FALSE
100,200,"n=100, p=200","independent","quantile_8","A_set_2s",-0.014106358400743,-0.0220725465094779,-0.00614017029200804,-0.0136553432387238,-0.0217045248805108,-0.00560616159693684,0.000451015162019135,TRUE,"negative","negative",TRUE
100,200,"n=100, p=200","independent","quantile_8","F1",-0.316922939794182,-0.339957305503198,-0.293888574085166,-0.316828106852497,-0.339931536222231,-0.293724677482764,9.48329416849414e-05,TRUE,"negative","negative",TRUE
100,200,"n=100, p=200","independent","quantile_8","RMSE",0.791788429142082,0.744832658889853,0.83874419939431,0.79046460849854,0.743528561872219,0.837400655124862,0.00132382064354153,TRUE,"positive","positive",TRUE
100,200,"n=100, p=200","independent","equal_width_4","A_entry",0.0112474319848053,0.0056683278112436,0.016826536158367,0.00701537874316381,0.00142251134444569,0.0126082461418819,0.00423205324164148,TRUE,"positive","positive",TRUE
100,200,"n=100, p=200","independent","equal_width_4","A_set_s",-0.00966630591630592,-0.0163833391960408,-0.00294927263657109,-0.0085638998682477,-0.0149140771861355,-0.00221372255035988,0.00110240604805823,TRUE,"negative","negative",TRUE
100,200,"n=100, p=200","independent","equal_width_4","A_set_2s",-0.0117134475784504,-0.0191330494032259,-0.00429384575367492,-0.0118542241145758,-0.0194801457778842,-0.00422830245126736,0.000140776536125374,TRUE,"negative","negative",TRUE
100,200,"n=100, p=200","independent","equal_width_4","F1",-0.222525241066364,-0.24503961509418,-0.200010867038548,-0.222563780172685,-0.245190262104394,-0.199937298240977,3.8539106321317e-05,TRUE,"negative","negative",TRUE
100,200,"n=100, p=200","independent","equal_width_4","RMSE",0.700274592691745,0.658995783449009,0.74155340193448,0.699050648260162,0.657798044461781,0.740303252058543,0.00122394443158291,TRUE,"positive","positive",TRUE
100,200,"n=100, p=200","ar1_rho_0.5","quantile_2","A_entry",0.0102271397528395,0.00440274283678786,0.0160515366688911,0.00742814409811145,0.0015988556919936,0.0132574325042293,0.00279899565472801,TRUE,"positive","positive",TRUE
100,200,"n=100, p=200","ar1_rho_0.5","quantile_2","A_set_s",0.00123031557814166,-0.00482263092580527,0.0072832620820886,-0.00366051822573562,-0.00930158303864449,0.00198054658717324,0.00489083380387728,FALSE,"includes_zero","includes_zero",TRUE
100,200,"n=100, p=200","ar1_rho_0.5","quantile_2","A_set_2s",-0.000558433373521294,-0.00915577209646111,0.00803890534941852,-0.00117815556641422,-0.00934291772973226,0.00698660659690383,0.000619722192892923,TRUE,"includes_zero","includes_zero",TRUE
100,200,"n=100, p=200","ar1_rho_0.5","quantile_2","F1",-0.0856274928197787,-0.102314104082058,-0.0689408815574996,-0.0854842170182499,-0.102269083096767,-0.0686993509397326,0.000143275801528786,TRUE,"negative","negative",TRUE
100,200,"n=100, p=200","ar1_rho_0.5","quantile_2","RMSE",0.313820596449459,0.284339917554495,0.343301275344422,0.312934992616752,0.283387760957893,0.342482224275612,0.000885603832706416,TRUE,"positive","positive",TRUE
100,200,"n=100, p=200","ar1_rho_0.5","quantile_4","A_entry",0.0292579565174496,0.0226578996405057,0.0358580133943936,0.0246569224650561,0.0180788782075789,0.0312349667225334,0.00460103405239352,TRUE,"positive","positive",TRUE
100,200,"n=100, p=200","ar1_rho_0.5","quantile_4","A_set_s",-0.00319825585042977,-0.00987188495293724,0.0034753732520777,-0.00422297509254031,-0.0106314060498697,0.00218545586478904,0.00102471924211055,TRUE,"includes_zero","includes_zero",TRUE
100,200,"n=100, p=200","ar1_rho_0.5","quantile_4","A_set_2s",0.00787261672173754,-0.000426298953226156,0.0161715323967012,0.00526592628606242,-0.00260499711619648,0.0131368496883213,0.00260669043567512,TRUE,"includes_zero","includes_zero",TRUE
100,200,"n=100, p=200","ar1_rho_0.5","quantile_4","F1",-0.202058231069575,-0.221916168141578,-0.182200293997573,-0.201176926054975,-0.221038580217643,-0.181315271892307,0.000881305014600542,TRUE,"negative","negative",TRUE
100,200,"n=100, p=200","ar1_rho_0.5","quantile_4","RMSE",0.615746195771821,0.578302304497483,0.653190087046158,0.615164233156534,0.577678567046518,0.65264989926655,0.000581962615286424,TRUE,"positive","positive",TRUE
100,200,"n=100, p=200","ar1_rho_0.5","quantile_8","A_entry",0.0296775781321156,0.0237524993916909,0.0356026568725403,0.0253748922518214,0.0194522511777568,0.0312975333258861,0.00430268588029416,TRUE,"positive","positive",TRUE
100,200,"n=100, p=200","ar1_rho_0.5","quantile_8","A_set_s",-0.00162337662337663,-0.00863118778917382,0.00538443454242056,-0.00548591505113245,-0.0115323081601788,0.000560478057913889,0.00386253842775582,TRUE,"includes_zero","includes_zero",TRUE
100,200,"n=100, p=200","ar1_rho_0.5","quantile_8","A_set_2s",0.00258275322710944,-0.00607973430658559,0.0112452407608045,0.00243151431665329,-0.0059933512102171,0.0108563798435237,0.000151238910456149,TRUE,"includes_zero","includes_zero",TRUE
100,200,"n=100, p=200","ar1_rho_0.5","quantile_8","F1",-0.293195848362893,-0.316299054070988,-0.270092642654798,-0.292343961861546,-0.315380671162796,-0.269307252560295,0.000851886501347654,TRUE,"negative","negative",TRUE
100,200,"n=100, p=200","ar1_rho_0.5","quantile_8","RMSE",0.815810138762187,0.769782858263116,0.861837419261258,0.814858529189059,0.768843120730293,0.860873937647824,0.000951609573128454,TRUE,"positive","positive",TRUE
100,200,"n=100, p=200","ar1_rho_0.5","equal_width_4","A_entry",0.0249088497552446,0.0191612118195096,0.0306564876909797,0.0211792021374052,0.0154454425890596,0.0269129616857507,0.00372964761783947,TRUE,"positive","positive",TRUE
100,200,"n=100, p=200","ar1_rho_0.5","equal_width_4","A_set_s",-0.00238471673254282,-0.00833809044965177,0.00356865698456612,-0.00320942342681473,-0.00903476898645307,0.0026159221328236,0.000824706694271912,TRUE,"includes_zero","includes_zero",TRUE
100,200,"n=100, p=200","ar1_rho_0.5","equal_width_4","A_set_2s",0.00404868336008439,-0.00413237287435172,0.0122297395945205,0.00267610087859663,-0.0051852296987638,0.0105374314559571,0.00137258248148775,TRUE,"includes_zero","includes_zero",TRUE
100,200,"n=100, p=200","ar1_rho_0.5","equal_width_4","F1",-0.233081296311302,-0.252302508630916,-0.213860083991688,-0.232044839857943,-0.25134543768057,-0.212744242035315,0.00103645645335945,TRUE,"negative","negative",TRUE
100,200,"n=100, p=200","ar1_rho_0.5","equal_width_4","RMSE",0.719986255894914,0.678564219040437,0.761408292749392,0.71925211058809,0.677830270614446,0.760673950561733,0.000734145306824585,TRUE,"positive","positive",TRUE
100,200,"n=100, p=200","ar1_rho_0.9","quantile_2","A_entry",0.0243642299904322,0.0159389110441636,0.0327895489367007,0.0182992873399671,0.0102638938021815,0.0263346808777526,0.0060649426504651,TRUE,"positive","positive",TRUE
100,200,"n=100, p=200","ar1_rho_0.9","quantile_2","A_set_s",0.0344002055915099,0.0187501448884882,0.0500502662945316,0.0315164424947034,0.0158018106479335,0.0472310743414732,0.00288376309680658,TRUE,"positive","positive",TRUE
100,200,"n=100, p=200","ar1_rho_0.9","quantile_2","A_set_2s",0.0400525218374966,0.0245002833412947,0.0556047603336984,0.0397492002816736,0.0243178727953815,0.0551805277679656,0.000303321555822987,TRUE,"positive","positive",TRUE
100,200,"n=100, p=200","ar1_rho_0.9","quantile_2","F1",-0.0486641502129307,-0.0638320702868077,-0.0334962301390538,-0.0476633759194735,-0.0629253572402093,-0.0324013945987377,0.00100077429345723,TRUE,"negative","negative",TRUE
100,200,"n=100, p=200","ar1_rho_0.9","quantile_2","RMSE",0.397640739280017,0.365665599786418,0.429615878773616,0.39737970245195,0.365478949408503,0.429280455495398,0.000261036828066996,TRUE,"positive","positive",TRUE
100,200,"n=100, p=200","ar1_rho_0.9","quantile_4","A_entry",0.0730538563854475,0.0640343567429416,0.0820733560279534,0.0635521283311439,0.0547863510971595,0.0723179055651283,0.00950172805430356,TRUE,"positive","positive",TRUE
100,200,"n=100, p=200","ar1_rho_0.9","quantile_4","A_set_s",0.0525487720009459,0.0371075827428813,0.0679899612590105,0.0533891854522289,0.0373514887819104,0.0694268821225475,0.000840413451283016,TRUE,"positive","positive",TRUE
100,200,"n=100, p=200","ar1_rho_0.9","quantile_4","A_set_2s",0.100667395977892,0.0847495059969129,0.116585285958871,0.101124880380819,0.0854320433599482,0.11681771740169,0.000457484402927241,TRUE,"positive","positive",TRUE
100,200,"n=100, p=200","ar1_rho_0.9","quantile_4","F1",-0.111489335458139,-0.129843001815676,-0.0931356691006009,-0.110991757376046,-0.129246698846094,-0.0927368159059966,0.000497578082093109,TRUE,"negative","negative",TRUE
100,200,"n=100, p=200","ar1_rho_0.9","quantile_4","RMSE",0.71078677795828,0.669158876934228,0.752414678982332,0.710893454242848,0.669288195374985,0.75249871311071,0.000106676284567508,TRUE,"positive","positive",TRUE
100,200,"n=100, p=200","ar1_rho_0.9","quantile_8","A_entry",0.0937219023854167,0.0860393600924813,0.101404444678352,0.0825518965689612,0.0750199766579679,0.0900838164799545,0.0111700058164555,TRUE,"positive","positive",TRUE
100,200,"n=100, p=200","ar1_rho_0.9","quantile_8","A_set_s",0.0583486967139141,0.0429510168322215,0.0737463765956067,0.0604078409513192,0.0444252734258302,0.0763904084768083,0.00205914423740511,TRUE,"positive","positive",TRUE
100,200,"n=100, p=200","ar1_rho_0.9","quantile_8","A_set_2s",0.123369887309309,0.107827973646446,0.138911800972173,0.122701333028309,0.107178853740331,0.138223812316288,0.000668554281000017,TRUE,"positive","positive",TRUE
100,200,"n=100, p=200","ar1_rho_0.9","quantile_8","F1",-0.149907138805607,-0.16834329853343,-0.131470979077785,-0.149271610440357,-0.167680531303655,-0.130862689577059,0.000635528365250437,TRUE,"negative","negative",TRUE
100,200,"n=100, p=200","ar1_rho_0.9","quantile_8","RMSE",1.07429429382716,1.02174541302347,1.12684317463085,1.07422767449191,1.02155205351161,1.12690329547221,6.66193352492073e-05,TRUE,"positive","positive",TRUE
100,200,"n=100, p=200","ar1_rho_0.9","equal_width_4","A_entry",0.0677976800686012,0.0600326243945591,0.0755627357426433,0.0578835494118183,0.0502660409172644,0.0655010579063721,0.00991413065678286,TRUE,"positive","positive",TRUE
100,200,"n=100, p=200","ar1_rho_0.9","equal_width_4","A_set_s",0.0603801917888874,0.0452732909560016,0.0754870926217732,0.0576291220856438,0.0425976416582347,0.0726606025130529,0.00275106970324362,TRUE,"positive","positive",TRUE
100,200,"n=100, p=200","ar1_rho_0.9","equal_width_4","A_set_2s",0.112219378668267,0.0962776762891671,0.128161081047367,0.111564551592527,0.0958896192885706,0.127239483896483,0.000654827075740161,TRUE,"positive","positive",TRUE
100,200,"n=100, p=200","ar1_rho_0.9","equal_width_4","F1",-0.129181045116099,-0.148140550448738,-0.11022153978346,-0.129292102206736,-0.148371948802959,-0.110212255610514,0.000111057090637329,TRUE,"negative","negative",TRUE
100,200,"n=100, p=200","ar1_rho_0.9","equal_width_4","RMSE",0.931263904915725,0.879485951525367,0.983041858306082,0.931073131639685,0.879206875753765,0.982939387525605,0.00019077327603978,TRUE,"positive","positive",TRUE
100,200,"n=100, p=200","block","quantile_2","A_entry",0.00667805916225043,-0.000868874226338463,0.0142249925508393,0.000223848274337931,-0.00732912064236454,0.0077768171910404,0.0064542108879125,TRUE,"includes_zero","includes_zero",TRUE
100,200,"n=100, p=200","block","quantile_2","A_set_s",0.0034883869753435,-0.0107152487869633,0.0176920227376503,0.00550113871635611,-0.00910733124797423,0.0201096086806864,0.00201275174101261,TRUE,"includes_zero","includes_zero",TRUE
100,200,"n=100, p=200","block","quantile_2","A_set_2s",0.0111631469274095,-0.00581904925983572,0.0281453431146548,0.0109333432189092,-0.00560453744270485,0.0274712238805232,0.00022980370850033,TRUE,"includes_zero","includes_zero",TRUE
100,200,"n=100, p=200","block","quantile_2","F1",-0.0629151068254869,-0.0770778138409154,-0.0487523998100583,-0.0629633065931988,-0.0772204503999896,-0.0487061627864081,4.81997677119622e-05,TRUE,"negative","negative",TRUE
100,200,"n=100, p=200","block","quantile_2","RMSE",0.402655056809459,0.370204650413814,0.435105463205104,0.403136757985026,0.370649197011248,0.435624318958804,0.000481701175567284,TRUE,"positive","positive",TRUE
100,200,"n=100, p=200","block","quantile_4","A_entry",0.0486036546574888,0.0408766217669127,0.056330687548065,0.0393114060461485,0.0315232534210571,0.0470995586712399,0.00929224861134033,TRUE,"positive","positive",TRUE
100,200,"n=100, p=200","block","quantile_4","A_set_s",0.0163045140849489,0.00368758785309151,0.0289214403168062,0.0217920760399021,0.0083122637490039,0.0352718883308003,0.00548756195495326,TRUE,"positive","positive",TRUE
100,200,"n=100, p=200","block","quantile_4","A_set_2s",0.0600868895900779,0.0452746965121125,0.0748990826680433,0.0602877926108203,0.0454752598779092,0.0751003253437314,0.000200903020742403,TRUE,"positive","positive",TRUE
100,200,"n=100, p=200","block","quantile_4","F1",-0.123325353445319,-0.138692989102159,-0.10795771778848,-0.122803108878265,-0.138243287568554,-0.107362930187975,0.000522244567054547,TRUE,"negative","negative",TRUE
100,200,"n=100, p=200","block","quantile_4","RMSE",0.727241951061399,0.685822429113497,0.768661473009301,0.727282301388912,0.685887255045784,0.768677347732039,4.03503275125949e-05,TRUE,"positive","positive",TRUE
100,200,"n=100, p=200","block","quantile_8","A_entry",0.0709835247959101,0.063336073745183,0.0786309758466373,0.0613707486810828,0.0535452194005808,0.0691962779615847,0.00961277611482739,TRUE,"positive","positive",TRUE
100,200,"n=100, p=200","block","quantile_8","A_set_s",0.0289238753999624,0.0178164557189379,0.0400312950809868,0.0318560700169396,0.0204940347665823,0.0432181052672969,0.00293219461697723,TRUE,"positive","positive",TRUE
100,200,"n=100, p=200","block","quantile_8","A_set_2s",0.088563840059808,0.075607563630288,0.101520116489328,0.0899795424787293,0.0772687211120458,0.102690363845413,0.00141570241892133,TRUE,"positive","positive",TRUE
100,200,"n=100, p=200","block","quantile_8","F1",-0.181565900476281,-0.201387392759634,-0.161744408192927,-0.180898265942792,-0.200834770253953,-0.160961761631632,0.000667634533488198,TRUE,"negative","negative",TRUE
100,200,"n=100, p=200","block","quantile_8","RMSE",1.05558473064633,1.00265868557539,1.10851077571726,1.05537630903105,1.00255738127534,1.10819523678677,0.00020842161527157,TRUE,"positive","positive",TRUE
100,200,"n=100, p=200","block","equal_width_4","A_entry",0.0483675791610062,0.0401457213620245,0.0565894369599879,0.0395668355479312,0.0310101968659157,0.0481234742299466,0.00880074361307508,TRUE,"positive","positive",TRUE
100,200,"n=100, p=200","block","equal_width_4","A_set_s",0.0178585638998682,0.00560678920974727,0.0301103385899892,0.0193424242424242,0.00675128642658466,0.0319335620582638,0.00148386034255599,TRUE,"positive","positive",TRUE
100,200,"n=100, p=200","block","equal_width_4","A_set_2s",0.067953631488079,0.0533658439805308,0.0825414189956272,0.0709161797705305,0.0563398946499436,0.0854924648911175,0.00296254828245156,TRUE,"positive","positive",TRUE
100,200,"n=100, p=200","block","equal_width_4","F1",-0.151536112686708,-0.169207172196206,-0.13386505317721,-0.151540542365557,-0.169216708055583,-0.13386437667553,4.42967884828338e-06,TRUE,"negative","negative",TRUE
100,200,"n=100, p=200","block","equal_width_4","RMSE",0.915343044999701,0.863703676746424,0.966982413252978,0.914874823586176,0.863345584406088,0.966404062766264,0.000468221413525427,TRUE,"positive","positive",TRUE
500,100,"n=500, p=100","independent","quantile_2","A_entry",0.00510914947199271,0.00453190223474289,0.00568639670924254,-0.000867037361870965,-0.00107382180734174,-0.000660252916400186,0.00597618683386368,FALSE,"positive","negative",FALSE
500,100,"n=500, p=100","independent","quantile_2","A_set_s",0,0,0,0,0,0,0,TRUE,"includes_zero","includes_zero",TRUE
500,100,"n=500, p=100","independent","quantile_2","A_set_2s",-0.0019298575820315,-0.00713510832660219,0.0032753931625392,0.00242800677583286,-0.00225762419747338,0.00711363774913911,0.00435786435786436,FALSE,"includes_zero","includes_zero",TRUE
500,100,"n=500, p=100","independent","quantile_2","F1",-0.005,-0.00929324110572877,-0.00070675889427123,-0.005,-0.00929324110572877,-0.00070675889427123,0,TRUE,"negative","negative",TRUE
500,100,"n=500, p=100","independent","quantile_2","RMSE",0.366170572590758,0.333715227034394,0.398625918147121,0.366925349416424,0.334180493085814,0.399670205747035,0.000754776825666381,TRUE,"positive","positive",TRUE
500,100,"n=500, p=100","independent","quantile_4","A_entry",0.00432775585393827,0.00373952503903267,0.00491598666884387,-0.00175402080159424,-0.0019765121260931,-0.00153152947709539,0.00608177665553252,FALSE,"positive","negative",FALSE
500,100,"n=500, p=100","independent","quantile_4","A_set_s",-0.00121212121212121,-0.00288352955458866,0.00045928713034623,-0.00121212121212121,-0.00288352955458866,0.00045928713034623,0,TRUE,"includes_zero","includes_zero",TRUE
500,100,"n=500, p=100","independent","quantile_4","A_set_2s",-0.00147562582345191,-0.0067140294076818,0.00376277776077798,0.000288600288600289,-0.00507970216935373,0.00565690274655431,0.0017642261120522,FALSE,"includes_zero","includes_zero",TRUE
500,100,"n=500, p=100","independent","quantile_4","F1",-0.0156349206349206,-0.0231388609890286,-0.00813098028081268,-0.0163015873015873,-0.0241003734743708,-0.0085028011288038,0.000666666666666666,TRUE,"negative","negative",TRUE
500,100,"n=500, p=100","independent","quantile_4","RMSE",0.528681233821886,0.50016479327053,0.557197674373242,0.52962880609185,0.501020645143291,0.558236967040409,0.000947572269964336,TRUE,"positive","positive",TRUE
500,100,"n=500, p=100","independent","quantile_8","A_entry",0.00347326742689833,0.00279637984674186,0.00415015500705481,-0.00251116910663485,-0.00292484523834553,-0.00209749297492417,0.00598443653353318,FALSE,"positive","negative",FALSE
500,100,"n=500, p=100","independent","quantile_8","A_set_s",-0.00717171717171718,-0.0113006255822243,-0.00304280876121003,-0.00545454545454546,-0.00887116389623477,-0.00203792701285615,0.00171717171717172,TRUE,"negative","negative",TRUE
500,100,"n=500, p=100","independent","quantile_8","A_set_2s",-0.000735930735930737,-0.00668991307841457,0.0052180516065531,0.000350084697910783,-0.00509938837677205,0.00579955777259362,0.00108601543384152,FALSE,"includes_zero","includes_zero",TRUE
500,100,"n=500, p=100","independent","quantile_8","F1",-0.0944617604617604,-0.108497688341292,-0.0804258325822285,-0.095031746031746,-0.109139237947237,-0.0809242541162546,0.000569985569985568,TRUE,"negative","negative",TRUE
500,100,"n=500, p=100","independent","quantile_8","RMSE",0.884697342912935,0.854614890511303,0.914779795314568,0.88532823174068,0.855100393328079,0.915556070153282,0.00063088882774498,TRUE,"positive","positive",TRUE
500,100,"n=500, p=100","independent","equal_width_4","A_entry",0.00411429012199768,0.00345030843011097,0.00477827181388439,-0.00191986660019315,-0.00225553141211076,-0.00158420178827554,0.00603415672219083,FALSE,"positive","negative",FALSE
500,100,"n=500, p=100","independent","equal_width_4","A_set_s",-0.00525252525252525,-0.00920691832439612,-0.00129813218065439,-0.00464646464646465,-0.00844708511533324,-0.000845844177596055,0.000606060606060606,TRUE,"negative","negative",TRUE
500,100,"n=500, p=100","independent","equal_width_4","A_set_2s",-0.000981240981240981,-0.00627297028437125,0.00431048832188929,0.00115816550599159,-0.0034476959791643,0.00576402699114748,0.00213940648723257,FALSE,"includes_zero","includes_zero",TRUE
500,100,"n=500, p=100","independent","equal_width_4","F1",-0.0523535353535353,-0.0639858535329603,-0.0407212171741104,-0.0521948051948052,-0.0638505767477437,-0.0405390336418667,0.000158730158730164,TRUE,"negative","negative",TRUE
500,100,"n=500, p=100","independent","equal_width_4","RMSE",0.739134611660929,0.701690580373889,0.776578642947969,0.740073383515562,0.702599960758144,0.77754680627298,0.000938771854633091,TRUE,"positive","positive",TRUE
500,100,"n=500, p=100","ar1_rho_0.5","quantile_2","A_entry",0.00944589741244136,0.0082631860221299,0.0106286088027528,-0.000924872812095993,-0.00140852300026182,-0.000441222623930164,0.0103707702245373,FALSE,"positive","negative",FALSE
500,100,"n=500, p=100","ar1_rho_0.5","quantile_2","A_set_s",-0.00171717171717172,-0.0051526843649722,0.00171834093062877,-0.00111111111111111,-0.00475728317011792,0.0025350609478957,0.000606060606060607,TRUE,"includes_zero","includes_zero",TRUE
500,100,"n=500, p=100","ar1_rho_0.5","quantile_2","A_set_2s",0.000205784553610642,-0.00425122266120028,0.00466279176842157,-0.000288600288600289,-0.00394078277511526,0.00336358219791468,0.000494384842210931,FALSE,"includes_zero","includes_zero",TRUE
500,100,"n=500, p=100","ar1_rho_0.5","quantile_2","F1",-0.0257489177489177,-0.0350002239149609,-0.0164976115828746,-0.0259076479076479,-0.0350690359179781,-0.0167462598973177,0.000158730158730157,TRUE,"negative","negative",TRUE
500,100,"n=500, p=100","ar1_rho_0.5","quantile_2","RMSE",0.31272779093015,0.275060628354909,0.350394953505391,0.312869212236536,0.275094870599952,0.35064355387312,0.000141421306386336,TRUE,"positive","positive",TRUE
500,100,"n=500, p=100","ar1_rho_0.5","quantile_4","A_entry",0.00719832672877263,0.00551254056050233,0.00888411289704292,-0.00348369363127473,-0.00471307775195505,-0.00225430951059441,0.0106820203600474,FALSE,"positive","negative",FALSE
500,100,"n=500, p=100","ar1_rho_0.5","quantile_4","A_set_s",-0.00353535353535354,-0.00749869733862771,0.000427990267920635,-0.00181818181818182,-0.00538181818181819,0.00174545454545455,0.00171717171717172,TRUE,"includes_zero","includes_zero",TRUE
500,100,"n=500, p=100","ar1_rho_0.5","quantile_4","A_set_2s",-0.00554112554112554,-0.0108956715629286,-0.000186579519322474,-0.00435786435786436,-0.00861482981247433,-0.000100898903254391,0.00118326118326119,TRUE,"negative","negative",TRUE
500,100,"n=500, p=100","ar1_rho_0.5","quantile_4","F1",-0.0844935064935065,-0.0982592833997713,-0.0707277295872416,-0.0846984126984127,-0.0984279883923027,-0.0709688370045226,0.000204906204906208,TRUE,"negative","negative",TRUE
500,100,"n=500, p=100","ar1_rho_0.5","quantile_4","RMSE",0.522693895078889,0.485292904861582,0.560094885296197,0.523196443540797,0.485737864593563,0.56065502248803,0.000502548461907448,TRUE,"positive","positive",TRUE
500,100,"n=500, p=100","ar1_rho_0.5","quantile_8","A_entry",0.00667888009770231,0.0050528963619129,0.00830486383349171,-0.00395089988007739,-0.00514525671979951,-0.00275654304035527,0.0106297799777797,FALSE,"positive","negative",FALSE
500,100,"n=500, p=100","ar1_rho_0.5","quantile_8","A_set_s",-0.0123232323232323,-0.0182095948979281,-0.00643686974853651,-0.00787878787878789,-0.0128458897119025,-0.00291168604567329,0.00444444444444444,TRUE,"negative","negative",TRUE
500,100,"n=500, p=100","ar1_rho_0.5","quantile_8","A_set_2s",-0.00158353723571115,-0.0067132994331658,0.0035462249617435,-0.00375180375180375,-0.00796374059559691,0.000460133091989399,0.0021682665160926,TRUE,"includes_zero","includes_zero",TRUE
500,100,"n=500, p=100","ar1_rho_0.5","quantile_8","F1",-0.172619047619048,-0.189282437957835,-0.15595565728026,-0.172222222222222,-0.188913247594292,-0.155531196850153,0.000396825396825395,TRUE,"negative","negative",TRUE
500,100,"n=500, p=100","ar1_rho_0.5","quantile_8","RMSE",0.899924237770087,0.85748936223692,0.942359113303254,0.900410699197292,0.857877083178569,0.942944315216014,0.000486461427204432,TRUE,"positive","positive",TRUE
500,100,"n=500, p=100","ar1_rho_0.5","equal_width_4","A_entry",0.00699921926139526,0.005586784270684,0.00841165425210653,-0.00364224784613175,-0.0045358245599592,-0.0027486711323043,0.010641467107527,FALSE,"positive","negative",FALSE
500,100,"n=500, p=100","ar1_rho_0.5","equal_width_4","A_set_s",-0.00474747474747475,-0.00901000073866197,-0.000484948756287532,0,-0.00292435542205445,0.00292435542205445,0.00474747474747475,FALSE,"negative","includes_zero",FALSE
500,100,"n=500, p=100","ar1_rho_0.5","equal_width_4","A_set_2s",-0.00129493694711086,-0.00646637866604495,0.00387650477182323,-0.00318181818181818,-0.00744239672460451,0.00107876036096815,0.00188688123470732,TRUE,"includes_zero","includes_zero",TRUE
500,100,"n=500, p=100","ar1_rho_0.5","equal_width_4","F1",-0.165699855699856,-0.182610803387233,-0.148788908012479,-0.165904761904762,-0.182745999566993,-0.14906352424253,0.000204906204906208,TRUE,"negative","negative",TRUE
500,100,"n=500, p=100","ar1_rho_0.5","equal_width_4","RMSE",0.862509577201243,0.814349381320725,0.91066977308176,0.862894236854639,0.814674989846335,0.911113483862943,0.000384659653396624,TRUE,"positive","positive",TRUE
500,100,"n=500, p=100","ar1_rho_0.9","quantile_2","A_entry",0.05278652748084,0.0480814388585347,0.0574916161031452,-0.00664681480851977,-0.0101596405630442,-0.00313398905399539,0.0594333422893597,FALSE,"positive","negative",FALSE
500,100,"n=500, p=100","ar1_rho_0.9","quantile_2","A_set_s",0.000258352758352759,-0.0110141674205984,0.0115308729373039,0.000914918414918416,-0.00925747944060863,0.0110873162704455,0.000656565656565657,TRUE,"includes_zero","includes_zero",TRUE
500,100,"n=500, p=100","ar1_rho_0.9","quantile_2","A_set_2s",0.0140306794654621,0.000729107515039781,0.0273322514158844,0.0131256666039275,-6.11143527634757e-05,0.0263124475606184,0.000905012861534601,TRUE,"positive","includes_zero",FALSE
500,100,"n=500, p=100","ar1_rho_0.9","quantile_2","F1",-0.114243867243867,-0.132267706097591,-0.0962200283901433,-0.114868686868687,-0.132980656783032,-0.0967567169543417,0.000624819624819611,TRUE,"negative","negative",TRUE
500,100,"n=500, p=100","ar1_rho_0.9","quantile_2","RMSE",0.307235047383531,0.26558465275461,0.348885442012451,0.306758121413098,0.265203080535137,0.34831316229106,0.000476925970432307,TRUE,"positive","positive",TRUE
500,100,"n=500, p=100","ar1_rho_0.9","quantile_4","A_entry",0.0604250624383058,0.0555594300100765,0.0652906948665351,-0.00707422389551823,-0.0103872908047778,-0.00376115698625867,0.0674992863338241,FALSE,"positive","negative",FALSE
500,100,"n=500, p=100","ar1_rho_0.9","quantile_4","A_set_s",0.000330225330225329,-0.0110079730859688,0.0116684237464194,-0.00393939393939394,-0.0141935552491033,0.00631476737031544,0.00426961926961927,FALSE,"includes_zero","includes_zero",TRUE
500,100,"n=500, p=100","ar1_rho_0.9","quantile_4","A_set_2s",0.0257986699291047,0.0127294490810572,0.0388678907771522,0.0261820063993977,0.0130497669186297,0.0393142458801657,0.000383336470292994,TRUE,"positive","positive",TRUE
500,100,"n=500, p=100","ar1_rho_0.9","quantile_4","F1",-0.190524750611707,-0.211441380437149,-0.169608120786265,-0.190219336219336,-0.211180361150234,-0.169258311288438,0.000305414392370917,TRUE,"negative","negative",TRUE
500,100,"n=500, p=100","ar1_rho_0.9","quantile_4","RMSE",0.529121343748527,0.483445475479956,0.574797212017098,0.527996893413042,0.482597538516707,0.573396248309377,0.00112445033548547,TRUE,"positive","positive",TRUE
500,100,"n=500, p=100","ar1_rho_0.9","quantile_8","A_entry",0.0667851300546484,0.062494237125237,0.0710760229840598,-0.000791240172035524,-0.00378112873368829,0.00219864838961724,0.0675763702266839,FALSE,"positive","includes_zero",FALSE
500,100,"n=500, p=100","ar1_rho_0.9","quantile_8","A_set_s",0.00598484848484848,-0.00448668735915013,0.0164563843288471,0.0031060606060606,-0.00634924403485966,0.0125613652469809,0.00287878787878788,TRUE,"includes_zero","includes_zero",TRUE
500,100,"n=500, p=100","ar1_rho_0.9","quantile_8","A_set_2s",0.0360697032436163,0.0235797309548435,0.0485596755323891,0.0343741765480896,0.0218890522972413,0.0468593007989379,0.00169552669552669,TRUE,"positive","positive",TRUE
500,100,"n=500, p=100","ar1_rho_0.9","quantile_8","F1",-0.293883116883117,-0.316455266349713,-0.271310967416521,-0.29478354978355,-0.317515172176783,-0.272051927390317,0.000900432900432901,TRUE,"negative","negative",TRUE
500,100,"n=500, p=100","ar1_rho_0.9","quantile_8","RMSE",0.76294424060724,0.70944161490483,0.81644686630965,0.761721323686623,0.708425676269395,0.81501697110385,0.00122291692061727,TRUE,"positive","positive",TRUE
500,100,"n=500, p=100","ar1_rho_0.9","equal_width_4","A_entry",0.0555975270966661,0.051102282711862,0.0600927714814702,-0.0116648140823555,-0.015193920298339,-0.00813570786637195,0.0672623411790216,FALSE,"positive","negative",FALSE
500,100,"n=500, p=100","ar1_rho_0.9","equal_width_4","A_set_s",0.00648989898989899,-0.00269846765267493,0.0156782656324729,0.00171717171717171,-0.00707867764589104,0.0105130210802345,0.00477272727272727,TRUE,"includes_zero","includes_zero",TRUE
500,100,"n=500, p=100","ar1_rho_0.9","equal_width_4","A_set_2s",0.0284459501850806,0.0156310414084851,0.0412608589616762,0.0295653742392873,0.0168788323588839,0.0422519161196907,0.00111942405420666,TRUE,"positive","positive",TRUE
500,100,"n=500, p=100","ar1_rho_0.9","equal_width_4","F1",-0.308571428571429,-0.33409016620896,-0.283052690933897,-0.309217893217893,-0.335009518608811,-0.283426267826976,0.000646464646464617,TRUE,"negative","negative",TRUE
500,100,"n=500, p=100","ar1_rho_0.9","equal_width_4","RMSE",0.768472567351124,0.713087119249082,0.823858015453166,0.767798064895558,0.712556452100971,0.823039677690144,0.000674502455566217,TRUE,"positive","positive",TRUE
500,100,"n=500, p=100","block","quantile_2","A_entry",0.0335586128851313,0.0300988991317248,0.0370183266385378,-0.0047679905921283,-0.00714583263418022,-0.00239014855007638,0.0383266034772596,FALSE,"positive","negative",FALSE
500,100,"n=500, p=100","block","quantile_2","A_set_s",0.000101010101010101,-0.00591122963800605,0.00611324984002626,0.00474747474747475,-0.000690502879506224,0.0101854523744557,0.00464646464646465,TRUE,"includes_zero","includes_zero",TRUE
500,100,"n=500, p=100","block","quantile_2","A_set_2s",0.00684296379948554,-0.00146338404180698,0.0151493116407781,0.00723351527699354,-0.00129740518808348,0.0157644357420706,0.000390551477508,TRUE,"includes_zero","includes_zero",TRUE
500,100,"n=500, p=100","block","quantile_2","F1",-0.0936753246753247,-0.109517630615069,-0.0778330187355802,-0.0938513708513709,-0.109539232732176,-0.0781635089705654,0.000176046176046177,TRUE,"negative","negative",TRUE
500,100,"n=500, p=100","block","quantile_2","RMSE",0.3259225631006,0.293116552218456,0.358728573982745,0.326302923510262,0.293560697107647,0.359045149912878,0.000380360409661773,TRUE,"positive","positive",TRUE
500,100,"n=500, p=100","block","quantile_4","A_entry",0.0325150508666873,0.0290138201601731,0.0360162815732015,-0.00916834279559868,-0.0116614222580178,-0.00667526333317958,0.041683393662286,FALSE,"positive","negative",FALSE
500,100,"n=500, p=100","block","quantile_4","A_set_s",-0.00707070707070708,-0.0137564588783275,-0.000384955263086609,-0.00191919191919192,-0.00890720148705736,0.00506881764867352,0.00515151515151515,TRUE,"negative","includes_zero",FALSE
500,100,"n=500, p=100","block","quantile_4","A_set_2s",0.00787031808770939,-0.00137167477567269,0.0171123109510915,0.00765167199949809,-0.000894492613111327,0.0161978366121075,0.000218646088211305,TRUE,"includes_zero","includes_zero",TRUE
500,100,"n=500, p=100","block","quantile_4","F1",-0.211604617604618,-0.23268093397177,-0.190528301237466,-0.212533910533911,-0.233700515941433,-0.191367305126388,0.000929292929292919,TRUE,"negative","negative",TRUE
500,100,"n=500, p=100","block","quantile_4","RMSE",0.627899526327347,0.585440865640881,0.670358187013814,0.62809783223507,0.585701556717991,0.670494107752148,0.000198305907722296,TRUE,"positive","positive",TRUE
500,100,"n=500, p=100","block","quantile_8","A_entry",0.036120015157334,0.0326268601996824,0.0396131701149857,-0.00579828068047329,-0.00826273658159624,-0.00333382477935033,0.0419182958378073,FALSE,"positive","negative",FALSE
500,100,"n=500, p=100","block","quantile_8","A_set_s",-0.0122455322455323,-0.0198977698000964,-0.00459329469096807,-0.00242424242424243,-0.00964313903382092,0.00479465418533607,0.00982128982128982,TRUE,"negative","includes_zero",FALSE
500,100,"n=500, p=100","block","quantile_8","A_set_2s",0.0077119016249451,-0.000997865788156251,0.0164216690380465,0.00629148629148629,-0.00242371342426571,0.0150066860072383,0.00142041533345881,TRUE,"includes_zero","includes_zero",TRUE
500,100,"n=500, p=100","block","quantile_8","F1",-0.318549469853818,-0.340546557848411,-0.296552381859225,-0.319640692640693,-0.341783569811462,-0.297497815469923,0.00109122278687496,TRUE,"negative","negative",TRUE
500,100,"n=500, p=100","block","quantile_8","RMSE",0.904291665430685,0.856478027513182,0.952105303348188,0.904732089142835,0.85686850958715,0.952595668698521,0.000440423712150584,TRUE,"positive","positive",TRUE
500,100,"n=500, p=100","block","equal_width_4","A_entry",0.027009492907177,0.0232575846619377,0.0307614011524163,-0.0150461268381288,-0.017813904449364,-0.0122783492268935,0.0420556197453058,FALSE,"positive","negative",FALSE
500,100,"n=500, p=100","block","equal_width_4","A_set_s",-0.0123232323232323,-0.0199030878662343,-0.00474337678023037,-0.00121212121212122,-0.00760594890032762,0.00518170647608519,0.0111111111111111,TRUE,"negative","includes_zero",FALSE
500,100,"n=500, p=100","block","equal_width_4","A_set_2s",-0.000744400527009227,-0.0113031973742374,0.00981439632021896,0.00289070832549093,-0.00706065571305741,0.0128420723640393,0.00363510885250016,FALSE,"includes_zero","includes_zero",TRUE
500,100,"n=500, p=100","block","equal_width_4","F1",-0.348627705627706,-0.370055711267626,-0.327199699987786,-0.348528138528139,-0.369922261626118,-0.327134015430159,9.95670995670994e-05,TRUE,"negative","negative",TRUE
500,100,"n=500, p=100","block","equal_width_4","RMSE",0.918201018589523,0.868223503921517,0.968178533257528,0.918395148136,0.868491326334949,0.968298969937051,0.000194129546477018,TRUE,"positive","positive",TRUE
