"omitted_year","k","original_selected_k","sparsified_selected_k","original_selected_k_matches_full","sparsified_selected_k_matches_full","original_mean_silhouette","original_sd_silhouette","sparsified_mean_silhouette","sparsified_sd_silhouette","paired_difference_mean","paired_difference_sd","valid_paired_runs","full_original_mean_silhouette","full_sparsified_mean_silhouette","full_paired_difference_mean","original_mean_change_from_full","sparsified_mean_change_from_full","paired_difference_change_from_full"
1997,2,2,4,TRUE,TRUE,0.644703105838769,0,0.389652787080579,0,-0.255050318758189,0,30,0.656544353159961,0.396958974548812,-0.259585378611149,-0.0118412473211927,-0.00730618746823286,0.00453505985295988
1997,3,2,4,TRUE,TRUE,0.592283200128822,0,0.557043466801706,0,-0.0352397333271156,0,30,0.601444727389597,0.565933695409733,-0.0355110319798638,-0.00916152726077546,-0.00889022860802724,0.00027129865274822
1997,4,2,4,TRUE,TRUE,0.566978052094533,0,0.66638503292431,0,0.0994069808297764,0,30,0.576943468633088,0.675924163706872,0.098980695073784,-0.00996541653855487,-0.00953913078256252,0.000426285755992351
1997,5,2,4,TRUE,TRUE,0.536076365457857,0,0.656209778919525,0,0.120133413461668,0,30,0.545630463460236,0.658013394766086,0.112382931305851,-0.00955409800237861,-0.00180361584656175,0.00775048215581685
1998,2,2,4,TRUE,TRUE,0.646726858208169,0,0.389024205174914,0,-0.257702653033255,0,30,0.656544353159961,0.396958974548812,-0.259585378611149,-0.00981749495179196,-0.00793476937389809,0.00188272557789387
1998,3,2,4,TRUE,TRUE,0.591630851108502,0,0.556471307287479,0,-0.0351595438210228,0,30,0.601444727389597,0.565933695409733,-0.0355110319798638,-0.00981387628109487,-0.00946238812225386,0.000351488158841007
1998,4,2,4,TRUE,TRUE,0.565995894156549,0,0.665767164020004,0,0.099771269863455,0,30,0.576943468633088,0.675924163706872,0.098980695073784,-0.0109475744765393,-0.0101569996868683,0.000790574789670928
1998,5,2,4,TRUE,TRUE,0.534757061061306,0,0.655520591940752,0,0.120763530879446,0,30,0.545630463460236,0.658013394766086,0.112382931305851,-0.0108734023989296,-0.00249280282533459,0.00838059957359504
1999,2,2,4,TRUE,TRUE,0.646689393204943,0,0.388540043097892,0,-0.258149350107051,0,30,0.656544353159961,0.396958974548812,-0.259585378611149,-0.00985495995501851,-0.00841893145092015,0.00143602850409835
1999,3,2,4,TRUE,TRUE,0.591495198736479,0,0.555980972173,0,-0.0355142265634782,0,30,0.601444727389597,0.565933695409733,-0.0355110319798638,-0.00994952865311827,-0.00995272323673269,-3.19458361441871e-06
1999,4,2,4,TRUE,TRUE,0.565765371925386,0,0.665318631181701,0,0.0995532592563146,0,30,0.576943468633088,0.675924163706872,0.098980695073784,-0.011178096707702,-0.0106055325251714,0.000572564182530599
1999,5,2,4,TRUE,TRUE,0.534303207395143,0,0.654951384819153,0,0.120648177424009,0,30,0.545630463460236,0.658013394766086,0.112382931305851,-0.0113272560650922,-0.00306200994693362,0.00826524611815858
2000,2,2,4,TRUE,TRUE,0.646364184595187,0,0.38823282415628,0,-0.258131360438908,0,30,0.656544353159961,0.396958974548812,-0.259585378611149,-0.010180168564774,-0.00872615039253233,0.00145401817224167
2000,3,2,4,TRUE,TRUE,0.590887119395866,0,0.555724353825185,0,-0.0351627655706805,0,30,0.601444727389597,0.565933695409733,-0.0355110319798638,-0.0105576079937312,-0.0102093415845479,0.000348266409183284
2000,4,2,4,TRUE,TRUE,0.565005097956556,0,0.665017040096849,0,0.100011942140293,0,30,0.576943468633088,0.675924163706872,0.098980695073784,-0.011938370676532,-0.0109071236100233,0.0010312470665087
2000,5,2,4,TRUE,TRUE,0.533328954759022,0,0.654621872574738,0,0.121292917815716,0,30,0.545630463460236,0.658013394766086,0.112382931305851,-0.0123015087012135,-0.00339152219134786,0.00890998650986562
2001,2,2,4,TRUE,TRUE,0.646109995473584,0,0.388597018134088,0,-0.257512977339496,0,30,0.656544353159961,0.396958974548812,-0.259585378611149,-0.0104343576863771,-0.00836195641472409,0.00207240127165303
2001,3,2,4,TRUE,TRUE,0.590398041734377,0,0.556143837874215,0,-0.0342542038601618,0,30,0.601444727389597,0.565933695409733,-0.0355110319798638,-0.01104668565522,-0.00978985753551798,0.00125682811970207
2001,4,2,4,TRUE,TRUE,0.564614339187083,0,0.665397151148754,0,0.100782811961671,0,30,0.576943468633088,0.675924163706872,0.098980695073784,-0.0123291294460053,-0.0105270125581181,0.00180211688788723
2001,5,2,4,TRUE,TRUE,0.532991207939258,0,0.65512297117269,0,0.122131763233432,0,30,0.545630463460236,0.658013394766086,0.112382931305851,-0.0126392555209777,-0.0028904235933962,0.00974883192758146
2002,2,2,4,TRUE,TRUE,0.64600290106896,0,0.38958534619883,0,-0.25641755487013,0,30,0.656544353159961,0.396958974548812,-0.259585378611149,-0.0105414520910014,-0.00737362834998173,0.0031678237410197
2002,3,2,4,TRUE,TRUE,0.590134340160306,0,0.557176279467006,0,-0.0329580606933001,0,30,0.601444727389597,0.565933695409733,-0.0355110319798638,-0.0113103872292912,-0.0087574159427275,0.00255297128656373
2002,4,2,4,TRUE,TRUE,0.564609770451333,0,0.666415699449902,0,0.101805928998569,0,30,0.576943468633088,0.675924163706872,0.098980695073784,-0.0123336981817546,-0.00950846425696972,0.00282523392478484
2002,5,2,4,TRUE,TRUE,0.53328910619331,0,0.656424917514396,0,0.123135811321086,0,30,0.545630463460236,0.658013394766086,0.112382931305851,-0.0123413572669255,-0.00158847725169053,0.010752880015235
2003,2,2,4,TRUE,TRUE,0.645879020712042,0,0.392185507187123,0,-0.253693513524918,0,30,0.656544353159961,0.396958974548812,-0.259585378611149,-0.0106653324479199,-0.00477346736168888,0.00589186508623102
2003,3,2,4,TRUE,TRUE,0.589886471234983,0,0.559757809735902,0,-0.0301286614990806,0,30,0.601444727389597,0.565933695409733,-0.0355110319798638,-0.0115582561546144,-0.00617588567383109,0.00538237048078327
2003,4,2,4,TRUE,TRUE,0.565106872800637,0,0.667158570484048,0,0.102051697683411,0,30,0.576943468633088,0.675924163706872,0.098980695073784,-0.0118365958324513,-0.008765593222824,0.00307100260962734
2003,5,2,4,TRUE,TRUE,0.534765339712413,0,0.659671363571042,0,0.124906023858629,0,30,0.545630463460236,0.658013394766086,0.112382931305851,-0.0108651237478224,0.0016579688049555,0.0125230925527779
2004,2,2,4,TRUE,TRUE,0.646188972298351,0,0.347032293792212,0,-0.299156678506139,0,30,0.656544353159961,0.396958974548812,-0.259585378611149,-0.0103553808616104,-0.0499266807566005,-0.0395712998949901
2004,3,2,4,TRUE,TRUE,0.59052269508959,0,0.519624460083315,0,-0.070898235006275,0,30,0.601444727389597,0.565933695409733,-0.0355110319798638,-0.0109220323000071,-0.0463092353264183,-0.0353872030264112
2004,4,2,4,TRUE,TRUE,0.568199814332631,0,0.622853592319327,0,0.0546537779866961,0,30,0.576943468633088,0.675924163706872,0.098980695073784,-0.00874365430045698,-0.0530705713875449,-0.0443269170870879
2004,5,2,4,TRUE,TRUE,0.541169449860102,0,0.595128958312938,0,0.0539595084528354,0,30,0.545630463460236,0.658013394766086,0.112382931305851,-0.0044610136001334,-0.0628844364531487,-0.0584234228530153
2005,2,2,4,TRUE,TRUE,0.646983873961536,0,0.346814943481308,0,-0.300168930480229,0,30,0.656544353159961,0.396958974548812,-0.259585378611149,-0.00956047919842495,-0.0501440310675046,-0.0405835518690796
2005,3,2,4,TRUE,TRUE,0.592034415279122,0,0.519373887909269,0,-0.0726605273698537,0,30,0.601444727389597,0.565933695409733,-0.0355110319798638,-0.00941031211047449,-0.0465598075004644,-0.0371494953899899
2005,4,2,4,TRUE,TRUE,0.57296695177058,0,0.62173051825415,0,0.0487635664835698,0,30,0.576943468633088,0.675924163706872,0.098980695073784,-0.00397651686250755,-0.0541936454527218,-0.0502171285902142
2005,5,2,4,TRUE,TRUE,0.550611882326253,0,0.592600415518757,0,0.0419885331925032,0,30,0.545630463460236,0.658013394766086,0.112382931305851,0.00498141886601777,-0.0654129792473297,-0.0703943981133475
2006,2,2,4,TRUE,TRUE,0.648633948673474,0,0.346843814765695,0,-0.301790133907779,0,30,0.656544353159961,0.396958974548812,-0.259585378611149,-0.00791040448648761,-0.050115159783117,-0.0422047552966294
2006,3,2,4,TRUE,TRUE,0.595311442466268,0,0.519470030476646,0,-0.0758414119896227,0,30,0.601444727389597,0.565933695409733,-0.0355110319798638,-0.00613328492332854,-0.0464636649330874,-0.0403303800097589
2006,4,2,4,TRUE,TRUE,0.582339595993591,0,0.621332066721407,0,0.0389924707278158,0,30,0.576943468633088,0.675924163706872,0.098980695073784,0.00539612736050332,-0.054592096985465,-0.0599882243459683
2006,5,2,4,TRUE,TRUE,0.569953371808935,0,0.593675271920432,0,0.0237219001114972,0,30,0.545630463460236,0.658013394766086,0.112382931305851,0.0243229083486992,-0.0643381228456542,-0.0886610311943534
2007,2,2,4,TRUE,TRUE,0.652384519748206,0,0.347317896426141,0,-0.305066623322065,0,30,0.656544353159961,0.396958974548812,-0.259585378611149,-0.00415983341175574,-0.0496410781226711,-0.0454812447109154
2007,3,2,4,TRUE,TRUE,0.603294848881072,0,0.520512770705924,0,-0.0827820781751476,0,30,0.601444727389597,0.565933695409733,-0.0355110319798638,0.0018501214914749,-0.0454209247038089,-0.0472710461952838
2007,4,2,4,TRUE,TRUE,0.606964589550978,0,0.622570334585739,0,0.0156057450347613,0,30,0.576943468633088,0.675924163706872,0.098980695073784,0.0300211209178896,-0.0533538291211332,-0.0833749500390227
2007,5,2,4,TRUE,TRUE,0.564006587913941,0.00615544415625787,0.604259398673991,0,0.0402528107600506,0.00615544415625787,30,0.545630463460236,0.658013394766086,0.112382931305851,0.0183761244537048,-0.0537539960920952,-0.0721301205458
2008,2,2,5,TRUE,FALSE,0.658485980739404,0,0.348617482490797,0,-0.309868498248607,0,30,0.656544353159961,0.396958974548812,-0.259585378611149,0.00194162757944305,-0.0483414920580151,-0.0502831196374582
2008,3,2,5,TRUE,FALSE,0.617478896348437,0,0.522748291856392,0,-0.0947306044920444,0,30,0.601444727389597,0.565933695409733,-0.0355110319798638,0.0160341689588396,-0.043185403553341,-0.0592195725121806
2008,4,2,5,TRUE,FALSE,0.604419741416532,0,0.625410725118613,0,0.0209909837020806,0,30,0.576943468633088,0.675924163706872,0.098980695073784,0.0274762727834442,-0.0505134385882592,-0.0779897113717034
2008,5,2,5,TRUE,FALSE,0.574111893627768,0,0.632112386253202,0,0.0580004926254345,0,30,0.545630463460236,0.658013394766086,0.112382931305851,0.0284814301675319,-0.0259010085128842,-0.0543824386804162
2009,2,2,5,TRUE,FALSE,0.664103691734606,0,0.350072061600443,0,-0.314031630134162,0,30,0.656544353159961,0.396958974548812,-0.259585378611149,0.00755933857464419,-0.0468869129483688,-0.054446251523013
2009,3,2,5,TRUE,FALSE,0.632609639177559,0,0.525166130834003,0,-0.107443508343556,0,30,0.601444727389597,0.565933695409733,-0.0355110319798638,0.0311649117879615,-0.0407675645757304,-0.0719324763636919
2009,4,2,5,TRUE,FALSE,0.582798657026924,0,0.632309691382181,0,0.0495110343552569,0,30,0.576943468633088,0.675924163706872,0.098980695073784,0.00585518839383647,-0.0436144723246906,-0.0494696607185271
2009,5,2,5,TRUE,FALSE,0.534433446891642,0,0.63492942379357,0,0.100495976901928,0,30,0.545630463460236,0.658013394766086,0.112382931305851,-0.0111970165685941,-0.0230839709725167,-0.0118869544039226
2010,2,2,4,TRUE,TRUE,0.675840984134135,0,0.353235792091674,0,-0.322605192042461,0,30,0.656544353159961,0.396958974548812,-0.259585378611149,0.0192966309741731,-0.0437231824571384,-0.0630198134313115
2010,3,2,4,TRUE,TRUE,0.63911551015644,0,0.530093239960598,0,-0.109022270195842,0,30,0.601444727389597,0.565933695409733,-0.0355110319798638,0.037670782766843,-0.0358404554491354,-0.0735112382159784
2010,4,2,4,TRUE,TRUE,0.5653451850159,0,0.647490419439456,0,0.0821452344235553,0,30,0.576943468633088,0.675924163706872,0.098980695073784,-0.0115982836171877,-0.0284337442674165,-0.0168354606502288
2010,5,2,4,TRUE,TRUE,0.548427363970514,0,0.622679813883922,0,0.0742524499134078,0,30,0.545630463460236,0.658013394766086,0.112382931305851,0.0027969005102787,-0.0353335808821641,-0.0381304813924428
2011,2,2,4,TRUE,TRUE,0.69106182423034,0,0.3496526097655,0,-0.34140921446484,0,30,0.656544353159961,0.396958974548812,-0.259585378611149,0.0345174710703784,-0.047306364783312,-0.0818238358536904
2011,3,2,4,TRUE,TRUE,0.617178147273555,0,0.524229449095493,0,-0.0929486981780623,0,30,0.601444727389597,0.565933695409733,-0.0355110319798638,0.0157334198839582,-0.0417042463142403,-0.0574376661981985
2011,4,2,4,TRUE,TRUE,0.585471243260953,0,0.653777131469967,0,0.0683058882090141,0,30,0.576943468633088,0.675924163706872,0.098980695073784,0.00852777462786536,-0.0221470322369046,-0.03067480686477
2011,5,2,4,TRUE,TRUE,0.552029446232753,0.00377785725603315,0.596165297985417,0,0.0441358517526634,0.00377785725603315,30,0.545630463460236,0.658013394766086,0.112382931305851,0.00639898277251738,-0.0618480967806698,-0.0682470795531872
2012,2,2,4,TRUE,TRUE,0.692777211656299,0,0.347311128304007,0,-0.345466083352291,0,30,0.656544353159961,0.396958974548812,-0.259585378611149,0.0362328584963372,-0.0496478462448048,-0.085880704741142
2012,3,2,4,TRUE,TRUE,0.604001566749507,0,0.520193973765239,0,-0.083807592984268,0,30,0.601444727389597,0.565933695409733,-0.0355110319798638,0.00255683935991047,-0.0457397216444937,-0.0482965610044042
2012,4,2,4,TRUE,TRUE,0.597423207069715,0,0.654453120308703,0,0.0570299132389885,0,30,0.576943468633088,0.675924163706872,0.098980695073784,0.0204797384366268,-0.0214710433981687,-0.0419507818347955
2012,5,2,4,TRUE,TRUE,0.568278944279971,0,0.600359524498756,0,0.0320805802187848,0,30,0.545630463460236,0.658013394766086,0.112382931305851,0.0226484808197351,-0.0576538702673307,-0.0803023510870659
2013,2,2,4,TRUE,TRUE,0.68351008152846,0,0.346402316283314,0,-0.337107765245147,0,30,0.656544353159961,0.396958974548812,-0.259585378611149,0.0269657283684988,-0.0505566582654985,-0.0775223866339972
2013,3,2,4,TRUE,TRUE,0.590909182948826,0,0.518155620147413,0,-0.0727535628014125,0,30,0.601444727389597,0.565933695409733,-0.0355110319798638,-0.0105355444407711,-0.0477780752623198,-0.0372425308215487
2013,4,2,4,TRUE,TRUE,0.60126927480658,0,0.63963855968767,0,0.0383692848810895,0,30,0.576943468633088,0.675924163706872,0.098980695073784,0.0243258061734924,-0.0362856040192021,-0.0606114101926946
2013,5,2,4,TRUE,TRUE,0.549927093945992,0,0.630934813938446,0,0.081007719992454,0,30,0.545630463460236,0.658013394766086,0.112382931305851,0.00429663048575635,-0.0270785808276403,-0.0313752113133966
2014,2,2,5,TRUE,FALSE,0.669389961465926,0,0.346593974120947,0,-0.322795987344979,0,30,0.656544353159961,0.396958974548812,-0.259585378611149,0.0128456083059644,-0.0503650004278655,-0.0632106087338299
2014,3,2,5,TRUE,FALSE,0.59427796127772,0,0.51778059830456,0,-0.0764973629731606,0,30,0.601444727389597,0.565933695409733,-0.0355110319798638,-0.00716676611187661,-0.0481530971051733,-0.0409863309932967
2014,4,2,5,TRUE,FALSE,0.589478315661298,0,0.616472354986392,0,0.0269940393250937,0,30,0.576943468633088,0.675924163706872,0.098980695073784,0.01253484702821,-0.0594518087204804,-0.0719866557486903
2014,5,2,5,TRUE,FALSE,0.568698310403859,0.00385327145433583,0.630319628065767,0,0.061621317661908,0.00385327145433583,30,0.545630463460236,0.658013394766086,0.112382931305851,0.0230678469436228,-0.0276937667003198,-0.0507616136439427
2015,2,2,4,TRUE,TRUE,0.659089254826571,0,0.347366625445198,0,-0.311722629381373,0,30,0.656544353159961,0.396958974548812,-0.259585378611149,0.00254490166661003,-0.049592349103614,-0.0521372507702241
2015,3,2,4,TRUE,TRUE,0.613588425657553,0,0.518391315277362,0,-0.0951971103801909,0,30,0.601444727389597,0.565933695409733,-0.0355110319798638,0.0121436982679558,-0.0475423801323712,-0.059686078400327
2015,4,2,4,TRUE,TRUE,0.56607338232181,0,0.61387285889692,0,0.04779947657511,0,30,0.576943468633088,0.675924163706872,0.098980695073784,-0.0108700863112784,-0.0620513048099525,-0.0511812184986741
2015,5,2,4,TRUE,TRUE,0.557651143102465,0,0.598486837513009,0,0.0408356944105441,0,30,0.545630463460236,0.658013394766086,0.112382931305851,0.0120206796422289,-0.0595265572530776,-0.0715472368953065
2016,2,2,4,TRUE,TRUE,0.653296413097242,0,0.347673764599989,0,-0.305622648497253,0,30,0.656544353159961,0.396958974548812,-0.259585378611149,-0.00324794006271956,-0.0492852099488228,-0.0460372698861032
2016,3,2,4,TRUE,TRUE,0.623536958765302,0,0.518687831048295,0,-0.104849127717007,0,30,0.601444727389597,0.565933695409733,-0.0355110319798638,0.0220922313757053,-0.0472458643614382,-0.0693380957371434
2016,4,2,4,TRUE,TRUE,0.566228479367839,0,0.616351318358487,0,0.050122838990648,0,30,0.576943468633088,0.675924163706872,0.098980695073784,-0.0107149892652486,-0.0595728453483847,-0.0488578560831361
2016,5,2,4,TRUE,TRUE,0.565249568317699,0,0.592253400682061,0,0.0270038323643623,0,30,0.545630463460236,0.658013394766086,0.112382931305851,0.019619104857463,-0.0657599940840253,-0.0853790989414883
2017,2,2,4,TRUE,TRUE,0.651025396788875,0,0.3470382683753,0,-0.303987128413575,0,30,0.656544353159961,0.396958974548812,-0.259585378611149,-0.00551895637108657,-0.049920706173512,-0.0444017498024254
2017,3,2,4,TRUE,TRUE,0.634329070243345,0,0.518349853155826,0,-0.115979217087519,0,30,0.601444727389597,0.565933695409733,-0.0355110319798638,0.0328843428537482,-0.0475838422539074,-0.0804681851076556
2017,4,2,4,TRUE,TRUE,0.593110151281154,0,0.626521578242983,0,0.0334114269618286,0,30,0.576943468633088,0.675924163706872,0.098980695073784,0.0161666826480663,-0.0494025854638891,-0.0655692681119554
2017,5,2,4,TRUE,TRUE,0.566962547871941,0,0.603891453151101,0,0.0369289052791599,0,30,0.545630463460236,0.658013394766086,0.112382931305851,0.0213320844117055,-0.0541219416149852,-0.0754540260266907
2018,2,2,4,TRUE,TRUE,0.649743359136026,0,0.338720767507627,0,-0.311022591628399,0,30,0.656544353159961,0.396958974548812,-0.259585378611149,-0.00680099402393586,-0.0582382070411853,-0.0514372130172494
2018,3,2,4,TRUE,TRUE,0.634975161703594,0,0.510510865187027,0,-0.124464296516567,0,30,0.601444727389597,0.565933695409733,-0.0355110319798638,0.0335304343139972,-0.0554228302227057,-0.0889532645367028
2018,4,2,4,TRUE,TRUE,0.605152602628554,0,0.619319625487895,0,0.0141670228593405,0,30,0.576943468633088,0.675924163706872,0.098980695073784,0.0282091339954663,-0.0566045382189773,-0.0848136722144436
2018,5,2,4,TRUE,TRUE,0.570978986193864,0.00520451398220341,0.593434782329526,0,0.0224557961356618,0.00520451398220341,30,0.545630463460236,0.658013394766086,0.112382931305851,0.0253485227336285,-0.0645786124365603,-0.0899271351701889
2019,2,2,4,TRUE,TRUE,0.649489448895072,0,0.332512026156205,0,-0.316977422738867,0,30,0.656544353159961,0.396958974548812,-0.259585378611149,-0.00705490426488919,-0.0644469483926069,-0.0573920441277177
2019,3,2,4,TRUE,TRUE,0.609427678426805,0,0.504841374586478,0,-0.104586303840327,0,30,0.601444727389597,0.565933695409733,-0.0355110319798638,0.00798295103720792,-0.0610923208232553,-0.0690752718604632
2019,4,2,4,TRUE,TRUE,0.598413457765975,0,0.614194016083246,0,0.0157805583172713,0,30,0.576943468633088,0.675924163706872,0.098980695073784,0.0214699891328868,-0.0617301476236259,-0.0832001367565127
2019,5,2,4,TRUE,TRUE,0.571815624959509,0,0.58674270782392,0,0.0149270828644114,0,30,0.545630463460236,0.658013394766086,0.112382931305851,0.0261851614992734,-0.0712706869421659,-0.0974558484414393
2020,2,2,4,TRUE,TRUE,0.650397166004029,0,0.331375111537823,0,-0.319022054466206,0,30,0.656544353159961,0.396958974548812,-0.259585378611149,-0.00614718715593277,-0.0655838630109893,-0.0594366758550565
2020,3,2,4,TRUE,TRUE,0.593347816536895,0,0.503975862115099,0,-0.0893719544217955,0,30,0.601444727389597,0.565933695409733,-0.0355110319798638,-0.00809691085270248,-0.0619578332946341,-0.0538609224419316
2020,4,2,4,TRUE,TRUE,0.578890255624095,0,0.613620951549165,0,0.0347306959250691,0,30,0.576943468633088,0.675924163706872,0.098980695073784,0.00194678699100748,-0.0623032121577075,-0.064249999148715
2020,5,2,4,TRUE,TRUE,0.564326104955594,0,0.586059755700244,0,0.0217336507446504,0,30,0.545630463460236,0.658013394766086,0.112382931305851,0.0186956414953579,-0.0719536390658424,-0.0906492805612003
2021,2,2,4,TRUE,TRUE,0.652851679277495,0,0.332225084793694,0,-0.320626594483801,0,30,0.656544353159961,0.396958974548812,-0.259585378611149,-0.0036926738824663,-0.064733889755118,-0.0610412158726517
2021,3,2,4,TRUE,TRUE,0.592301777618328,0,0.505079875973193,0,-0.0872219016451343,0,30,0.601444727389597,0.565933695409733,-0.0355110319798638,-0.00914294977126928,-0.0608538194365398,-0.0517108696652705
2021,4,2,4,TRUE,TRUE,0.565641408089021,0,0.614756505058316,0,0.0491150969692953,0,30,0.576943468633088,0.675924163706872,0.098980695073784,-0.0113020605440675,-0.0611676586485562,-0.0498655981044888
2021,5,2,4,TRUE,TRUE,0.561732631061629,0,0.587586824476268,0,0.0258541934146392,0,30,0.545630463460236,0.658013394766086,0.112382931305851,0.0161021676013935,-0.0704265702898179,-0.0865287378912114
2022,2,2,4,TRUE,TRUE,0.655857533345037,0,0.336258138669962,0,-0.319599394675075,0,30,0.656544353159961,0.396958974548812,-0.259585378611149,-0.000686819814923911,-0.0607008358788499,-0.060014016063926
2022,3,2,4,TRUE,TRUE,0.595902968231211,0,0.509028632606875,0,-0.0868743356243358,0,30,0.601444727389597,0.565933695409733,-0.0355110319798638,-0.00554175915838595,-0.0569050628028579,-0.0513633036444719
2022,4,2,4,TRUE,TRUE,0.565547356819918,0,0.618456718887602,0,0.0529093620676843,0,30,0.576943468633088,0.675924163706872,0.098980695073784,-0.0113961118131704,-0.0574674448192701,-0.0460713330060998
2022,5,2,4,TRUE,TRUE,0.537879936201137,0,0.592065057665704,0,0.054185121464567,0,30,0.545630463460236,0.658013394766086,0.112382931305851,-0.00775052725909819,-0.0659483371003818,-0.0581978098412837
2023,2,2,4,TRUE,TRUE,0.659351792717704,0,0.342440499150283,0,-0.316911293567421,0,30,0.656544353159961,0.396958974548812,-0.259585378611149,0.00280743955774265,-0.054518475398529,-0.0573259149562717
2023,3,2,4,TRUE,TRUE,0.601899904419682,0,0.514845097896171,0,-0.0870548065235109,0,30,0.601444727389597,0.565933695409733,-0.0355110319798638,0.000455177030084686,-0.0510885975135624,-0.0515437745436471
2023,4,2,4,TRUE,TRUE,0.572525761631608,0,0.623742977044397,0,0.0512172154127896,0,30,0.576943468633088,0.675924163706872,0.098980695073784,-0.00441770700148025,-0.0521811866624747,-0.0477634796609945
2023,5,2,4,TRUE,TRUE,0.548874289386359,0,0.598158065213664,0,0.0492837758273053,0,30,0.545630463460236,0.658013394766086,0.112382931305851,0.00324382592612305,-0.0598553295524223,-0.0630991554785454
