"dataset","representation","method","k","metric","n_runs","mean","sd","se","ci_lower","ci_upper","min","max","confidence_level"
"banknote_authentication","original","kmeans",2,"adjusted_rand_index",30,0.0132158327785109,0,0,0.0132158327785109,0.0132158327785109,0.0132158327785109,0.0132158327785109,0.95
"banknote_authentication","original","kmeans",2,"clustering_accuracy",30,0.559037900874636,0,0,0.559037900874636,0.559037900874636,0.559037900874636,0.559037900874636,0.95
"banknote_authentication","original","kmeans",2,"purity",30,0.559037900874636,0,0,0.559037900874636,0.559037900874636,0.559037900874636,0.559037900874636,0.95
"banknote_authentication","original","kmeans",2,"silhouette",30,0.328565193998171,0.00346649027392344,0.00063289163946671,0.327270785256876,0.329859602739466,0.32102529611354,0.336974960110666,0.95
"banknote_authentication","original","kmeans",2,"normalized_mutual_information",30,0.0109953454890105,0,0,0.0109953454890105,0.0109953454890105,0.0109953454890105,0.0109953454890105,0.95
"banknote_authentication","original","kmeans",2,"davies_bouldin",30,1.19969173009006,0,0,1.19969173009006,1.19969173009006,1.19969173009006,1.19969173009006,0.95
"banknote_authentication","original","kmeans",2,"calinski_harabasz",30,807.220211650388,0,0,807.220211650388,807.220211650388,807.220211650388,807.220211650388,0.95
"banknote_authentication","original","kmeans",2,"total_withinss",30,3450.76715703685,0,0,3450.76715703685,3450.76715703685,3450.76715703685,3450.76715703685,0.95
"banknote_authentication","original","kmeans",2,"runtime_sec",30,0.0139999999999911,0.00723973708800257,0.00132178910450192,0.0112966377428157,0.0167033622571664,0,0.0299999999999727,0.95
"banknote_authentication","sparsified","kmeans",2,"adjusted_rand_index",30,0.0236233590677363,0,0,0.0236233590677363,0.0236233590677363,0.0236233590677363,0.0236233590677363,0.95
"banknote_authentication","sparsified","kmeans",2,"clustering_accuracy",30,0.57798833819242,0,0,0.57798833819242,0.57798833819242,0.57798833819242,0.57798833819242,0.95
"banknote_authentication","sparsified","kmeans",2,"purity",30,0.57798833819242,0,0,0.57798833819242,0.57798833819242,0.57798833819242,0.57798833819242,0.95
"banknote_authentication","sparsified","kmeans",2,"silhouette",30,0.139476526801002,0.00150420167923027,0.00027462839691719,0.138914848663056,0.140038204938949,0.136406469012598,0.143062927790382,0.95
"banknote_authentication","sparsified","kmeans",2,"normalized_mutual_information",30,0.0182718984054328,0,0,0.0182718984054328,0.0182718984054328,0.0182718984054328,0.0182718984054328,0.95
"banknote_authentication","sparsified","kmeans",2,"davies_bouldin",30,2.49238481819171,0,0,2.49238481819171,2.49238481819171,2.49238481819171,2.49238481819171,0.95
"banknote_authentication","sparsified","kmeans",2,"calinski_harabasz",30,209.752515034186,0,0,209.752515034186,209.752515034186,209.752515034186,209.752515034186,0.95
"banknote_authentication","sparsified","kmeans",2,"total_withinss",30,19023.4354520706,0,0,19023.4354520706,19023.4354520706,19023.4354520706,19023.4354520706,0.95
"banknote_authentication","sparsified","kmeans",2,"runtime_sec",30,0.0266666666666614,0.00711159002219583,0.00129839275829511,0.0240111553102658,0.029322178023057,0.00999999999999091,0.0400000000000773,0.95
"breast_tissue","original","kmeans",6,"adjusted_rand_index",30,0.291006662763518,0.00981283514858048,0.0017915703879857,0.287342489900042,0.294670835626993,0.285080124199285,0.309400070335959,0.95
"breast_tissue","original","kmeans",6,"clustering_accuracy",30,0.488679245283019,0.0127295220313812,0.00232408212094883,0.483925963638504,0.493432526927534,0.481132075471698,0.509433962264151,0.95
"breast_tissue","original","kmeans",6,"purity",30,0.559748427672956,0.0172239797957599,0.00314465408805031,0.553316887917822,0.56617996742809,0.537735849056604,0.584905660377358,0.95
"breast_tissue","original","kmeans",6,"silhouette",30,0.382241468716138,0.0365437548032508,0.0066719462805594,0.368595806412421,0.395887131019855,0.317369679087754,0.413581868061714,0.95
"breast_tissue","original","kmeans",6,"normalized_mutual_information",30,0.530644670587473,0.0185833624740701,0.00339284227378107,0.523705528998055,0.537583812176891,0.506694541551457,0.566162681638399,0.95
"breast_tissue","original","kmeans",6,"davies_bouldin",30,0.86543964027732,0.0164494271247027,0.00300324076474566,0.8592973232428,0.871581957311839,0.830576042228012,0.885087069926655,0.95
"breast_tissue","original","kmeans",6,"calinski_harabasz",30,80.5941832265551,0.952694510392792,0.173937424584491,80.2384412499187,80.9499252031916,78.8968887364918,81.1312590558139,0.95
"breast_tissue","original","kmeans",6,"total_withinss",30,187.900111854421,1.80064281759126,0.328750896401465,187.227740776223,188.572482932619,186.885837044402,191.108135366711,0.95
"breast_tissue","original","kmeans",6,"runtime_sec",30,0.00766666666666917,0.00773854362727512,0.00141285830229881,0.00477704698667435,0.010556286346664,0,0.0200000000000387,0.95
"breast_tissue","sparsified","kmeans",6,"adjusted_rand_index",30,0.360852644896783,0,0,0.360852644896783,0.360852644896783,0.360852644896783,0.360852644896783,0.95
"breast_tissue","sparsified","kmeans",6,"clustering_accuracy",30,0.528301886792453,0,0,0.528301886792453,0.528301886792453,0.528301886792453,0.528301886792453,0.95
"breast_tissue","sparsified","kmeans",6,"purity",30,0.584905660377358,0,0,0.584905660377358,0.584905660377358,0.584905660377358,0.584905660377358,0.95
"breast_tissue","sparsified","kmeans",6,"silhouette",30,0.200332908641517,0,0,0.200332908641517,0.200332908641517,0.200332908641517,0.200332908641517,0.95
"breast_tissue","sparsified","kmeans",6,"normalized_mutual_information",30,0.504223002635815,7.14170412699696e-17,1.30389081646132e-17,0.504223002635815,0.504223002635815,0.504223002635815,0.504223002635815,0.95
"breast_tissue","sparsified","kmeans",6,"davies_bouldin",30,1.65878204024842,0,0,1.65878204024842,1.65878204024842,1.65878204024842,1.65878204024842,0.95
"breast_tissue","sparsified","kmeans",6,"calinski_harabasz",30,16.9674240727929,2.46845507156355e-15,4.50676174961129e-16,16.9674240727929,16.9674240727929,16.9674240727929,16.9674240727929,0.95
"breast_tissue","sparsified","kmeans",6,"total_withinss",30,2045.04376207374,0,0,2045.04376207374,2045.04376207374,2045.04376207374,2045.04376207374,0.95
"breast_tissue","sparsified","kmeans",6,"runtime_sec",30,0.0106666666666683,0.0082768198679453,0.00151113364869352,0.00757605133513619,0.0137572819982005,0,0.0200000000000387,0.95
"hcv","original","kmeans",5,"adjusted_rand_index",30,0.0902007489235031,0.0309498979932223,0.00565065242779057,0.0786438670807967,0.10175763076621,0.0670242185350035,0.170734549254177,0.95
"hcv","original","kmeans",5,"clustering_accuracy",30,0.442113821138211,0.0592784654677603,0.0108227175703278,0.419978878354947,0.464248763921476,0.4,0.55609756097561,0.95
"hcv","original","kmeans",5,"purity",30,0.898373983739837,0.00330072876466345,0.000602627866870777,0.897141471363338,0.899606496116337,0.891056910569106,0.902439024390244,0.95
"hcv","original","kmeans",5,"silhouette",30,0.212213748390169,0.0326484557429438,0.0059607652260398,0.200022614660079,0.22440488212026,0.186222422811899,0.267688873490355,0.95
"hcv","original","kmeans",5,"normalized_mutual_information",30,0.174761572037331,0.0302340296731014,0.00551995335207939,0.163471999818468,0.186051144256193,0.140686883817177,0.245528938048291,0.95
"hcv","original","kmeans",5,"davies_bouldin",30,1.63228345758688,0.148581834585616,0.0271272074793476,1.57680208874183,1.68776482643192,1.43121890629482,1.92328159728694,0.95
"hcv","original","kmeans",5,"calinski_harabasz",30,97.6698396978909,1.53275927566276,0.279842276835257,97.0974979781856,98.2421814175963,94.0873879708124,100.014802495243,0.95
"hcv","original","kmeans",5,"total_withinss",30,4865.89201469767,29.9838950336786,5.47428522393764,4854.69584428818,4877.08818510716,4820.52928371569,4936.40412843857,0.95
"hcv","original","kmeans",5,"runtime_sec",30,0.0373333333333335,0.012015315896473,0.00219368651734955,0.0328467406425033,0.0418199260241636,0.0199999999999818,0.0699999999999932,0.95
"hcv","sparsified","kmeans",5,"adjusted_rand_index",30,0.0704947641939636,0.0159175862648203,0.00290614035275883,0.0645510398003032,0.0764384885876239,0.0537032489350561,0.0999984459184359,0.95
"hcv","sparsified","kmeans",5,"clustering_accuracy",30,0.363252032520325,0.0344522852715496,0.00629009793361025,0.350387337774588,0.376116727266063,0.32520325203252,0.416260162601626,0.95
"hcv","sparsified","kmeans",5,"purity",30,0.898048780487805,0.00121904485952514,0.000222566122724211,0.897593581656275,0.898503979319335,0.895934959349593,0.899186991869919,0.95
"hcv","sparsified","kmeans",5,"silhouette",30,0.0440562951903677,0.00375703667385778,0.000685937911882029,0.0426533946403239,0.0454591957404114,0.039905119892135,0.0491801350200663,0.95
"hcv","sparsified","kmeans",5,"normalized_mutual_information",30,0.177477761133652,0.00745325521769328,0.00136077200319123,0.174694669896541,0.180260852370763,0.169955270028049,0.187897214028425,0.95
"hcv","sparsified","kmeans",5,"davies_bouldin",30,3.38975232473749,0.235266090801692,0.0429535149827151,3.30190252266105,3.47760212681393,3.06547117773621,3.64120025368179,0.95
"hcv","sparsified","kmeans",5,"calinski_harabasz",30,28.1247934240043,0.0648665298027991,0.0118429538666914,28.1005718637057,28.1490149843028,28.0527991281564,28.2181894038452,0.95
"hcv","sparsified","kmeans",5,"total_withinss",30,23846.175573779,8.56346855523468,1.56346829939607,23842.9779220685,23849.3732254895,23833.8487908087,23855.6811126628,0.95
"hcv","sparsified","kmeans",5,"runtime_sec",30,0.146000000000006,0.0489616317059632,0.00893913004587207,0.127717426255309,0.164282573744702,0.0900000000000318,0.240000000000009,0.95
"statlog_image_segmentation","original","kmeans",7,"adjusted_rand_index",30,0.463658256605698,0.00608669295078896,0.00111127300991827,0.461385448105311,0.465931065106085,0.459982026912638,0.477380756074537,0.95
"statlog_image_segmentation","original","kmeans",7,"clustering_accuracy",30,0.552265512265512,0.0152236074469003,0.00277943773509031,0.546580923821243,0.557950100709781,0.545021645021645,0.586580086580087,0.95
"statlog_image_segmentation","original","kmeans",7,"purity",30,0.561529581529582,0.0169134169650879,0.00308795333208974,0.555214007841269,0.567845155217894,0.553679653679654,0.5995670995671,0.95
"statlog_image_segmentation","original","kmeans",7,"silhouette",30,0.346710397978708,0.0208130208222586,0.00379992033139192,0.338938688279202,0.354482107678213,0.294491305086371,0.364310471523898,0.95
"statlog_image_segmentation","original","kmeans",7,"normalized_mutual_information",30,0.590025643137036,0.00520508014107063,0.000950313268962186,0.588082034270042,0.591969252004029,0.585719552102595,0.600181794200953,0.95
"statlog_image_segmentation","original","kmeans",7,"davies_bouldin",30,1.1135211213023,0.0713392580015082,0.0130247069477023,1.08688260457276,1.14015963803183,1.08094539614402,1.27064992329709,0.95
"statlog_image_segmentation","original","kmeans",7,"calinski_harabasz",30,849.765261055999,2.58901821285718,0.47268789232453,848.79850576714,850.732016344858,844.054177828497,850.964517561003,0.95
"statlog_image_segmentation","original","kmeans",7,"total_withinss",30,12932.0422787127,27.2414292928313,4.9735817741219,12921.8701618407,12942.2143955847,12919.427247501,12992.1355620804,0.95
"statlog_image_segmentation","original","kmeans",7,"runtime_sec",30,0.282333333333349,0.110005746976304,0.0200842096913758,0.241256512333739,0.32341015433296,0.139999999999986,0.550000000000068,0.95
"statlog_image_segmentation","sparsified","kmeans",7,"adjusted_rand_index",30,0.492674273775267,0.0171209212516237,0.0031258382582613,0.486281216712959,0.499067330837576,0.440699602050363,0.509810690885779,0.95
"statlog_image_segmentation","sparsified","kmeans",7,"clustering_accuracy",30,0.606017316017316,0.0116283646242744,0.00212303920387005,0.601675213306151,0.610359418728481,0.574025974025974,0.616017316017316,0.95
"statlog_image_segmentation","sparsified","kmeans",7,"purity",30,0.625252525252525,0.0147227119212085,0.00268798714229871,0.619754974271424,0.630750076233626,0.581385281385281,0.633333333333333,0.95
"statlog_image_segmentation","sparsified","kmeans",7,"silhouette",30,0.192493828131942,0.00613576503389157,0.00112023230553795,0.190202695814581,0.194784960449303,0.175331552913928,0.207672127754034,0.95
"statlog_image_segmentation","sparsified","kmeans",7,"normalized_mutual_information",30,0.627385768531691,0.00930078400808592,0.00169808306790399,0.62391279870641,0.630858738356971,0.597834796259417,0.632595205726259,0.95
"statlog_image_segmentation","sparsified","kmeans",7,"davies_bouldin",30,1.85535507325617,0.0355054083454895,0.00648237102141893,1.84209713589186,1.86861301062048,1.84179148844557,2.04248651343061,0.95
"statlog_image_segmentation","sparsified","kmeans",7,"calinski_harabasz",30,289.668739416209,1.69195735488902,0.308907736536498,289.03695215676,290.300526675657,282.961268023359,290.34360748439,0.95
"statlog_image_segmentation","sparsified","kmeans",7,"total_withinss",30,86850.8928105914,219.698354203329,40.1112481479744,86768.8560968962,86932.9295242866,86763.4198954586,87724.0110837497,0.95
"statlog_image_segmentation","sparsified","kmeans",7,"runtime_sec",30,0.790999999999997,0.260521360564436,0.0475644752976927,0.693719725208667,0.888280274791327,0.42999999999995,1.36000000000001,0.95
"user_knowledge_modeling","original","kmeans",5,"adjusted_rand_index",30,0.102354758653287,0.00199429431871713,0.000364106661555256,0.101610076916176,0.103099440390398,0.0957576840111761,0.105742700805764,0.95
"user_knowledge_modeling","original","kmeans",5,"clustering_accuracy",30,0.377832919768404,0.00491693263871971,0.000897704973320061,0.375996906947079,0.379668932589728,0.37468982630273,0.387096774193548,0.95
"user_knowledge_modeling","original","kmeans",5,"purity",30,0.462448304383788,0.00506790904217055,0.000925269367260404,0.46055591604691,0.464340692720667,0.459057071960298,0.471464019851117,0.95
"user_knowledge_modeling","original","kmeans",5,"silhouette",30,0.182259128008739,0.000309342357402093,5.64779290469839e-05,0.182143617674126,0.182374638343352,0.181411092497853,0.182436221743452,0.95
"user_knowledge_modeling","original","kmeans",5,"normalized_mutual_information",30,0.197857109500819,0.0037113275035619,0.000677592597330062,0.19647127703547,0.199242941966168,0.183794554634433,0.201935519978625,0.95
"user_knowledge_modeling","original","kmeans",5,"davies_bouldin",30,1.46206375588192,0.00522963511197904,0.000954796372783992,1.4601109780381,1.46401653372573,1.45708707724099,1.47187391481817,0.95
"user_knowledge_modeling","original","kmeans",5,"calinski_harabasz",30,79.6884000824061,0.0106486313023744,0.00194416519028869,79.6844238181298,79.6923763466825,79.63642678889,79.6926717209739,0.95
"user_knowledge_modeling","original","kmeans",5,"total_withinss",30,1116.11577864941,0.0663432493739178,0.0121125647400951,1116.09100567296,1116.14055162585,1116.08916859847,1116.43959626197,0.95
"user_knowledge_modeling","original","kmeans",5,"runtime_sec",30,0.0166666666666705,0.00758098043579593,0.00138409133089692,0.0138358820493012,0.0194974512840397,0.00999999999999091,0.0300000000000864,0.95
"user_knowledge_modeling","sparsified","kmeans",5,"adjusted_rand_index",30,0.430231299801155,0.0127957637919427,0.00233617615645162,0.425453283076736,0.435009316525573,0.393249719280232,0.435089535829713,0.95
"user_knowledge_modeling","sparsified","kmeans",5,"clustering_accuracy",30,0.650868486352357,0.0163969947776017,0.00299366797166228,0.64474574787801,0.656991224826704,0.60545905707196,0.657568238213399,0.95
"user_knowledge_modeling","sparsified","kmeans",5,"purity",30,0.728701406120761,0.00453037681972844,0.000827129859387927,0.727009735614448,0.730393076627074,0.727047146401985,0.744416873449132,0.95
"user_knowledge_modeling","sparsified","kmeans",5,"silhouette",30,0.11848153501612,0.00121537978601534,0.000221896974912134,0.11802770474553,0.11893536528671,0.118092888037872,0.122885277272611,0.95
"user_knowledge_modeling","sparsified","kmeans",5,"normalized_mutual_information",30,0.509856367582992,0.00353536790013658,0.000645466915994826,0.508536239513384,0.511176495652601,0.504341714188959,0.521463520820006,0.95
"user_knowledge_modeling","sparsified","kmeans",5,"davies_bouldin",30,2.38431058151482,0.020099731746957,0.0036696921592037,2.37680521833332,2.39181594469633,2.31356419011511,2.39142461565677,0.95
"user_knowledge_modeling","sparsified","kmeans",5,"calinski_harabasz",30,30.2074959313393,0.26261686203937,0.0479470597733951,30.1094331834376,30.3055586792409,29.5344933247904,30.3203882846728,0.95
"user_knowledge_modeling","sparsified","kmeans",5,"total_withinss",30,6167.59406789392,12.5361685198696,2.28878076100624,6162.91298563717,6172.27515015067,6162.20618787393,6199.73760028943,0.95
"user_knowledge_modeling","sparsified","kmeans",5,"runtime_sec",30,0.0263333333333586,0.0106619961038987,0.00194660525804583,0.0223520785580719,0.0303145881086454,0.00999999999999091,0.0500000000000682,0.95
"vehicle_silhouettes","original","kmeans",4,"adjusted_rand_index",30,0.0750530370881293,0.00171108611284078,0.000312400153945575,0.074414107033073,0.0756919671431856,0.0713641621664159,0.0761244520806915,0.95
"vehicle_silhouettes","original","kmeans",4,"clustering_accuracy",30,0.360874704491726,0.00515843734151486,0.000941797497808224,0.358948512332322,0.36280089665113,0.355791962174941,0.373522458628842,0.95
"vehicle_silhouettes","original","kmeans",4,"purity",30,0.36816390858944,0.00218911925049564,0.000399676664855088,0.36734647802721,0.368981339151671,0.366430260047281,0.373522458628842,0.95
"vehicle_silhouettes","original","kmeans",4,"silhouette",30,0.297237128156582,0.02045001468987,0.00373364478231794,0.289600967174592,0.304873289138573,0.245994971229242,0.305389094559658,0.95
"vehicle_silhouettes","original","kmeans",4,"normalized_mutual_information",30,0.113849971223032,0.00706661159906122,0.00129018085931116,0.111211255085857,0.116488687360208,0.0962758020033971,0.117064874760899,0.95
"vehicle_silhouettes","original","kmeans",4,"davies_bouldin",30,1.13421628742754,0.169094955905513,0.0308723739032637,1.07107519319758,1.1973573816575,1.06835040952416,1.55805879384586,0.95
"vehicle_silhouettes","original","kmeans",4,"calinski_harabasz",30,424.090374806018,25.5906951467407,4.67220033136929,414.534652194319,433.646097417717,359.94330559651,433.9752360232,0.95
"vehicle_silhouettes","original","kmeans",4,"total_withinss",30,6065.69776803807,238.632540751567,43.568141841468,5976.59091289126,6154.80462318488,5973.53721343796,6663.86754005481,0.95
"vehicle_silhouettes","original","kmeans",4,"runtime_sec",30,0.0380000000000071,0.00886683086873827,0.00161885442679703,0.0346890709400241,0.0413109290599901,0.0299999999999727,0.0500000000000682,0.95
"vehicle_silhouettes","sparsified","kmeans",4,"adjusted_rand_index",30,0.12015079256137,0,0,0.12015079256137,0.12015079256137,0.12015079256137,0.12015079256137,0.95
"vehicle_silhouettes","sparsified","kmeans",4,"clustering_accuracy",30,0.449172576832151,0,0,0.449172576832151,0.449172576832151,0.449172576832151,0.449172576832151,0.95
"vehicle_silhouettes","sparsified","kmeans",4,"purity",30,0.449172576832151,0,0,0.449172576832151,0.449172576832151,0.449172576832151,0.449172576832151,0.95
"vehicle_silhouettes","sparsified","kmeans",4,"silhouette",30,0.164645437655601,0,0,0.164645437655601,0.164645437655601,0.164645437655601,0.164645437655601,0.95
"vehicle_silhouettes","sparsified","kmeans",4,"normalized_mutual_information",30,0.179403807810797,1.92848052465902e-17,3.52090761688382e-18,0.179403807810797,0.179403807810797,0.179403807810797,0.179403807810797,0.95
"vehicle_silhouettes","sparsified","kmeans",4,"davies_bouldin",30,2.12092692130962,0,0,2.12092692130962,2.12092692130962,2.12092692130962,2.12092692130962,0.95
"vehicle_silhouettes","sparsified","kmeans",4,"calinski_harabasz",30,116.588529035499,1.44537929064543e-14,2.63888947212439e-15,116.588529035499,116.588529035499,116.588529035499,116.588529035499,0.95
"vehicle_silhouettes","sparsified","kmeans",4,"total_withinss",30,42984.359134227,0,0,42984.359134227,42984.359134227,42984.359134227,42984.359134227,0.95
"vehicle_silhouettes","sparsified","kmeans",4,"runtime_sec",30,0.136999999999997,0.0126354727815633,0.00230691115573493,0.132281836922521,0.141718163077472,0.110000000000014,0.159999999999968,0.95
"vertebral_column_2classes","original","kmeans",2,"adjusted_rand_index",30,0.101851901452218,0,0,0.101851901452218,0.101851901452218,0.101851901452218,0.101851901452218,0.95
"vertebral_column_2classes","original","kmeans",2,"clustering_accuracy",30,0.664516129032258,0,0,0.664516129032258,0.664516129032258,0.664516129032258,0.664516129032258,0.95
"vertebral_column_2classes","original","kmeans",2,"purity",30,0.67741935483871,0,0,0.67741935483871,0.67741935483871,0.67741935483871,0.67741935483871,0.95
"vertebral_column_2classes","original","kmeans",2,"silhouette",30,0.362901784727651,0,0,0.362901784727651,0.362901784727651,0.362901784727651,0.362901784727651,0.95
"vertebral_column_2classes","original","kmeans",2,"normalized_mutual_information",30,0.160871796150058,0,0,0.160871796150058,0.160871796150058,0.160871796150058,0.160871796150058,0.95
"vertebral_column_2classes","original","kmeans",2,"davies_bouldin",30,1.13086105904364,0,0,1.13086105904364,1.13086105904364,1.13086105904364,1.13086105904364,0.95
"vertebral_column_2classes","original","kmeans",2,"calinski_harabasz",30,189.338916000659,0,0,189.338916000659,189.338916000659,189.338916000659,189.338916000659,0.95
"vertebral_column_2classes","original","kmeans",2,"total_withinss",30,1148.17477906604,0,0,1148.17477906604,1148.17477906604,1148.17477906604,1148.17477906604,0.95
"vertebral_column_2classes","original","kmeans",2,"runtime_sec",30,0.00633333333333136,0.0085028730776491,0.0015524051294106,0.00315830834606196,0.00950835832060077,0,0.0199999999999818,0.95
"vertebral_column_2classes","sparsified","kmeans",2,"adjusted_rand_index",30,0.127615996358667,0,0,0.127615996358667,0.127615996358667,0.127615996358667,0.127615996358667,0.95
"vertebral_column_2classes","sparsified","kmeans",2,"clustering_accuracy",30,0.680645161290323,0,0,0.680645161290323,0.680645161290323,0.680645161290323,0.680645161290323,0.95
"vertebral_column_2classes","sparsified","kmeans",2,"purity",30,0.680645161290323,0,0,0.680645161290323,0.680645161290323,0.680645161290323,0.680645161290323,0.95
"vertebral_column_2classes","sparsified","kmeans",2,"silhouette",30,0.131109289559502,0,0,0.131109289559502,0.131109289559502,0.131109289559502,0.131109289559502,0.95
"vertebral_column_2classes","sparsified","kmeans",2,"normalized_mutual_information",30,0.137800384607136,0,0,0.137800384607136,0.137800384607136,0.137800384607136,0.137800384607136,0.95
"vertebral_column_2classes","sparsified","kmeans",2,"davies_bouldin",30,2.48914907576522,0,0,2.48914907576522,2.48914907576522,2.48914907576522,2.48914907576522,0.95
"vertebral_column_2classes","sparsified","kmeans",2,"calinski_harabasz",30,46.8436435366002,0,0,46.8436435366002,46.8436435366002,46.8436435366002,46.8436435366002,0.95
"vertebral_column_2classes","sparsified","kmeans",2,"total_withinss",30,6436.99849667568,0,0,6436.99849667568,6436.99849667568,6436.99849667568,6436.99849667568,0.95
"vertebral_column_2classes","sparsified","kmeans",2,"runtime_sec",30,0.0103333333333353,0.00999425122114259,0.00182469227973112,0.00660141859505853,0.0140652480716121,0,0.0300000000000864,0.95
"vertebral_column_3classes","original","kmeans",3,"adjusted_rand_index",30,0.211391479326811,0,0,0.211391479326811,0.211391479326811,0.211391479326811,0.211391479326811,0.95
"vertebral_column_3classes","original","kmeans",3,"clustering_accuracy",30,0.467741935483871,0,0,0.467741935483871,0.467741935483871,0.467741935483871,0.467741935483871,0.95
"vertebral_column_3classes","original","kmeans",3,"purity",30,0.667741935483871,0,0,0.667741935483871,0.667741935483871,0.667741935483871,0.667741935483871,0.95
"vertebral_column_3classes","original","kmeans",3,"silhouette",30,0.295131105194198,0,0,0.295131105194198,0.295131105194198,0.295131105194198,0.295131105194198,0.95
"vertebral_column_3classes","original","kmeans",3,"normalized_mutual_information",30,0.303127128830606,2.30497509561667e-17,4.20828951452292e-18,0.303127128830606,0.303127128830606,0.303127128830605,0.303127128830606,0.95
"vertebral_column_3classes","original","kmeans",3,"davies_bouldin",30,1.298552774954,0,0,1.298552774954,1.298552774954,1.298552774954,1.298552774954,0.95
"vertebral_column_3classes","original","kmeans",3,"calinski_harabasz",30,153.595924480553,0,0,153.595924480553,153.595924480553,153.595924480553,153.595924480553,0.95
"vertebral_column_3classes","original","kmeans",3,"total_withinss",30,926.710442287299,0,0,926.710442287299,926.710442287299,926.710442287299,926.710442287299,0.95
"vertebral_column_3classes","original","kmeans",3,"runtime_sec",30,0.0133333333333364,0.0071115900221848,0.00129839275829309,0.0106778219769449,0.0159888446897278,0,0.0299999999999727,0.95
"vertebral_column_3classes","sparsified","kmeans",3,"adjusted_rand_index",30,0.214773224181461,0,0,0.214773224181461,0.214773224181461,0.214773224181461,0.214773224181461,0.95
"vertebral_column_3classes","sparsified","kmeans",3,"clustering_accuracy",30,0.474193548387097,0,0,0.474193548387097,0.474193548387097,0.474193548387097,0.474193548387097,0.95
"vertebral_column_3classes","sparsified","kmeans",3,"purity",30,0.661290322580645,0,0,0.661290322580645,0.661290322580645,0.661290322580645,0.661290322580645,0.95
"vertebral_column_3classes","sparsified","kmeans",3,"silhouette",30,0.125255540687928,0,0,0.125255540687928,0.125255540687928,0.125255540687928,0.125255540687928,0.95
"vertebral_column_3classes","sparsified","kmeans",3,"normalized_mutual_information",30,0.291859820456164,3.71666066485413e-17,6.78566294910919e-18,0.291859820456164,0.291859820456164,0.291859820456164,0.291859820456164,0.95
"vertebral_column_3classes","sparsified","kmeans",3,"davies_bouldin",30,2.44473887685789,0,0,2.44473887685789,2.44473887685789,2.44473887685789,2.44473887685789,0.95
"vertebral_column_3classes","sparsified","kmeans",3,"calinski_harabasz",30,39.8274923325522,3.95833420818658e-15,7.22689645322714e-16,39.8274923325522,39.8274923325522,39.8274923325522,39.8274923325522,0.95
"vertebral_column_3classes","sparsified","kmeans",3,"total_withinss",30,5888.22617138103,0,0,5888.22617138103,5888.22617138103,5888.22617138103,5888.22617138103,0.95
"vertebral_column_3classes","sparsified","kmeans",3,"runtime_sec",30,0.0279999999999973,0.00924755326446788,0.00168836450822653,0.0245469068610476,0.031453093138947,0.00999999999999091,0.0400000000000773,0.95
"wholesale_customers","original","kmeans",3,"adjusted_rand_index",30,-0.0102816059713854,0,0,-0.0102816059713854,-0.0102816059713854,-0.0102816059713854,-0.0102816059713854,0.95
"wholesale_customers","original","kmeans",3,"clustering_accuracy",30,0.518181818181818,0,0,0.518181818181818,0.518181818181818,0.518181818181818,0.518181818181818,0.95
"wholesale_customers","original","kmeans",3,"purity",30,0.718181818181818,0,0,0.718181818181818,0.718181818181818,0.718181818181818,0.718181818181818,0.95
"wholesale_customers","original","kmeans",3,"silhouette",30,0.442915492046339,0,0,0.442915492046339,0.442915492046339,0.442915492046339,0.442915492046339,0.95
"wholesale_customers","original","kmeans",3,"normalized_mutual_information",30,0.00706686668698281,1.18358142595957e-18,2.16091415214063e-19,0.00706686668698281,0.00706686668698281,0.00706686668698281,0.00706686668698281,0.95
"wholesale_customers","original","kmeans",3,"davies_bouldin",30,1.14646617147803,0,0,1.14646617147803,1.14646617147803,1.14646617147803,1.14646617147803,0.95
"wholesale_customers","original","kmeans",3,"calinski_harabasz",30,175.115129210211,0,0,175.115129210211,175.115129210211,175.115129210211,175.115129210211,0.95
"wholesale_customers","original","kmeans",3,"total_withinss",30,1705.85541604375,0,0,1705.85541604375,1705.85541604375,1705.85541604375,1705.85541604375,0.95
"wholesale_customers","original","kmeans",3,"runtime_sec",30,0.00900000000000318,0.00922889017125726,0.00168495710917844,0.00555387577458921,0.0124461242254172,0,0.0200000000000955,0.95
"wholesale_customers","sparsified","kmeans",3,"adjusted_rand_index",30,-0.0100969302190176,0,0,-0.0100969302190176,-0.0100969302190176,-0.0100969302190176,-0.0100969302190176,0.95
"wholesale_customers","sparsified","kmeans",3,"clustering_accuracy",30,0.390909090909091,0,0,0.390909090909091,0.390909090909091,0.390909090909091,0.390909090909091,0.95
"wholesale_customers","sparsified","kmeans",3,"purity",30,0.718181818181818,0,0,0.718181818181818,0.718181818181818,0.718181818181818,0.718181818181818,0.95
"wholesale_customers","sparsified","kmeans",3,"silhouette",30,0.110861746140904,0,0,0.110861746140904,0.110861746140904,0.110861746140904,0.110861746140904,0.95
"wholesale_customers","sparsified","kmeans",3,"normalized_mutual_information",30,0.00566381392757097,1.10420622250485e-18,2.01599552067825e-19,0.00566381392757097,0.00566381392757097,0.00566381392757097,0.00566381392757097,0.95
"wholesale_customers","sparsified","kmeans",3,"davies_bouldin",30,2.63868939616371,0,0,2.63868939616371,2.63868939616371,2.63868939616371,2.63868939616371,0.95
"wholesale_customers","sparsified","kmeans",3,"calinski_harabasz",30,44.1622432835413,0,0,44.1622432835413,44.1622432835413,44.1622432835413,44.1622432835413,0.95
"wholesale_customers","sparsified","kmeans",3,"total_withinss",30,9129.73813831085,0,0,9129.73813831085,9129.73813831085,9129.73813831085,9129.73813831085,0.95
"wholesale_customers","sparsified","kmeans",3,"runtime_sec",30,0.0220000000000065,0.00996545758245389,0.0018194353045903,0.0182788369831157,0.0257211630168973,0.00999999999999091,0.0399999999999636,0.95
"wine","original","kmeans",3,"adjusted_rand_index",30,0.897494981509321,0,0,0.897494981509321,0.897494981509321,0.897494981509321,0.897494981509321,0.95
"wine","original","kmeans",3,"clustering_accuracy",30,0.966292134831461,0,0,0.966292134831461,0.966292134831461,0.966292134831461,0.966292134831461,0.95
"wine","original","kmeans",3,"purity",30,0.966292134831461,0,0,0.966292134831461,0.966292134831461,0.966292134831461,0.966292134831461,0.95
"wine","original","kmeans",3,"silhouette",30,0.284858919189899,0,0,0.284858919189899,0.284858919189899,0.284858919189899,0.284858919189899,0.95
"wine","original","kmeans",3,"normalized_mutual_information",30,0.875898467540787,6.18489720029153e-17,1.12920257081674e-17,0.875898467540787,0.875898467540787,0.875898467540787,0.875898467540787,0.95
"wine","original","kmeans",3,"davies_bouldin",30,1.38918797771816,0,0,1.38918797771816,1.38918797771816,1.38918797771816,1.38918797771816,0.95
"wine","original","kmeans",3,"calinski_harabasz",30,70.9400080031512,7.91666841637316e-15,1.44537929064543e-15,70.9400080031512,70.9400080031512,70.9400080031512,70.9400080031512,0.95
"wine","original","kmeans",3,"total_withinss",30,1270.74911531181,0,0,1270.74911531181,1270.74911531181,1270.74911531181,1270.74911531181,0.95
"wine","original","kmeans",3,"runtime_sec",30,0.00899999999999939,0.00922889017125684,0.00168495710917836,0.00555387577458558,0.0124461242254132,0,0.0200000000000955,0.95
"wine","sparsified","kmeans",3,"adjusted_rand_index",30,0.914879596066953,0,0,0.914879596066953,0.914879596066953,0.914879596066953,0.914879596066953,0.95
"wine","sparsified","kmeans",3,"clustering_accuracy",30,0.971910112359551,0,0,0.971910112359551,0.971910112359551,0.971910112359551,0.971910112359551,0.95
"wine","sparsified","kmeans",3,"purity",30,0.971910112359551,0,0,0.971910112359551,0.971910112359551,0.971910112359551,0.971910112359551,0.95
"wine","sparsified","kmeans",3,"silhouette",30,0.116660338412682,0,0,0.116660338412682,0.116660338412682,0.116660338412682,0.116660338412682,0.95
"wine","sparsified","kmeans",3,"normalized_mutual_information",30,0.892589719352039,1.12920257081674e-16,2.06163240009718e-17,0.892589719352039,0.892589719352039,0.892589719352039,0.89258971935204,0.95
"wine","sparsified","kmeans",3,"davies_bouldin",30,2.64120003064106,0,0,2.64120003064106,2.64120003064106,2.64120003064106,2.64120003064106,0.95
"wine","sparsified","kmeans",3,"calinski_harabasz",30,19.750873933982,1.97916710409329e-15,3.61344822661357e-16,19.750873933982,19.750873933982,19.750873933982,19.750873933982,0.95
"wine","sparsified","kmeans",3,"total_withinss",30,7509.02972124721,0,0,7509.02972124721,7509.02972124721,7509.02972124721,7509.02972124721,0.95
"wine","sparsified","kmeans",3,"runtime_sec",30,0.0219999999999989,0.00961320930301194,0.00175512386175939,0.0184103686523142,0.0255896313476837,0.00999999999999091,0.0399999999999636,0.95
